[2025-02-01 04:07:21,624] INFO Registered kafka:type=kafka.Log4jController MBean (kafka.utils.Log4jControllerRegistration$)
[2025-02-01 04:07:22,279] INFO Setting -D jdk.tls.rejectClientInitiatedRenegotiation=true to disable client-initiated TLS renegotiation (org.apache.zookeeper.common.X509Util)
[2025-02-01 04:07:22,459] INFO Registered signal handlers for TERM, INT, HUP (org.apache.kafka.common.utils.LoggingSignalHandler)
[2025-02-01 04:07:22,463] INFO starting (kafka.server.KafkaServer)
[2025-02-01 04:07:22,464] INFO Connecting to zookeeper on localhost:2181 (kafka.server.KafkaServer)
[2025-02-01 04:07:22,527] INFO [ZooKeeperClient Kafka server] Initializing a new session to localhost:2181. (kafka.zookeeper.ZooKeeperClient)
[2025-02-01 04:07:22,539] INFO Client environment:zookeeper.version=3.6.4--d65253dcf68e9097c6e95a126463fd5fdeb4521c, built on 12/18/2022 18:10 GMT (org.apache.zookeeper.ZooKeeper)
[2025-02-01 04:07:22,540] INFO Client environment:host.name=master (org.apache.zookeeper.ZooKeeper)
[2025-02-01 04:07:22,540] INFO Client environment:java.version=1.8.0_412 (org.apache.zookeeper.ZooKeeper)
[2025-02-01 04:07:22,540] INFO Client environment:java.vendor=Red Hat, Inc. (org.apache.zookeeper.ZooKeeper)
[2025-02-01 04:07:22,540] INFO Client environment:java.home=/usr/lib/jvm/java-1.8.0-openjdk-1.8.0.412.b08-1.el7_9.x86_64/jre (org.apache.zookeeper.ZooKeeper)
[2025-02-01 04:07:22,541] INFO Client environment:java.class.path=/root/kafka_2.12-3.4.1/bin/../libs/activation-1.1.1.jar:/root/kafka_2.12-3.4.1/bin/../libs/aopalliance-repackaged-2.6.1.jar:/root/kafka_2.12-3.4.1/bin/../libs/argparse4j-0.7.0.jar:/root/kafka_2.12-3.4.1/bin/../libs/audience-annotations-0.13.0.jar:/root/kafka_2.12-3.4.1/bin/../libs/commons-cli-1.4.jar:/root/kafka_2.12-3.4.1/bin/../libs/commons-lang3-3.8.1.jar:/root/kafka_2.12-3.4.1/bin/../libs/connect-api-3.4.1.jar:/root/kafka_2.12-3.4.1/bin/../libs/connect-basic-auth-extension-3.4.1.jar:/root/kafka_2.12-3.4.1/bin/../libs/connect-json-3.4.1.jar:/root/kafka_2.12-3.4.1/bin/../libs/connect-mirror-3.4.1.jar:/root/kafka_2.12-3.4.1/bin/../libs/connect-mirror-client-3.4.1.jar:/root/kafka_2.12-3.4.1/bin/../libs/connect-runtime-3.4.1.jar:/root/kafka_2.12-3.4.1/bin/../libs/connect-transforms-3.4.1.jar:/root/kafka_2.12-3.4.1/bin/../libs/hk2-api-2.6.1.jar:/root/kafka_2.12-3.4.1/bin/../libs/hk2-locator-2.6.1.jar:/root/kafka_2.12-3.4.1/bin/../libs/hk2-utils-2.6.1.jar:/root/kafka_2.12-3.4.1/bin/../libs/jackson-annotations-2.13.5.jar:/root/kafka_2.12-3.4.1/bin/../libs/jackson-core-2.13.5.jar:/root/kafka_2.12-3.4.1/bin/../libs/jackson-databind-2.13.5.jar:/root/kafka_2.12-3.4.1/bin/../libs/jackson-dataformat-csv-2.13.5.jar:/root/kafka_2.12-3.4.1/bin/../libs/jackson-datatype-jdk8-2.13.5.jar:/root/kafka_2.12-3.4.1/bin/../libs/jackson-jaxrs-base-2.13.5.jar:/root/kafka_2.12-3.4.1/bin/../libs/jackson-jaxrs-json-provider-2.13.5.jar:/root/kafka_2.12-3.4.1/bin/../libs/jackson-module-jaxb-annotations-2.13.5.jar:/root/kafka_2.12-3.4.1/bin/../libs/jackson-module-scala_2.12-2.13.5.jar:/root/kafka_2.12-3.4.1/bin/../libs/jakarta.activation-api-1.2.2.jar:/root/kafka_2.12-3.4.1/bin/../libs/jakarta.annotation-api-1.3.5.jar:/root/kafka_2.12-3.4.1/bin/../libs/jakarta.inject-2.6.1.jar:/root/kafka_2.12-3.4.1/bin/../libs/jakarta.validation-api-2.0.2.jar:/root/kafka_2.12-3.4.1/bin/../libs/jakarta.ws.rs-api-2.1.6.jar:/root/kafka_2.12-3.4.1/bin/../libs/jakarta.xml.bind-api-2.3.3.jar:/root/kafka_2.12-3.4.1/bin/../libs/javassist-3.29.2-GA.jar:/root/kafka_2.12-3.4.1/bin/../libs/javax.activation-api-1.2.0.jar:/root/kafka_2.12-3.4.1/bin/../libs/javax.annotation-api-1.3.2.jar:/root/kafka_2.12-3.4.1/bin/../libs/javax.servlet-api-3.1.0.jar:/root/kafka_2.12-3.4.1/bin/../libs/javax.ws.rs-api-2.1.1.jar:/root/kafka_2.12-3.4.1/bin/../libs/jaxb-api-2.3.1.jar:/root/kafka_2.12-3.4.1/bin/../libs/jersey-client-2.39.1.jar:/root/kafka_2.12-3.4.1/bin/../libs/jersey-common-2.39.1.jar:/root/kafka_2.12-3.4.1/bin/../libs/jersey-container-servlet-2.39.1.jar:/root/kafka_2.12-3.4.1/bin/../libs/jersey-container-servlet-core-2.39.1.jar:/root/kafka_2.12-3.4.1/bin/../libs/jersey-hk2-2.39.1.jar:/root/kafka_2.12-3.4.1/bin/../libs/jersey-server-2.39.1.jar:/root/kafka_2.12-3.4.1/bin/../libs/jetty-client-9.4.51.v20230217.jar:/root/kafka_2.12-3.4.1/bin/../libs/jetty-continuation-9.4.51.v20230217.jar:/root/kafka_2.12-3.4.1/bin/../libs/jetty-http-9.4.51.v20230217.jar:/root/kafka_2.12-3.4.1/bin/../libs/jetty-io-9.4.51.v20230217.jar:/root/kafka_2.12-3.4.1/bin/../libs/jetty-security-9.4.51.v20230217.jar:/root/kafka_2.12-3.4.1/bin/../libs/jetty-server-9.4.51.v20230217.jar:/root/kafka_2.12-3.4.1/bin/../libs/jetty-servlet-9.4.51.v20230217.jar:/root/kafka_2.12-3.4.1/bin/../libs/jetty-servlets-9.4.51.v20230217.jar:/root/kafka_2.12-3.4.1/bin/../libs/jetty-util-9.4.51.v20230217.jar:/root/kafka_2.12-3.4.1/bin/../libs/jetty-util-ajax-9.4.51.v20230217.jar:/root/kafka_2.12-3.4.1/bin/../libs/jline-3.22.0.jar:/root/kafka_2.12-3.4.1/bin/../libs/jopt-simple-5.0.4.jar:/root/kafka_2.12-3.4.1/bin/../libs/jose4j-0.9.3.jar:/root/kafka_2.12-3.4.1/bin/../libs/kafka_2.12-3.4.1.jar:/root/kafka_2.12-3.4.1/bin/../libs/kafka-clients-3.4.1.jar:/root/kafka_2.12-3.4.1/bin/../libs/kafka-group-coordinator-3.4.1.jar:/root/kafka_2.12-3.4.1/bin/../libs/kafka-log4j-appender-3.4.1.jar:/root/kafka_2.12-3.4.1/bin/../libs/kafka-metadata-3.4.1.jar:/root/kafka_2.12-3.4.1/bin/../libs/kafka-raft-3.4.1.jar:/root/kafka_2.12-3.4.1/bin/../libs/kafka-server-common-3.4.1.jar:/root/kafka_2.12-3.4.1/bin/../libs/kafka-shell-3.4.1.jar:/root/kafka_2.12-3.4.1/bin/../libs/kafka-storage-3.4.1.jar:/root/kafka_2.12-3.4.1/bin/../libs/kafka-storage-api-3.4.1.jar:/root/kafka_2.12-3.4.1/bin/../libs/kafka-streams-3.4.1.jar:/root/kafka_2.12-3.4.1/bin/../libs/kafka-streams-examples-3.4.1.jar:/root/kafka_2.12-3.4.1/bin/../libs/kafka-streams-scala_2.12-3.4.1.jar:/root/kafka_2.12-3.4.1/bin/../libs/kafka-streams-test-utils-3.4.1.jar:/root/kafka_2.12-3.4.1/bin/../libs/kafka-tools-3.4.1.jar:/root/kafka_2.12-3.4.1/bin/../libs/lz4-java-1.8.0.jar:/root/kafka_2.12-3.4.1/bin/../libs/maven-artifact-3.8.4.jar:/root/kafka_2.12-3.4.1/bin/../libs/metrics-core-2.2.0.jar:/root/kafka_2.12-3.4.1/bin/../libs/metrics-core-4.1.12.1.jar:/root/kafka_2.12-3.4.1/bin/../libs/netty-buffer-4.1.92.Final.jar:/root/kafka_2.12-3.4.1/bin/../libs/netty-codec-4.1.92.Final.jar:/root/kafka_2.12-3.4.1/bin/../libs/netty-common-4.1.92.Final.jar:/root/kafka_2.12-3.4.1/bin/../libs/netty-handler-4.1.92.Final.jar:/root/kafka_2.12-3.4.1/bin/../libs/netty-resolver-4.1.92.Final.jar:/root/kafka_2.12-3.4.1/bin/../libs/netty-transport-4.1.92.Final.jar:/root/kafka_2.12-3.4.1/bin/../libs/netty-transport-classes-epoll-4.1.92.Final.jar:/root/kafka_2.12-3.4.1/bin/../libs/netty-transport-native-epoll-4.1.92.Final.jar:/root/kafka_2.12-3.4.1/bin/../libs/netty-transport-native-unix-common-4.1.92.Final.jar:/root/kafka_2.12-3.4.1/bin/../libs/osgi-resource-locator-1.0.3.jar:/root/kafka_2.12-3.4.1/bin/../libs/paranamer-2.8.jar:/root/kafka_2.12-3.4.1/bin/../libs/plexus-utils-3.3.0.jar:/root/kafka_2.12-3.4.1/bin/../libs/reflections-0.9.12.jar:/root/kafka_2.12-3.4.1/bin/../libs/reload4j-1.2.25.jar:/root/kafka_2.12-3.4.1/bin/../libs/rocksdbjni-7.1.2.jar:/root/kafka_2.12-3.4.1/bin/../libs/scala-collection-compat_2.12-2.10.0.jar:/root/kafka_2.12-3.4.1/bin/../libs/scala-java8-compat_2.12-1.0.2.jar:/root/kafka_2.12-3.4.1/bin/../libs/scala-library-2.12.15.jar:/root/kafka_2.12-3.4.1/bin/../libs/scala-logging_2.12-3.9.4.jar:/root/kafka_2.12-3.4.1/bin/../libs/scala-reflect-2.12.15.jar:/root/kafka_2.12-3.4.1/bin/../libs/slf4j-api-1.7.36.jar:/root/kafka_2.12-3.4.1/bin/../libs/slf4j-reload4j-1.7.36.jar:/root/kafka_2.12-3.4.1/bin/../libs/snappy-java-1.1.8.4.jar:/root/kafka_2.12-3.4.1/bin/../libs/swagger-annotations-2.2.0.jar:/root/kafka_2.12-3.4.1/bin/../libs/trogdor-3.4.1.jar:/root/kafka_2.12-3.4.1/bin/../libs/zookeeper-3.6.4.jar:/root/kafka_2.12-3.4.1/bin/../libs/zookeeper-jute-3.6.4.jar:/root/kafka_2.12-3.4.1/bin/../libs/zstd-jni-1.5.2-1.jar (org.apache.zookeeper.ZooKeeper)
[2025-02-01 04:07:22,541] INFO Client environment:java.library.path=/usr/java/packages/lib/amd64:/usr/lib64:/lib64:/lib:/usr/lib (org.apache.zookeeper.ZooKeeper)
[2025-02-01 04:07:22,542] INFO Client environment:java.io.tmpdir=/tmp (org.apache.zookeeper.ZooKeeper)
[2025-02-01 04:07:22,542] INFO Client environment:java.compiler=<NA> (org.apache.zookeeper.ZooKeeper)
[2025-02-01 04:07:22,542] INFO Client environment:os.name=Linux (org.apache.zookeeper.ZooKeeper)
[2025-02-01 04:07:22,542] INFO Client environment:os.arch=amd64 (org.apache.zookeeper.ZooKeeper)
[2025-02-01 04:07:22,543] INFO Client environment:os.version=3.10.0-1160.119.1.el7.x86_64 (org.apache.zookeeper.ZooKeeper)
[2025-02-01 04:07:22,543] INFO Client environment:user.name=root (org.apache.zookeeper.ZooKeeper)
[2025-02-01 04:07:22,543] INFO Client environment:user.home=/root (org.apache.zookeeper.ZooKeeper)
[2025-02-01 04:07:22,543] INFO Client environment:user.dir=/usr/local/go_project/w-book (org.apache.zookeeper.ZooKeeper)
[2025-02-01 04:07:22,543] INFO Client environment:os.memory.free=1012MB (org.apache.zookeeper.ZooKeeper)
[2025-02-01 04:07:22,543] INFO Client environment:os.memory.max=1024MB (org.apache.zookeeper.ZooKeeper)
[2025-02-01 04:07:22,543] INFO Client environment:os.memory.total=1024MB (org.apache.zookeeper.ZooKeeper)
[2025-02-01 04:07:22,549] INFO Initiating client connection, connectString=localhost:2181 sessionTimeout=18000 watcher=kafka.zookeeper.ZooKeeperClient$ZooKeeperClientWatcher$@206a70ef (org.apache.zookeeper.ZooKeeper)
[2025-02-01 04:07:22,561] INFO jute.maxbuffer value is 4194304 Bytes (org.apache.zookeeper.ClientCnxnSocket)
[2025-02-01 04:07:22,576] INFO zookeeper.request.timeout value is 0. feature enabled=false (org.apache.zookeeper.ClientCnxn)
[2025-02-01 04:07:22,582] INFO Opening socket connection to server localhost/127.0.0.1:2181. (org.apache.zookeeper.ClientCnxn)
[2025-02-01 04:07:22,582] INFO [ZooKeeperClient Kafka server] Waiting until connected. (kafka.zookeeper.ZooKeeperClient)
[2025-02-01 04:07:22,598] INFO Socket connection established, initiating session, client: /127.0.0.1:57320, server: localhost/127.0.0.1:2181 (org.apache.zookeeper.ClientCnxn)
[2025-02-01 04:07:22,617] INFO Session establishment complete on server localhost/127.0.0.1:2181, session id = 0x19373015786000e, negotiated timeout = 18000 (org.apache.zookeeper.ClientCnxn)
[2025-02-01 04:07:22,625] INFO [ZooKeeperClient Kafka server] Connected. (kafka.zookeeper.ZooKeeperClient)
[2025-02-01 04:07:23,057] INFO Cluster ID = WWmjVCoZQ-qMOdEO8v09rQ (kafka.server.KafkaServer)
[2025-02-01 04:07:23,063] WARN No meta.properties file under dir /tmp/kafka-logs/meta.properties (kafka.server.BrokerMetadataCheckpoint)
[2025-02-01 04:07:23,176] INFO KafkaConfig values: 
	advertised.listeners = null
	alter.config.policy.class.name = null
	alter.log.dirs.replication.quota.window.num = 11
	alter.log.dirs.replication.quota.window.size.seconds = 1
	authorizer.class.name = 
	auto.create.topics.enable = true
	auto.include.jmx.reporter = true
	auto.leader.rebalance.enable = true
	background.threads = 10
	broker.heartbeat.interval.ms = 2000
	broker.id = 0
	broker.id.generation.enable = true
	broker.rack = null
	broker.session.timeout.ms = 9000
	client.quota.callback.class = null
	compression.type = producer
	connection.failed.authentication.delay.ms = 100
	connections.max.idle.ms = 600000
	connections.max.reauth.ms = 0
	control.plane.listener.name = null
	controlled.shutdown.enable = true
	controlled.shutdown.max.retries = 3
	controlled.shutdown.retry.backoff.ms = 5000
	controller.listener.names = null
	controller.quorum.append.linger.ms = 25
	controller.quorum.election.backoff.max.ms = 1000
	controller.quorum.election.timeout.ms = 1000
	controller.quorum.fetch.timeout.ms = 2000
	controller.quorum.request.timeout.ms = 2000
	controller.quorum.retry.backoff.ms = 20
	controller.quorum.voters = []
	controller.quota.window.num = 11
	controller.quota.window.size.seconds = 1
	controller.socket.timeout.ms = 30000
	create.topic.policy.class.name = null
	default.replication.factor = 1
	delegation.token.expiry.check.interval.ms = 3600000
	delegation.token.expiry.time.ms = 86400000
	delegation.token.master.key = null
	delegation.token.max.lifetime.ms = 604800000
	delegation.token.secret.key = null
	delete.records.purgatory.purge.interval.requests = 1
	delete.topic.enable = true
	early.start.listeners = null
	fetch.max.bytes = 57671680
	fetch.purgatory.purge.interval.requests = 1000
	group.initial.rebalance.delay.ms = 0
	group.max.session.timeout.ms = 1800000
	group.max.size = 2147483647
	group.min.session.timeout.ms = 6000
	initial.broker.registration.timeout.ms = 60000
	inter.broker.listener.name = null
	inter.broker.protocol.version = 3.4-IV0
	kafka.metrics.polling.interval.secs = 10
	kafka.metrics.reporters = []
	leader.imbalance.check.interval.seconds = 300
	leader.imbalance.per.broker.percentage = 10
	listener.security.protocol.map = PLAINTEXT:PLAINTEXT,SSL:SSL,SASL_PLAINTEXT:SASL_PLAINTEXT,SASL_SSL:SASL_SSL
	listeners = PLAINTEXT://192.168.126.100:9092
	log.cleaner.backoff.ms = 15000
	log.cleaner.dedupe.buffer.size = 134217728
	log.cleaner.delete.retention.ms = 86400000
	log.cleaner.enable = true
	log.cleaner.io.buffer.load.factor = 0.9
	log.cleaner.io.buffer.size = 524288
	log.cleaner.io.max.bytes.per.second = 1.7976931348623157E308
	log.cleaner.max.compaction.lag.ms = 9223372036854775807
	log.cleaner.min.cleanable.ratio = 0.5
	log.cleaner.min.compaction.lag.ms = 0
	log.cleaner.threads = 1
	log.cleanup.policy = [delete]
	log.dir = /tmp/kafka-logs
	log.dirs = /tmp/kafka-logs
	log.flush.interval.messages = 9223372036854775807
	log.flush.interval.ms = null
	log.flush.offset.checkpoint.interval.ms = 60000
	log.flush.scheduler.interval.ms = 9223372036854775807
	log.flush.start.offset.checkpoint.interval.ms = 60000
	log.index.interval.bytes = 4096
	log.index.size.max.bytes = 10485760
	log.message.downconversion.enable = true
	log.message.format.version = 3.0-IV1
	log.message.timestamp.difference.max.ms = 9223372036854775807
	log.message.timestamp.type = CreateTime
	log.preallocate = false
	log.retention.bytes = -1
	log.retention.check.interval.ms = 300000
	log.retention.hours = 168
	log.retention.minutes = null
	log.retention.ms = null
	log.roll.hours = 168
	log.roll.jitter.hours = 0
	log.roll.jitter.ms = null
	log.roll.ms = null
	log.segment.bytes = 1073741824
	log.segment.delete.delay.ms = 60000
	max.connection.creation.rate = 2147483647
	max.connections = 2147483647
	max.connections.per.ip = 2147483647
	max.connections.per.ip.overrides = 
	max.incremental.fetch.session.cache.slots = 1000
	message.max.bytes = 1048588
	metadata.log.dir = null
	metadata.log.max.record.bytes.between.snapshots = 20971520
	metadata.log.max.snapshot.interval.ms = 3600000
	metadata.log.segment.bytes = 1073741824
	metadata.log.segment.min.bytes = 8388608
	metadata.log.segment.ms = 604800000
	metadata.max.idle.interval.ms = 500
	metadata.max.retention.bytes = 104857600
	metadata.max.retention.ms = 604800000
	metric.reporters = []
	metrics.num.samples = 2
	metrics.recording.level = INFO
	metrics.sample.window.ms = 30000
	min.insync.replicas = 1
	node.id = 0
	num.io.threads = 8
	num.network.threads = 3
	num.partitions = 1
	num.recovery.threads.per.data.dir = 1
	num.replica.alter.log.dirs.threads = null
	num.replica.fetchers = 1
	offset.metadata.max.bytes = 4096
	offsets.commit.required.acks = -1
	offsets.commit.timeout.ms = 5000
	offsets.load.buffer.size = 5242880
	offsets.retention.check.interval.ms = 600000
	offsets.retention.minutes = 10080
	offsets.topic.compression.codec = 0
	offsets.topic.num.partitions = 50
	offsets.topic.replication.factor = 1
	offsets.topic.segment.bytes = 104857600
	password.encoder.cipher.algorithm = AES/CBC/PKCS5Padding
	password.encoder.iterations = 4096
	password.encoder.key.length = 128
	password.encoder.keyfactory.algorithm = null
	password.encoder.old.secret = null
	password.encoder.secret = null
	principal.builder.class = class org.apache.kafka.common.security.authenticator.DefaultKafkaPrincipalBuilder
	process.roles = []
	producer.id.expiration.check.interval.ms = 600000
	producer.id.expiration.ms = 86400000
	producer.purgatory.purge.interval.requests = 1000
	queued.max.request.bytes = -1
	queued.max.requests = 500
	quota.window.num = 11
	quota.window.size.seconds = 1
	remote.log.index.file.cache.total.size.bytes = 1073741824
	remote.log.manager.task.interval.ms = 30000
	remote.log.manager.task.retry.backoff.max.ms = 30000
	remote.log.manager.task.retry.backoff.ms = 500
	remote.log.manager.task.retry.jitter = 0.2
	remote.log.manager.thread.pool.size = 10
	remote.log.metadata.manager.class.name = null
	remote.log.metadata.manager.class.path = null
	remote.log.metadata.manager.impl.prefix = null
	remote.log.metadata.manager.listener.name = null
	remote.log.reader.max.pending.tasks = 100
	remote.log.reader.threads = 10
	remote.log.storage.manager.class.name = null
	remote.log.storage.manager.class.path = null
	remote.log.storage.manager.impl.prefix = null
	remote.log.storage.system.enable = false
	replica.fetch.backoff.ms = 1000
	replica.fetch.max.bytes = 1048576
	replica.fetch.min.bytes = 1
	replica.fetch.response.max.bytes = 10485760
	replica.fetch.wait.max.ms = 500
	replica.high.watermark.checkpoint.interval.ms = 5000
	replica.lag.time.max.ms = 30000
	replica.selector.class = null
	replica.socket.receive.buffer.bytes = 65536
	replica.socket.timeout.ms = 30000
	replication.quota.window.num = 11
	replication.quota.window.size.seconds = 1
	request.timeout.ms = 30000
	reserved.broker.max.id = 1000
	sasl.client.callback.handler.class = null
	sasl.enabled.mechanisms = [GSSAPI]
	sasl.jaas.config = null
	sasl.kerberos.kinit.cmd = /usr/bin/kinit
	sasl.kerberos.min.time.before.relogin = 60000
	sasl.kerberos.principal.to.local.rules = [DEFAULT]
	sasl.kerberos.service.name = null
	sasl.kerberos.ticket.renew.jitter = 0.05
	sasl.kerberos.ticket.renew.window.factor = 0.8
	sasl.login.callback.handler.class = null
	sasl.login.class = null
	sasl.login.connect.timeout.ms = null
	sasl.login.read.timeout.ms = null
	sasl.login.refresh.buffer.seconds = 300
	sasl.login.refresh.min.period.seconds = 60
	sasl.login.refresh.window.factor = 0.8
	sasl.login.refresh.window.jitter = 0.05
	sasl.login.retry.backoff.max.ms = 10000
	sasl.login.retry.backoff.ms = 100
	sasl.mechanism.controller.protocol = GSSAPI
	sasl.mechanism.inter.broker.protocol = GSSAPI
	sasl.oauthbearer.clock.skew.seconds = 30
	sasl.oauthbearer.expected.audience = null
	sasl.oauthbearer.expected.issuer = null
	sasl.oauthbearer.jwks.endpoint.refresh.ms = 3600000
	sasl.oauthbearer.jwks.endpoint.retry.backoff.max.ms = 10000
	sasl.oauthbearer.jwks.endpoint.retry.backoff.ms = 100
	sasl.oauthbearer.jwks.endpoint.url = null
	sasl.oauthbearer.scope.claim.name = scope
	sasl.oauthbearer.sub.claim.name = sub
	sasl.oauthbearer.token.endpoint.url = null
	sasl.server.callback.handler.class = null
	sasl.server.max.receive.size = 524288
	security.inter.broker.protocol = PLAINTEXT
	security.providers = null
	socket.connection.setup.timeout.max.ms = 30000
	socket.connection.setup.timeout.ms = 10000
	socket.listen.backlog.size = 50
	socket.receive.buffer.bytes = 102400
	socket.request.max.bytes = 104857600
	socket.send.buffer.bytes = 102400
	ssl.cipher.suites = []
	ssl.client.auth = none
	ssl.enabled.protocols = [TLSv1.2]
	ssl.endpoint.identification.algorithm = https
	ssl.engine.factory.class = null
	ssl.key.password = null
	ssl.keymanager.algorithm = SunX509
	ssl.keystore.certificate.chain = null
	ssl.keystore.key = null
	ssl.keystore.location = null
	ssl.keystore.password = null
	ssl.keystore.type = JKS
	ssl.principal.mapping.rules = DEFAULT
	ssl.protocol = TLSv1.2
	ssl.provider = null
	ssl.secure.random.implementation = null
	ssl.trustmanager.algorithm = PKIX
	ssl.truststore.certificates = null
	ssl.truststore.location = null
	ssl.truststore.password = null
	ssl.truststore.type = JKS
	transaction.abort.timed.out.transaction.cleanup.interval.ms = 10000
	transaction.max.timeout.ms = 900000
	transaction.remove.expired.transaction.cleanup.interval.ms = 3600000
	transaction.state.log.load.buffer.size = 5242880
	transaction.state.log.min.isr = 1
	transaction.state.log.num.partitions = 50
	transaction.state.log.replication.factor = 1
	transaction.state.log.segment.bytes = 104857600
	transactional.id.expiration.ms = 604800000
	unclean.leader.election.enable = false
	zookeeper.clientCnxnSocket = null
	zookeeper.connect = localhost:2181
	zookeeper.connection.timeout.ms = 18000
	zookeeper.max.in.flight.requests = 10
	zookeeper.metadata.migration.enable = false
	zookeeper.session.timeout.ms = 18000
	zookeeper.set.acl = false
	zookeeper.ssl.cipher.suites = null
	zookeeper.ssl.client.enable = false
	zookeeper.ssl.crl.enable = false
	zookeeper.ssl.enabled.protocols = null
	zookeeper.ssl.endpoint.identification.algorithm = HTTPS
	zookeeper.ssl.keystore.location = null
	zookeeper.ssl.keystore.password = null
	zookeeper.ssl.keystore.type = null
	zookeeper.ssl.ocsp.enable = false
	zookeeper.ssl.protocol = TLSv1.2
	zookeeper.ssl.truststore.location = null
	zookeeper.ssl.truststore.password = null
	zookeeper.ssl.truststore.type = null
 (kafka.server.KafkaConfig)
[2025-02-01 04:07:23,249] INFO [ThrottledChannelReaper-Fetch]: Starting (kafka.server.ClientQuotaManager$ThrottledChannelReaper)
[2025-02-01 04:07:23,249] INFO [ThrottledChannelReaper-Produce]: Starting (kafka.server.ClientQuotaManager$ThrottledChannelReaper)
[2025-02-01 04:07:23,253] INFO [ThrottledChannelReaper-Request]: Starting (kafka.server.ClientQuotaManager$ThrottledChannelReaper)
[2025-02-01 04:07:23,259] INFO [ThrottledChannelReaper-ControllerMutation]: Starting (kafka.server.ClientQuotaManager$ThrottledChannelReaper)
[2025-02-01 04:07:23,344] INFO Loading logs from log dirs ArrayBuffer(/tmp/kafka-logs) (kafka.log.LogManager)
[2025-02-01 04:07:23,348] INFO Attempting recovery for all logs in /tmp/kafka-logs since no clean shutdown file was found (kafka.log.LogManager)
[2025-02-01 04:07:23,468] INFO [LogLoader partition=__consumer_offsets-37, dir=/tmp/kafka-logs] Recovering unflushed segment 3. 0/1 recovered for __consumer_offsets-37. (kafka.log.LogLoader)
[2025-02-01 04:07:23,470] INFO [LogLoader partition=__consumer_offsets-37, dir=/tmp/kafka-logs] Loading producer state till offset 3 with message format version 2 (kafka.log.UnifiedLog$)
[2025-02-01 04:07:23,472] INFO [LogLoader partition=__consumer_offsets-37, dir=/tmp/kafka-logs] Reloading from producer snapshot and rebuilding producer state from offset 3 (kafka.log.UnifiedLog$)
[2025-02-01 04:07:23,474] INFO [ProducerStateManager partition=__consumer_offsets-37] Loading producer state from snapshot file 'SnapshotFile(/tmp/kafka-logs/__consumer_offsets-37/00000000000000000003.snapshot,3)' (kafka.log.ProducerStateManager)
[2025-02-01 04:07:23,482] INFO [LogLoader partition=__consumer_offsets-37, dir=/tmp/kafka-logs] Producer state recovery took 10ms for snapshot load and 0ms for segment recovery from offset 3 (kafka.log.UnifiedLog$)
[2025-02-01 04:07:23,543] INFO [ProducerStateManager partition=__consumer_offsets-37] Wrote producer snapshot at offset 15 with 0 producer ids in 3 ms. (kafka.log.ProducerStateManager)
[2025-02-01 04:07:23,564] INFO [LogLoader partition=__consumer_offsets-37, dir=/tmp/kafka-logs] Loading producer state till offset 15 with message format version 2 (kafka.log.UnifiedLog$)
[2025-02-01 04:07:23,565] INFO [LogLoader partition=__consumer_offsets-37, dir=/tmp/kafka-logs] Reloading from producer snapshot and rebuilding producer state from offset 15 (kafka.log.UnifiedLog$)
[2025-02-01 04:07:23,565] INFO [ProducerStateManager partition=__consumer_offsets-37] Loading producer state from snapshot file 'SnapshotFile(/tmp/kafka-logs/__consumer_offsets-37/00000000000000000015.snapshot,15)' (kafka.log.ProducerStateManager)
[2025-02-01 04:07:23,565] INFO [LogLoader partition=__consumer_offsets-37, dir=/tmp/kafka-logs] Producer state recovery took 0ms for snapshot load and 0ms for segment recovery from offset 15 (kafka.log.UnifiedLog$)
[2025-02-01 04:07:23,597] INFO Completed load of Log(dir=/tmp/kafka-logs/__consumer_offsets-37, topic=__consumer_offsets, partition=37, highWatermark=0, lastStableOffset=0, logStartOffset=0, logEndOffset=15) with 2 segments in 215ms (1/1 completed in /tmp/kafka-logs) (kafka.log.LogManager)
[2025-02-01 04:07:23,606] INFO Loaded 1 logs in 262ms. (kafka.log.LogManager)
[2025-02-01 04:07:23,607] INFO Starting log cleanup with a period of 300000 ms. (kafka.log.LogManager)
[2025-02-01 04:07:23,609] INFO Starting log flusher with a default period of 9223372036854775807 ms. (kafka.log.LogManager)
[2025-02-01 04:07:23,773] INFO [feature-zk-node-event-process-thread]: Starting (kafka.server.FinalizedFeatureChangeListener$ChangeNotificationProcessorThread)
[2025-02-01 04:07:23,806] INFO [MetadataCache brokerId=0] Updated cache from existing <empty> to latest FinalizedFeaturesAndEpoch(features=Map(), epoch=0). (kafka.server.metadata.ZkMetadataCache)
[2025-02-01 04:07:23,874] INFO [BrokerToControllerChannelManager broker=0 name=forwarding]: Starting (kafka.server.BrokerToControllerRequestThread)
[2025-02-01 04:07:24,479] INFO Updated connection-accept-rate max connection creation rate to 2147483647 (kafka.network.ConnectionQuotas)
[2025-02-01 04:07:24,485] INFO Awaiting socket connections on 192.168.126.100:9092. (kafka.network.DataPlaneAcceptor)
[2025-02-01 04:07:24,549] INFO [SocketServer listenerType=ZK_BROKER, nodeId=0] Created data-plane acceptor and processors for endpoint : ListenerName(PLAINTEXT) (kafka.network.SocketServer)
[2025-02-01 04:07:24,560] INFO [BrokerToControllerChannelManager broker=0 name=alterPartition]: Starting (kafka.server.BrokerToControllerRequestThread)
[2025-02-01 04:07:24,595] INFO [ExpirationReaper-0-Produce]: Starting (kafka.server.DelayedOperationPurgatory$ExpiredOperationReaper)
[2025-02-01 04:07:24,596] INFO [ExpirationReaper-0-Fetch]: Starting (kafka.server.DelayedOperationPurgatory$ExpiredOperationReaper)
[2025-02-01 04:07:24,597] INFO [ExpirationReaper-0-DeleteRecords]: Starting (kafka.server.DelayedOperationPurgatory$ExpiredOperationReaper)
[2025-02-01 04:07:24,598] INFO [ExpirationReaper-0-ElectLeader]: Starting (kafka.server.DelayedOperationPurgatory$ExpiredOperationReaper)
[2025-02-01 04:07:24,622] INFO [LogDirFailureHandler]: Starting (kafka.server.ReplicaManager$LogDirFailureHandler)
[2025-02-01 04:07:24,702] INFO Creating /brokers/ids/0 (is it secure? false) (kafka.zk.KafkaZkClient)
[2025-02-01 04:07:24,731] INFO Stat of the created znode at /brokers/ids/0 is: 305,305,1738354044722,1738354044722,1,0,0,113560865214955534,214,0,305
 (kafka.zk.KafkaZkClient)
[2025-02-01 04:07:24,733] INFO Registered broker 0 at path /brokers/ids/0 with addresses: PLAINTEXT://192.168.126.100:9092, czxid (broker epoch): 305 (kafka.zk.KafkaZkClient)
[2025-02-01 04:07:24,840] INFO [ExpirationReaper-0-topic]: Starting (kafka.server.DelayedOperationPurgatory$ExpiredOperationReaper)
[2025-02-01 04:07:24,850] INFO [ExpirationReaper-0-Heartbeat]: Starting (kafka.server.DelayedOperationPurgatory$ExpiredOperationReaper)
[2025-02-01 04:07:24,852] INFO [ExpirationReaper-0-Rebalance]: Starting (kafka.server.DelayedOperationPurgatory$ExpiredOperationReaper)
[2025-02-01 04:07:24,878] INFO [GroupCoordinator 0]: Starting up. (kafka.coordinator.group.GroupCoordinator)
[2025-02-01 04:07:24,909] INFO [GroupCoordinator 0]: Startup complete. (kafka.coordinator.group.GroupCoordinator)
[2025-02-01 04:07:24,934] INFO [TransactionCoordinator id=0] Starting up. (kafka.coordinator.transaction.TransactionCoordinator)
[2025-02-01 04:07:24,938] INFO [Transaction Marker Channel Manager 0]: Starting (kafka.coordinator.transaction.TransactionMarkerChannelManager)
[2025-02-01 04:07:24,938] INFO [TransactionCoordinator id=0] Startup complete. (kafka.coordinator.transaction.TransactionCoordinator)
[2025-02-01 04:07:24,990] INFO [ExpirationReaper-0-AlterAcls]: Starting (kafka.server.DelayedOperationPurgatory$ExpiredOperationReaper)
[2025-02-01 04:07:25,029] INFO [/config/changes-event-process-thread]: Starting (kafka.common.ZkNodeChangeNotificationListener$ChangeEventProcessThread)
[2025-02-01 04:07:25,064] INFO [SocketServer listenerType=ZK_BROKER, nodeId=0] Enabling request processing. (kafka.network.SocketServer)
[2025-02-01 04:07:25,095] INFO Kafka version: 3.4.1 (org.apache.kafka.common.utils.AppInfoParser)
[2025-02-01 04:07:25,095] INFO Kafka commitId: 8a516edc2755df89 (org.apache.kafka.common.utils.AppInfoParser)
[2025-02-01 04:07:25,095] INFO Kafka startTimeMs: 1738354045085 (org.apache.kafka.common.utils.AppInfoParser)
[2025-02-01 04:07:25,098] INFO [KafkaServer id=0] started (kafka.server.KafkaServer)
[2025-02-01 04:07:25,170] INFO [BrokerToControllerChannelManager broker=0 name=alterPartition]: Recorded new controller, from now on will use node 192.168.126.100:9092 (id: 0 rack: null) (kafka.server.BrokerToControllerRequestThread)
[2025-02-01 04:07:25,193] INFO [BrokerToControllerChannelManager broker=0 name=forwarding]: Recorded new controller, from now on will use node 192.168.126.100:9092 (id: 0 rack: null) (kafka.server.BrokerToControllerRequestThread)
[2025-02-01 04:07:25,271] INFO [ReplicaFetcherManager on broker 0] Removed fetcher for partitions Set(__consumer_offsets-22, __consumer_offsets-30, __consumer_offsets-8, __consumer_offsets-21, __consumer_offsets-4, __consumer_offsets-27, __consumer_offsets-7, read-evt-topic-0, __consumer_offsets-9, __consumer_offsets-46, __consumer_offsets-25, __consumer_offsets-35, __consumer_offsets-41, __consumer_offsets-33, __consumer_offsets-23, __consumer_offsets-49, sms-topic-0, __consumer_offsets-47, __consumer_offsets-16, __consumer_offsets-28, __consumer_offsets-31, __consumer_offsets-36, __consumer_offsets-42, __consumer_offsets-3, __consumer_offsets-18, __consumer_offsets-37, __consumer_offsets-15, __consumer_offsets-24, __consumer_offsets-38, __consumer_offsets-17, __consumer_offsets-48, __consumer_offsets-19, __consumer_offsets-11, __consumer_offsets-13, __consumer_offsets-2, __consumer_offsets-43, __consumer_offsets-6, __consumer_offsets-14, create-evt-topic-0, __consumer_offsets-20, __consumer_offsets-0, __consumer_offsets-44, __consumer_offsets-39, __consumer_offsets-12, __consumer_offsets-45, __consumer_offsets-1, __consumer_offsets-5, __consumer_offsets-26, __consumer_offsets-29, __consumer_offsets-34, __consumer_offsets-10, __consumer_offsets-32, __consumer_offsets-40) (kafka.server.ReplicaFetcherManager)
[2025-02-01 04:07:25,303] INFO [LogLoader partition=__consumer_offsets-0, dir=/tmp/kafka-logs] Loading producer state till offset 0 with message format version 2 (kafka.log.UnifiedLog$)
[2025-02-01 04:07:25,315] INFO Created log for partition __consumer_offsets-0 in /tmp/kafka-logs/__consumer_offsets-0 with properties {cleanup.policy=compact, compression.type="producer", segment.bytes=104857600} (kafka.log.LogManager)
[2025-02-01 04:07:25,324] INFO [Partition __consumer_offsets-0 broker=0] Log loaded for partition __consumer_offsets-0 with initial high watermark 0 (kafka.cluster.Partition)
[2025-02-01 04:07:25,342] INFO [LogLoader partition=sms-topic-0, dir=/tmp/kafka-logs] Loading producer state till offset 0 with message format version 2 (kafka.log.UnifiedLog$)
[2025-02-01 04:07:25,344] INFO Created log for partition sms-topic-0 in /tmp/kafka-logs/sms-topic-0 with properties {} (kafka.log.LogManager)
[2025-02-01 04:07:25,344] INFO [Partition sms-topic-0 broker=0] Log loaded for partition sms-topic-0 with initial high watermark 0 (kafka.cluster.Partition)
[2025-02-01 04:07:25,352] INFO [LogLoader partition=__consumer_offsets-29, dir=/tmp/kafka-logs] Loading producer state till offset 0 with message format version 2 (kafka.log.UnifiedLog$)
[2025-02-01 04:07:25,354] INFO Created log for partition __consumer_offsets-29 in /tmp/kafka-logs/__consumer_offsets-29 with properties {cleanup.policy=compact, compression.type="producer", segment.bytes=104857600} (kafka.log.LogManager)
[2025-02-01 04:07:25,354] INFO [Partition __consumer_offsets-29 broker=0] Log loaded for partition __consumer_offsets-29 with initial high watermark 0 (kafka.cluster.Partition)
[2025-02-01 04:07:25,361] INFO [LogLoader partition=__consumer_offsets-48, dir=/tmp/kafka-logs] Loading producer state till offset 0 with message format version 2 (kafka.log.UnifiedLog$)
[2025-02-01 04:07:25,362] INFO Created log for partition __consumer_offsets-48 in /tmp/kafka-logs/__consumer_offsets-48 with properties {cleanup.policy=compact, compression.type="producer", segment.bytes=104857600} (kafka.log.LogManager)
[2025-02-01 04:07:25,363] INFO [Partition __consumer_offsets-48 broker=0] Log loaded for partition __consumer_offsets-48 with initial high watermark 0 (kafka.cluster.Partition)
[2025-02-01 04:07:25,371] INFO [LogLoader partition=__consumer_offsets-10, dir=/tmp/kafka-logs] Loading producer state till offset 0 with message format version 2 (kafka.log.UnifiedLog$)
[2025-02-01 04:07:25,372] INFO Created log for partition __consumer_offsets-10 in /tmp/kafka-logs/__consumer_offsets-10 with properties {cleanup.policy=compact, compression.type="producer", segment.bytes=104857600} (kafka.log.LogManager)
[2025-02-01 04:07:25,372] INFO [Partition __consumer_offsets-10 broker=0] Log loaded for partition __consumer_offsets-10 with initial high watermark 0 (kafka.cluster.Partition)
[2025-02-01 04:07:25,378] INFO [LogLoader partition=__consumer_offsets-45, dir=/tmp/kafka-logs] Loading producer state till offset 0 with message format version 2 (kafka.log.UnifiedLog$)
[2025-02-01 04:07:25,379] INFO Created log for partition __consumer_offsets-45 in /tmp/kafka-logs/__consumer_offsets-45 with properties {cleanup.policy=compact, compression.type="producer", segment.bytes=104857600} (kafka.log.LogManager)
[2025-02-01 04:07:25,380] INFO [Partition __consumer_offsets-45 broker=0] Log loaded for partition __consumer_offsets-45 with initial high watermark 0 (kafka.cluster.Partition)
[2025-02-01 04:07:25,385] INFO [LogLoader partition=__consumer_offsets-26, dir=/tmp/kafka-logs] Loading producer state till offset 0 with message format version 2 (kafka.log.UnifiedLog$)
[2025-02-01 04:07:25,387] INFO Created log for partition __consumer_offsets-26 in /tmp/kafka-logs/__consumer_offsets-26 with properties {cleanup.policy=compact, compression.type="producer", segment.bytes=104857600} (kafka.log.LogManager)
[2025-02-01 04:07:25,387] INFO [Partition __consumer_offsets-26 broker=0] Log loaded for partition __consumer_offsets-26 with initial high watermark 0 (kafka.cluster.Partition)
[2025-02-01 04:07:25,394] INFO [LogLoader partition=__consumer_offsets-7, dir=/tmp/kafka-logs] Loading producer state till offset 0 with message format version 2 (kafka.log.UnifiedLog$)
[2025-02-01 04:07:25,395] INFO Created log for partition __consumer_offsets-7 in /tmp/kafka-logs/__consumer_offsets-7 with properties {cleanup.policy=compact, compression.type="producer", segment.bytes=104857600} (kafka.log.LogManager)
[2025-02-01 04:07:25,395] INFO [Partition __consumer_offsets-7 broker=0] Log loaded for partition __consumer_offsets-7 with initial high watermark 0 (kafka.cluster.Partition)
[2025-02-01 04:07:25,401] INFO [LogLoader partition=__consumer_offsets-42, dir=/tmp/kafka-logs] Loading producer state till offset 0 with message format version 2 (kafka.log.UnifiedLog$)
[2025-02-01 04:07:25,402] INFO Created log for partition __consumer_offsets-42 in /tmp/kafka-logs/__consumer_offsets-42 with properties {cleanup.policy=compact, compression.type="producer", segment.bytes=104857600} (kafka.log.LogManager)
[2025-02-01 04:07:25,402] INFO [Partition __consumer_offsets-42 broker=0] Log loaded for partition __consumer_offsets-42 with initial high watermark 0 (kafka.cluster.Partition)
[2025-02-01 04:07:25,408] INFO [LogLoader partition=create-evt-topic-0, dir=/tmp/kafka-logs] Loading producer state till offset 0 with message format version 2 (kafka.log.UnifiedLog$)
[2025-02-01 04:07:25,409] INFO Created log for partition create-evt-topic-0 in /tmp/kafka-logs/create-evt-topic-0 with properties {} (kafka.log.LogManager)
[2025-02-01 04:07:25,409] INFO [Partition create-evt-topic-0 broker=0] Log loaded for partition create-evt-topic-0 with initial high watermark 0 (kafka.cluster.Partition)
[2025-02-01 04:07:25,415] INFO [LogLoader partition=__consumer_offsets-4, dir=/tmp/kafka-logs] Loading producer state till offset 0 with message format version 2 (kafka.log.UnifiedLog$)
[2025-02-01 04:07:25,416] INFO Created log for partition __consumer_offsets-4 in /tmp/kafka-logs/__consumer_offsets-4 with properties {cleanup.policy=compact, compression.type="producer", segment.bytes=104857600} (kafka.log.LogManager)
[2025-02-01 04:07:25,417] INFO [Partition __consumer_offsets-4 broker=0] Log loaded for partition __consumer_offsets-4 with initial high watermark 0 (kafka.cluster.Partition)
[2025-02-01 04:07:25,423] INFO [LogLoader partition=__consumer_offsets-23, dir=/tmp/kafka-logs] Loading producer state till offset 0 with message format version 2 (kafka.log.UnifiedLog$)
[2025-02-01 04:07:25,424] INFO Created log for partition __consumer_offsets-23 in /tmp/kafka-logs/__consumer_offsets-23 with properties {cleanup.policy=compact, compression.type="producer", segment.bytes=104857600} (kafka.log.LogManager)
[2025-02-01 04:07:25,424] INFO [Partition __consumer_offsets-23 broker=0] Log loaded for partition __consumer_offsets-23 with initial high watermark 0 (kafka.cluster.Partition)
[2025-02-01 04:07:25,429] INFO [LogLoader partition=__consumer_offsets-1, dir=/tmp/kafka-logs] Loading producer state till offset 0 with message format version 2 (kafka.log.UnifiedLog$)
[2025-02-01 04:07:25,430] INFO Created log for partition __consumer_offsets-1 in /tmp/kafka-logs/__consumer_offsets-1 with properties {cleanup.policy=compact, compression.type="producer", segment.bytes=104857600} (kafka.log.LogManager)
[2025-02-01 04:07:25,430] INFO [Partition __consumer_offsets-1 broker=0] Log loaded for partition __consumer_offsets-1 with initial high watermark 0 (kafka.cluster.Partition)
[2025-02-01 04:07:25,437] INFO [LogLoader partition=__consumer_offsets-20, dir=/tmp/kafka-logs] Loading producer state till offset 0 with message format version 2 (kafka.log.UnifiedLog$)
[2025-02-01 04:07:25,438] INFO Created log for partition __consumer_offsets-20 in /tmp/kafka-logs/__consumer_offsets-20 with properties {cleanup.policy=compact, compression.type="producer", segment.bytes=104857600} (kafka.log.LogManager)
[2025-02-01 04:07:25,438] INFO [Partition __consumer_offsets-20 broker=0] Log loaded for partition __consumer_offsets-20 with initial high watermark 0 (kafka.cluster.Partition)
[2025-02-01 04:07:25,443] INFO [LogLoader partition=__consumer_offsets-39, dir=/tmp/kafka-logs] Loading producer state till offset 0 with message format version 2 (kafka.log.UnifiedLog$)
[2025-02-01 04:07:25,444] INFO Created log for partition __consumer_offsets-39 in /tmp/kafka-logs/__consumer_offsets-39 with properties {cleanup.policy=compact, compression.type="producer", segment.bytes=104857600} (kafka.log.LogManager)
[2025-02-01 04:07:25,445] INFO [Partition __consumer_offsets-39 broker=0] Log loaded for partition __consumer_offsets-39 with initial high watermark 0 (kafka.cluster.Partition)
[2025-02-01 04:07:25,450] INFO [LogLoader partition=__consumer_offsets-17, dir=/tmp/kafka-logs] Loading producer state till offset 0 with message format version 2 (kafka.log.UnifiedLog$)
[2025-02-01 04:07:25,451] INFO Created log for partition __consumer_offsets-17 in /tmp/kafka-logs/__consumer_offsets-17 with properties {cleanup.policy=compact, compression.type="producer", segment.bytes=104857600} (kafka.log.LogManager)
[2025-02-01 04:07:25,452] INFO [Partition __consumer_offsets-17 broker=0] Log loaded for partition __consumer_offsets-17 with initial high watermark 0 (kafka.cluster.Partition)
[2025-02-01 04:07:25,460] INFO [LogLoader partition=__consumer_offsets-36, dir=/tmp/kafka-logs] Loading producer state till offset 0 with message format version 2 (kafka.log.UnifiedLog$)
[2025-02-01 04:07:25,461] INFO Created log for partition __consumer_offsets-36 in /tmp/kafka-logs/__consumer_offsets-36 with properties {cleanup.policy=compact, compression.type="producer", segment.bytes=104857600} (kafka.log.LogManager)
[2025-02-01 04:07:25,461] INFO [Partition __consumer_offsets-36 broker=0] Log loaded for partition __consumer_offsets-36 with initial high watermark 0 (kafka.cluster.Partition)
[2025-02-01 04:07:25,467] INFO [LogLoader partition=__consumer_offsets-14, dir=/tmp/kafka-logs] Loading producer state till offset 0 with message format version 2 (kafka.log.UnifiedLog$)
[2025-02-01 04:07:25,468] INFO Created log for partition __consumer_offsets-14 in /tmp/kafka-logs/__consumer_offsets-14 with properties {cleanup.policy=compact, compression.type="producer", segment.bytes=104857600} (kafka.log.LogManager)
[2025-02-01 04:07:25,468] INFO [Partition __consumer_offsets-14 broker=0] Log loaded for partition __consumer_offsets-14 with initial high watermark 0 (kafka.cluster.Partition)
[2025-02-01 04:07:25,473] INFO [LogLoader partition=__consumer_offsets-33, dir=/tmp/kafka-logs] Loading producer state till offset 0 with message format version 2 (kafka.log.UnifiedLog$)
[2025-02-01 04:07:25,474] INFO Created log for partition __consumer_offsets-33 in /tmp/kafka-logs/__consumer_offsets-33 with properties {cleanup.policy=compact, compression.type="producer", segment.bytes=104857600} (kafka.log.LogManager)
[2025-02-01 04:07:25,474] INFO [Partition __consumer_offsets-33 broker=0] Log loaded for partition __consumer_offsets-33 with initial high watermark 0 (kafka.cluster.Partition)
[2025-02-01 04:07:25,479] INFO [LogLoader partition=__consumer_offsets-49, dir=/tmp/kafka-logs] Loading producer state till offset 0 with message format version 2 (kafka.log.UnifiedLog$)
[2025-02-01 04:07:25,480] INFO Created log for partition __consumer_offsets-49 in /tmp/kafka-logs/__consumer_offsets-49 with properties {cleanup.policy=compact, compression.type="producer", segment.bytes=104857600} (kafka.log.LogManager)
[2025-02-01 04:07:25,480] INFO [Partition __consumer_offsets-49 broker=0] Log loaded for partition __consumer_offsets-49 with initial high watermark 0 (kafka.cluster.Partition)
[2025-02-01 04:07:25,485] INFO [LogLoader partition=__consumer_offsets-11, dir=/tmp/kafka-logs] Loading producer state till offset 0 with message format version 2 (kafka.log.UnifiedLog$)
[2025-02-01 04:07:25,486] INFO Created log for partition __consumer_offsets-11 in /tmp/kafka-logs/__consumer_offsets-11 with properties {cleanup.policy=compact, compression.type="producer", segment.bytes=104857600} (kafka.log.LogManager)
[2025-02-01 04:07:25,486] INFO [Partition __consumer_offsets-11 broker=0] Log loaded for partition __consumer_offsets-11 with initial high watermark 0 (kafka.cluster.Partition)
[2025-02-01 04:07:25,491] INFO [LogLoader partition=__consumer_offsets-30, dir=/tmp/kafka-logs] Loading producer state till offset 0 with message format version 2 (kafka.log.UnifiedLog$)
[2025-02-01 04:07:25,492] INFO Created log for partition __consumer_offsets-30 in /tmp/kafka-logs/__consumer_offsets-30 with properties {cleanup.policy=compact, compression.type="producer", segment.bytes=104857600} (kafka.log.LogManager)
[2025-02-01 04:07:25,493] INFO [Partition __consumer_offsets-30 broker=0] Log loaded for partition __consumer_offsets-30 with initial high watermark 0 (kafka.cluster.Partition)
[2025-02-01 04:07:25,497] INFO [LogLoader partition=__consumer_offsets-46, dir=/tmp/kafka-logs] Loading producer state till offset 0 with message format version 2 (kafka.log.UnifiedLog$)
[2025-02-01 04:07:25,498] INFO Created log for partition __consumer_offsets-46 in /tmp/kafka-logs/__consumer_offsets-46 with properties {cleanup.policy=compact, compression.type="producer", segment.bytes=104857600} (kafka.log.LogManager)
[2025-02-01 04:07:25,498] INFO [Partition __consumer_offsets-46 broker=0] Log loaded for partition __consumer_offsets-46 with initial high watermark 0 (kafka.cluster.Partition)
[2025-02-01 04:07:25,503] INFO [LogLoader partition=__consumer_offsets-27, dir=/tmp/kafka-logs] Loading producer state till offset 0 with message format version 2 (kafka.log.UnifiedLog$)
[2025-02-01 04:07:25,503] INFO Created log for partition __consumer_offsets-27 in /tmp/kafka-logs/__consumer_offsets-27 with properties {cleanup.policy=compact, compression.type="producer", segment.bytes=104857600} (kafka.log.LogManager)
[2025-02-01 04:07:25,504] INFO [Partition __consumer_offsets-27 broker=0] Log loaded for partition __consumer_offsets-27 with initial high watermark 0 (kafka.cluster.Partition)
[2025-02-01 04:07:25,509] INFO [LogLoader partition=__consumer_offsets-8, dir=/tmp/kafka-logs] Loading producer state till offset 0 with message format version 2 (kafka.log.UnifiedLog$)
[2025-02-01 04:07:25,510] INFO Created log for partition __consumer_offsets-8 in /tmp/kafka-logs/__consumer_offsets-8 with properties {cleanup.policy=compact, compression.type="producer", segment.bytes=104857600} (kafka.log.LogManager)
[2025-02-01 04:07:25,510] INFO [Partition __consumer_offsets-8 broker=0] Log loaded for partition __consumer_offsets-8 with initial high watermark 0 (kafka.cluster.Partition)
[2025-02-01 04:07:25,514] INFO [LogLoader partition=__consumer_offsets-24, dir=/tmp/kafka-logs] Loading producer state till offset 0 with message format version 2 (kafka.log.UnifiedLog$)
[2025-02-01 04:07:25,515] INFO Created log for partition __consumer_offsets-24 in /tmp/kafka-logs/__consumer_offsets-24 with properties {cleanup.policy=compact, compression.type="producer", segment.bytes=104857600} (kafka.log.LogManager)
[2025-02-01 04:07:25,515] INFO [Partition __consumer_offsets-24 broker=0] Log loaded for partition __consumer_offsets-24 with initial high watermark 0 (kafka.cluster.Partition)
[2025-02-01 04:07:25,519] INFO [LogLoader partition=__consumer_offsets-43, dir=/tmp/kafka-logs] Loading producer state till offset 0 with message format version 2 (kafka.log.UnifiedLog$)
[2025-02-01 04:07:25,520] INFO Created log for partition __consumer_offsets-43 in /tmp/kafka-logs/__consumer_offsets-43 with properties {cleanup.policy=compact, compression.type="producer", segment.bytes=104857600} (kafka.log.LogManager)
[2025-02-01 04:07:25,520] INFO [Partition __consumer_offsets-43 broker=0] Log loaded for partition __consumer_offsets-43 with initial high watermark 0 (kafka.cluster.Partition)
[2025-02-01 04:07:25,525] INFO [LogLoader partition=__consumer_offsets-5, dir=/tmp/kafka-logs] Loading producer state till offset 0 with message format version 2 (kafka.log.UnifiedLog$)
[2025-02-01 04:07:25,526] INFO Created log for partition __consumer_offsets-5 in /tmp/kafka-logs/__consumer_offsets-5 with properties {cleanup.policy=compact, compression.type="producer", segment.bytes=104857600} (kafka.log.LogManager)
[2025-02-01 04:07:25,526] INFO [Partition __consumer_offsets-5 broker=0] Log loaded for partition __consumer_offsets-5 with initial high watermark 0 (kafka.cluster.Partition)
[2025-02-01 04:07:25,531] INFO [LogLoader partition=__consumer_offsets-21, dir=/tmp/kafka-logs] Loading producer state till offset 0 with message format version 2 (kafka.log.UnifiedLog$)
[2025-02-01 04:07:25,531] INFO Created log for partition __consumer_offsets-21 in /tmp/kafka-logs/__consumer_offsets-21 with properties {cleanup.policy=compact, compression.type="producer", segment.bytes=104857600} (kafka.log.LogManager)
[2025-02-01 04:07:25,532] INFO [Partition __consumer_offsets-21 broker=0] Log loaded for partition __consumer_offsets-21 with initial high watermark 0 (kafka.cluster.Partition)
[2025-02-01 04:07:25,537] INFO [LogLoader partition=__consumer_offsets-40, dir=/tmp/kafka-logs] Loading producer state till offset 0 with message format version 2 (kafka.log.UnifiedLog$)
[2025-02-01 04:07:25,538] INFO Created log for partition __consumer_offsets-40 in /tmp/kafka-logs/__consumer_offsets-40 with properties {cleanup.policy=compact, compression.type="producer", segment.bytes=104857600} (kafka.log.LogManager)
[2025-02-01 04:07:25,538] INFO [Partition __consumer_offsets-40 broker=0] Log loaded for partition __consumer_offsets-40 with initial high watermark 0 (kafka.cluster.Partition)
[2025-02-01 04:07:25,542] INFO [LogLoader partition=__consumer_offsets-2, dir=/tmp/kafka-logs] Loading producer state till offset 0 with message format version 2 (kafka.log.UnifiedLog$)
[2025-02-01 04:07:25,543] INFO Created log for partition __consumer_offsets-2 in /tmp/kafka-logs/__consumer_offsets-2 with properties {cleanup.policy=compact, compression.type="producer", segment.bytes=104857600} (kafka.log.LogManager)
[2025-02-01 04:07:25,543] INFO [Partition __consumer_offsets-2 broker=0] Log loaded for partition __consumer_offsets-2 with initial high watermark 0 (kafka.cluster.Partition)
[2025-02-01 04:07:25,546] INFO [Partition __consumer_offsets-37 broker=0] Log loaded for partition __consumer_offsets-37 with initial high watermark 15 (kafka.cluster.Partition)
[2025-02-01 04:07:25,550] INFO [LogLoader partition=__consumer_offsets-18, dir=/tmp/kafka-logs] Loading producer state till offset 0 with message format version 2 (kafka.log.UnifiedLog$)
[2025-02-01 04:07:25,551] INFO Created log for partition __consumer_offsets-18 in /tmp/kafka-logs/__consumer_offsets-18 with properties {cleanup.policy=compact, compression.type="producer", segment.bytes=104857600} (kafka.log.LogManager)
[2025-02-01 04:07:25,551] INFO [Partition __consumer_offsets-18 broker=0] Log loaded for partition __consumer_offsets-18 with initial high watermark 0 (kafka.cluster.Partition)
[2025-02-01 04:07:25,556] INFO [LogLoader partition=__consumer_offsets-34, dir=/tmp/kafka-logs] Loading producer state till offset 0 with message format version 2 (kafka.log.UnifiedLog$)
[2025-02-01 04:07:25,556] INFO Created log for partition __consumer_offsets-34 in /tmp/kafka-logs/__consumer_offsets-34 with properties {cleanup.policy=compact, compression.type="producer", segment.bytes=104857600} (kafka.log.LogManager)
[2025-02-01 04:07:25,557] INFO [Partition __consumer_offsets-34 broker=0] Log loaded for partition __consumer_offsets-34 with initial high watermark 0 (kafka.cluster.Partition)
[2025-02-01 04:07:25,561] INFO [LogLoader partition=__consumer_offsets-15, dir=/tmp/kafka-logs] Loading producer state till offset 0 with message format version 2 (kafka.log.UnifiedLog$)
[2025-02-01 04:07:25,562] INFO Created log for partition __consumer_offsets-15 in /tmp/kafka-logs/__consumer_offsets-15 with properties {cleanup.policy=compact, compression.type="producer", segment.bytes=104857600} (kafka.log.LogManager)
[2025-02-01 04:07:25,562] INFO [Partition __consumer_offsets-15 broker=0] Log loaded for partition __consumer_offsets-15 with initial high watermark 0 (kafka.cluster.Partition)
[2025-02-01 04:07:25,567] INFO [LogLoader partition=read-evt-topic-0, dir=/tmp/kafka-logs] Loading producer state till offset 0 with message format version 2 (kafka.log.UnifiedLog$)
[2025-02-01 04:07:25,569] INFO Created log for partition read-evt-topic-0 in /tmp/kafka-logs/read-evt-topic-0 with properties {} (kafka.log.LogManager)
[2025-02-01 04:07:25,569] INFO [Partition read-evt-topic-0 broker=0] Log loaded for partition read-evt-topic-0 with initial high watermark 0 (kafka.cluster.Partition)
[2025-02-01 04:07:25,574] INFO [LogLoader partition=__consumer_offsets-12, dir=/tmp/kafka-logs] Loading producer state till offset 0 with message format version 2 (kafka.log.UnifiedLog$)
[2025-02-01 04:07:25,575] INFO Created log for partition __consumer_offsets-12 in /tmp/kafka-logs/__consumer_offsets-12 with properties {cleanup.policy=compact, compression.type="producer", segment.bytes=104857600} (kafka.log.LogManager)
[2025-02-01 04:07:25,576] INFO [Partition __consumer_offsets-12 broker=0] Log loaded for partition __consumer_offsets-12 with initial high watermark 0 (kafka.cluster.Partition)
[2025-02-01 04:07:25,581] INFO [LogLoader partition=__consumer_offsets-31, dir=/tmp/kafka-logs] Loading producer state till offset 0 with message format version 2 (kafka.log.UnifiedLog$)
[2025-02-01 04:07:25,586] INFO Created log for partition __consumer_offsets-31 in /tmp/kafka-logs/__consumer_offsets-31 with properties {cleanup.policy=compact, compression.type="producer", segment.bytes=104857600} (kafka.log.LogManager)
[2025-02-01 04:07:25,586] INFO [Partition __consumer_offsets-31 broker=0] Log loaded for partition __consumer_offsets-31 with initial high watermark 0 (kafka.cluster.Partition)
[2025-02-01 04:07:25,591] INFO [LogLoader partition=__consumer_offsets-9, dir=/tmp/kafka-logs] Loading producer state till offset 0 with message format version 2 (kafka.log.UnifiedLog$)
[2025-02-01 04:07:25,592] INFO Created log for partition __consumer_offsets-9 in /tmp/kafka-logs/__consumer_offsets-9 with properties {cleanup.policy=compact, compression.type="producer", segment.bytes=104857600} (kafka.log.LogManager)
[2025-02-01 04:07:25,592] INFO [Partition __consumer_offsets-9 broker=0] Log loaded for partition __consumer_offsets-9 with initial high watermark 0 (kafka.cluster.Partition)
[2025-02-01 04:07:25,597] INFO [LogLoader partition=__consumer_offsets-47, dir=/tmp/kafka-logs] Loading producer state till offset 0 with message format version 2 (kafka.log.UnifiedLog$)
[2025-02-01 04:07:25,598] INFO Created log for partition __consumer_offsets-47 in /tmp/kafka-logs/__consumer_offsets-47 with properties {cleanup.policy=compact, compression.type="producer", segment.bytes=104857600} (kafka.log.LogManager)
[2025-02-01 04:07:25,598] INFO [Partition __consumer_offsets-47 broker=0] Log loaded for partition __consumer_offsets-47 with initial high watermark 0 (kafka.cluster.Partition)
[2025-02-01 04:07:25,603] INFO [LogLoader partition=__consumer_offsets-19, dir=/tmp/kafka-logs] Loading producer state till offset 0 with message format version 2 (kafka.log.UnifiedLog$)
[2025-02-01 04:07:25,604] INFO Created log for partition __consumer_offsets-19 in /tmp/kafka-logs/__consumer_offsets-19 with properties {cleanup.policy=compact, compression.type="producer", segment.bytes=104857600} (kafka.log.LogManager)
[2025-02-01 04:07:25,604] INFO [Partition __consumer_offsets-19 broker=0] Log loaded for partition __consumer_offsets-19 with initial high watermark 0 (kafka.cluster.Partition)
[2025-02-01 04:07:25,610] INFO [LogLoader partition=__consumer_offsets-28, dir=/tmp/kafka-logs] Loading producer state till offset 0 with message format version 2 (kafka.log.UnifiedLog$)
[2025-02-01 04:07:25,611] INFO Created log for partition __consumer_offsets-28 in /tmp/kafka-logs/__consumer_offsets-28 with properties {cleanup.policy=compact, compression.type="producer", segment.bytes=104857600} (kafka.log.LogManager)
[2025-02-01 04:07:25,612] INFO [Partition __consumer_offsets-28 broker=0] Log loaded for partition __consumer_offsets-28 with initial high watermark 0 (kafka.cluster.Partition)
[2025-02-01 04:07:25,616] INFO [LogLoader partition=__consumer_offsets-38, dir=/tmp/kafka-logs] Loading producer state till offset 0 with message format version 2 (kafka.log.UnifiedLog$)
[2025-02-01 04:07:25,617] INFO Created log for partition __consumer_offsets-38 in /tmp/kafka-logs/__consumer_offsets-38 with properties {cleanup.policy=compact, compression.type="producer", segment.bytes=104857600} (kafka.log.LogManager)
[2025-02-01 04:07:25,617] INFO [Partition __consumer_offsets-38 broker=0] Log loaded for partition __consumer_offsets-38 with initial high watermark 0 (kafka.cluster.Partition)
[2025-02-01 04:07:25,624] INFO [LogLoader partition=__consumer_offsets-35, dir=/tmp/kafka-logs] Loading producer state till offset 0 with message format version 2 (kafka.log.UnifiedLog$)
[2025-02-01 04:07:25,625] INFO Created log for partition __consumer_offsets-35 in /tmp/kafka-logs/__consumer_offsets-35 with properties {cleanup.policy=compact, compression.type="producer", segment.bytes=104857600} (kafka.log.LogManager)
[2025-02-01 04:07:25,625] INFO [Partition __consumer_offsets-35 broker=0] Log loaded for partition __consumer_offsets-35 with initial high watermark 0 (kafka.cluster.Partition)
[2025-02-01 04:07:25,630] INFO [LogLoader partition=__consumer_offsets-6, dir=/tmp/kafka-logs] Loading producer state till offset 0 with message format version 2 (kafka.log.UnifiedLog$)
[2025-02-01 04:07:25,630] INFO Created log for partition __consumer_offsets-6 in /tmp/kafka-logs/__consumer_offsets-6 with properties {cleanup.policy=compact, compression.type="producer", segment.bytes=104857600} (kafka.log.LogManager)
[2025-02-01 04:07:25,631] INFO [Partition __consumer_offsets-6 broker=0] Log loaded for partition __consumer_offsets-6 with initial high watermark 0 (kafka.cluster.Partition)
[2025-02-01 04:07:25,635] INFO [LogLoader partition=__consumer_offsets-44, dir=/tmp/kafka-logs] Loading producer state till offset 0 with message format version 2 (kafka.log.UnifiedLog$)
[2025-02-01 04:07:25,636] INFO Created log for partition __consumer_offsets-44 in /tmp/kafka-logs/__consumer_offsets-44 with properties {cleanup.policy=compact, compression.type="producer", segment.bytes=104857600} (kafka.log.LogManager)
[2025-02-01 04:07:25,636] INFO [Partition __consumer_offsets-44 broker=0] Log loaded for partition __consumer_offsets-44 with initial high watermark 0 (kafka.cluster.Partition)
[2025-02-01 04:07:25,641] INFO [LogLoader partition=__consumer_offsets-25, dir=/tmp/kafka-logs] Loading producer state till offset 0 with message format version 2 (kafka.log.UnifiedLog$)
[2025-02-01 04:07:25,642] INFO Created log for partition __consumer_offsets-25 in /tmp/kafka-logs/__consumer_offsets-25 with properties {cleanup.policy=compact, compression.type="producer", segment.bytes=104857600} (kafka.log.LogManager)
[2025-02-01 04:07:25,642] INFO [Partition __consumer_offsets-25 broker=0] Log loaded for partition __consumer_offsets-25 with initial high watermark 0 (kafka.cluster.Partition)
[2025-02-01 04:07:25,647] INFO [LogLoader partition=__consumer_offsets-16, dir=/tmp/kafka-logs] Loading producer state till offset 0 with message format version 2 (kafka.log.UnifiedLog$)
[2025-02-01 04:07:25,648] INFO Created log for partition __consumer_offsets-16 in /tmp/kafka-logs/__consumer_offsets-16 with properties {cleanup.policy=compact, compression.type="producer", segment.bytes=104857600} (kafka.log.LogManager)
[2025-02-01 04:07:25,648] INFO [Partition __consumer_offsets-16 broker=0] Log loaded for partition __consumer_offsets-16 with initial high watermark 0 (kafka.cluster.Partition)
[2025-02-01 04:07:25,654] INFO [LogLoader partition=__consumer_offsets-22, dir=/tmp/kafka-logs] Loading producer state till offset 0 with message format version 2 (kafka.log.UnifiedLog$)
[2025-02-01 04:07:25,655] INFO Created log for partition __consumer_offsets-22 in /tmp/kafka-logs/__consumer_offsets-22 with properties {cleanup.policy=compact, compression.type="producer", segment.bytes=104857600} (kafka.log.LogManager)
[2025-02-01 04:07:25,655] INFO [Partition __consumer_offsets-22 broker=0] Log loaded for partition __consumer_offsets-22 with initial high watermark 0 (kafka.cluster.Partition)
[2025-02-01 04:07:25,659] INFO [LogLoader partition=__consumer_offsets-41, dir=/tmp/kafka-logs] Loading producer state till offset 0 with message format version 2 (kafka.log.UnifiedLog$)
[2025-02-01 04:07:25,660] INFO Created log for partition __consumer_offsets-41 in /tmp/kafka-logs/__consumer_offsets-41 with properties {cleanup.policy=compact, compression.type="producer", segment.bytes=104857600} (kafka.log.LogManager)
[2025-02-01 04:07:25,660] INFO [Partition __consumer_offsets-41 broker=0] Log loaded for partition __consumer_offsets-41 with initial high watermark 0 (kafka.cluster.Partition)
[2025-02-01 04:07:25,665] INFO [LogLoader partition=__consumer_offsets-32, dir=/tmp/kafka-logs] Loading producer state till offset 0 with message format version 2 (kafka.log.UnifiedLog$)
[2025-02-01 04:07:25,665] INFO Created log for partition __consumer_offsets-32 in /tmp/kafka-logs/__consumer_offsets-32 with properties {cleanup.policy=compact, compression.type="producer", segment.bytes=104857600} (kafka.log.LogManager)
[2025-02-01 04:07:25,665] INFO [Partition __consumer_offsets-32 broker=0] Log loaded for partition __consumer_offsets-32 with initial high watermark 0 (kafka.cluster.Partition)
[2025-02-01 04:07:25,673] INFO [LogLoader partition=__consumer_offsets-3, dir=/tmp/kafka-logs] Loading producer state till offset 0 with message format version 2 (kafka.log.UnifiedLog$)
[2025-02-01 04:07:25,674] INFO Created log for partition __consumer_offsets-3 in /tmp/kafka-logs/__consumer_offsets-3 with properties {cleanup.policy=compact, compression.type="producer", segment.bytes=104857600} (kafka.log.LogManager)
[2025-02-01 04:07:25,674] INFO [Partition __consumer_offsets-3 broker=0] Log loaded for partition __consumer_offsets-3 with initial high watermark 0 (kafka.cluster.Partition)
[2025-02-01 04:07:25,679] INFO [LogLoader partition=__consumer_offsets-13, dir=/tmp/kafka-logs] Loading producer state till offset 0 with message format version 2 (kafka.log.UnifiedLog$)
[2025-02-01 04:07:25,680] INFO Created log for partition __consumer_offsets-13 in /tmp/kafka-logs/__consumer_offsets-13 with properties {cleanup.policy=compact, compression.type="producer", segment.bytes=104857600} (kafka.log.LogManager)
[2025-02-01 04:07:25,680] INFO [Partition __consumer_offsets-13 broker=0] Log loaded for partition __consumer_offsets-13 with initial high watermark 0 (kafka.cluster.Partition)
[2025-02-01 04:07:25,692] INFO [GroupCoordinator 0]: Elected as the group coordinator for partition 22 in epoch 0 (kafka.coordinator.group.GroupCoordinator)
[2025-02-01 04:07:25,693] INFO [GroupMetadataManager brokerId=0] Scheduling loading of offsets and group metadata from __consumer_offsets-22 for epoch 0 (kafka.coordinator.group.GroupMetadataManager)
[2025-02-01 04:07:25,695] INFO [GroupCoordinator 0]: Elected as the group coordinator for partition 25 in epoch 0 (kafka.coordinator.group.GroupCoordinator)
[2025-02-01 04:07:25,696] INFO [GroupMetadataManager brokerId=0] Scheduling loading of offsets and group metadata from __consumer_offsets-25 for epoch 0 (kafka.coordinator.group.GroupMetadataManager)
[2025-02-01 04:07:25,696] INFO [GroupCoordinator 0]: Elected as the group coordinator for partition 28 in epoch 0 (kafka.coordinator.group.GroupCoordinator)
[2025-02-01 04:07:25,696] INFO [GroupMetadataManager brokerId=0] Scheduling loading of offsets and group metadata from __consumer_offsets-28 for epoch 0 (kafka.coordinator.group.GroupMetadataManager)
[2025-02-01 04:07:25,696] INFO [GroupCoordinator 0]: Elected as the group coordinator for partition 31 in epoch 0 (kafka.coordinator.group.GroupCoordinator)
[2025-02-01 04:07:25,696] INFO [GroupMetadataManager brokerId=0] Scheduling loading of offsets and group metadata from __consumer_offsets-31 for epoch 0 (kafka.coordinator.group.GroupMetadataManager)
[2025-02-01 04:07:25,696] INFO [GroupCoordinator 0]: Elected as the group coordinator for partition 34 in epoch 0 (kafka.coordinator.group.GroupCoordinator)
[2025-02-01 04:07:25,696] INFO [GroupMetadataManager brokerId=0] Scheduling loading of offsets and group metadata from __consumer_offsets-34 for epoch 0 (kafka.coordinator.group.GroupMetadataManager)
[2025-02-01 04:07:25,696] INFO [GroupCoordinator 0]: Elected as the group coordinator for partition 37 in epoch 0 (kafka.coordinator.group.GroupCoordinator)
[2025-02-01 04:07:25,696] INFO [GroupMetadataManager brokerId=0] Scheduling loading of offsets and group metadata from __consumer_offsets-37 for epoch 0 (kafka.coordinator.group.GroupMetadataManager)
[2025-02-01 04:07:25,696] INFO [GroupCoordinator 0]: Elected as the group coordinator for partition 40 in epoch 0 (kafka.coordinator.group.GroupCoordinator)
[2025-02-01 04:07:25,696] INFO [GroupMetadataManager brokerId=0] Scheduling loading of offsets and group metadata from __consumer_offsets-40 for epoch 0 (kafka.coordinator.group.GroupMetadataManager)
[2025-02-01 04:07:25,696] INFO [GroupCoordinator 0]: Elected as the group coordinator for partition 43 in epoch 0 (kafka.coordinator.group.GroupCoordinator)
[2025-02-01 04:07:25,696] INFO [GroupMetadataManager brokerId=0] Scheduling loading of offsets and group metadata from __consumer_offsets-43 for epoch 0 (kafka.coordinator.group.GroupMetadataManager)
[2025-02-01 04:07:25,696] INFO [GroupCoordinator 0]: Elected as the group coordinator for partition 46 in epoch 0 (kafka.coordinator.group.GroupCoordinator)
[2025-02-01 04:07:25,696] INFO [GroupMetadataManager brokerId=0] Scheduling loading of offsets and group metadata from __consumer_offsets-46 for epoch 0 (kafka.coordinator.group.GroupMetadataManager)
[2025-02-01 04:07:25,697] INFO [GroupCoordinator 0]: Elected as the group coordinator for partition 49 in epoch 0 (kafka.coordinator.group.GroupCoordinator)
[2025-02-01 04:07:25,697] INFO [GroupMetadataManager brokerId=0] Scheduling loading of offsets and group metadata from __consumer_offsets-49 for epoch 0 (kafka.coordinator.group.GroupMetadataManager)
[2025-02-01 04:07:25,697] INFO [GroupCoordinator 0]: Elected as the group coordinator for partition 41 in epoch 0 (kafka.coordinator.group.GroupCoordinator)
[2025-02-01 04:07:25,697] INFO [GroupMetadataManager brokerId=0] Scheduling loading of offsets and group metadata from __consumer_offsets-41 for epoch 0 (kafka.coordinator.group.GroupMetadataManager)
[2025-02-01 04:07:25,697] INFO [GroupCoordinator 0]: Elected as the group coordinator for partition 44 in epoch 0 (kafka.coordinator.group.GroupCoordinator)
[2025-02-01 04:07:25,697] INFO [GroupMetadataManager brokerId=0] Scheduling loading of offsets and group metadata from __consumer_offsets-44 for epoch 0 (kafka.coordinator.group.GroupMetadataManager)
[2025-02-01 04:07:25,697] INFO [GroupCoordinator 0]: Elected as the group coordinator for partition 47 in epoch 0 (kafka.coordinator.group.GroupCoordinator)
[2025-02-01 04:07:25,697] INFO [GroupMetadataManager brokerId=0] Scheduling loading of offsets and group metadata from __consumer_offsets-47 for epoch 0 (kafka.coordinator.group.GroupMetadataManager)
[2025-02-01 04:07:25,697] INFO [GroupCoordinator 0]: Elected as the group coordinator for partition 1 in epoch 0 (kafka.coordinator.group.GroupCoordinator)
[2025-02-01 04:07:25,697] INFO [GroupMetadataManager brokerId=0] Scheduling loading of offsets and group metadata from __consumer_offsets-1 for epoch 0 (kafka.coordinator.group.GroupMetadataManager)
[2025-02-01 04:07:25,697] INFO [GroupCoordinator 0]: Elected as the group coordinator for partition 4 in epoch 0 (kafka.coordinator.group.GroupCoordinator)
[2025-02-01 04:07:25,697] INFO [GroupMetadataManager brokerId=0] Scheduling loading of offsets and group metadata from __consumer_offsets-4 for epoch 0 (kafka.coordinator.group.GroupMetadataManager)
[2025-02-01 04:07:25,698] INFO [GroupCoordinator 0]: Elected as the group coordinator for partition 7 in epoch 0 (kafka.coordinator.group.GroupCoordinator)
[2025-02-01 04:07:25,698] INFO [GroupMetadataManager brokerId=0] Scheduling loading of offsets and group metadata from __consumer_offsets-7 for epoch 0 (kafka.coordinator.group.GroupMetadataManager)
[2025-02-01 04:07:25,698] INFO [GroupCoordinator 0]: Elected as the group coordinator for partition 10 in epoch 0 (kafka.coordinator.group.GroupCoordinator)
[2025-02-01 04:07:25,698] INFO [GroupMetadataManager brokerId=0] Scheduling loading of offsets and group metadata from __consumer_offsets-10 for epoch 0 (kafka.coordinator.group.GroupMetadataManager)
[2025-02-01 04:07:25,698] INFO [GroupCoordinator 0]: Elected as the group coordinator for partition 13 in epoch 0 (kafka.coordinator.group.GroupCoordinator)
[2025-02-01 04:07:25,698] INFO [GroupMetadataManager brokerId=0] Scheduling loading of offsets and group metadata from __consumer_offsets-13 for epoch 0 (kafka.coordinator.group.GroupMetadataManager)
[2025-02-01 04:07:25,698] INFO [GroupCoordinator 0]: Elected as the group coordinator for partition 16 in epoch 0 (kafka.coordinator.group.GroupCoordinator)
[2025-02-01 04:07:25,698] INFO [GroupMetadataManager brokerId=0] Scheduling loading of offsets and group metadata from __consumer_offsets-16 for epoch 0 (kafka.coordinator.group.GroupMetadataManager)
[2025-02-01 04:07:25,698] INFO [GroupCoordinator 0]: Elected as the group coordinator for partition 19 in epoch 0 (kafka.coordinator.group.GroupCoordinator)
[2025-02-01 04:07:25,698] INFO [GroupMetadataManager brokerId=0] Scheduling loading of offsets and group metadata from __consumer_offsets-19 for epoch 0 (kafka.coordinator.group.GroupMetadataManager)
[2025-02-01 04:07:25,698] INFO [GroupCoordinator 0]: Elected as the group coordinator for partition 2 in epoch 0 (kafka.coordinator.group.GroupCoordinator)
[2025-02-01 04:07:25,698] INFO [GroupMetadataManager brokerId=0] Scheduling loading of offsets and group metadata from __consumer_offsets-2 for epoch 0 (kafka.coordinator.group.GroupMetadataManager)
[2025-02-01 04:07:25,698] INFO [GroupCoordinator 0]: Elected as the group coordinator for partition 5 in epoch 0 (kafka.coordinator.group.GroupCoordinator)
[2025-02-01 04:07:25,698] INFO [GroupMetadataManager brokerId=0] Scheduling loading of offsets and group metadata from __consumer_offsets-5 for epoch 0 (kafka.coordinator.group.GroupMetadataManager)
[2025-02-01 04:07:25,698] INFO [GroupCoordinator 0]: Elected as the group coordinator for partition 8 in epoch 0 (kafka.coordinator.group.GroupCoordinator)
[2025-02-01 04:07:25,699] INFO [GroupMetadataManager brokerId=0] Scheduling loading of offsets and group metadata from __consumer_offsets-8 for epoch 0 (kafka.coordinator.group.GroupMetadataManager)
[2025-02-01 04:07:25,699] INFO [GroupCoordinator 0]: Elected as the group coordinator for partition 11 in epoch 0 (kafka.coordinator.group.GroupCoordinator)
[2025-02-01 04:07:25,699] INFO [GroupMetadataManager brokerId=0] Scheduling loading of offsets and group metadata from __consumer_offsets-11 for epoch 0 (kafka.coordinator.group.GroupMetadataManager)
[2025-02-01 04:07:25,699] INFO [GroupCoordinator 0]: Elected as the group coordinator for partition 14 in epoch 0 (kafka.coordinator.group.GroupCoordinator)
[2025-02-01 04:07:25,699] INFO [GroupMetadataManager brokerId=0] Scheduling loading of offsets and group metadata from __consumer_offsets-14 for epoch 0 (kafka.coordinator.group.GroupMetadataManager)
[2025-02-01 04:07:25,699] INFO [GroupCoordinator 0]: Elected as the group coordinator for partition 17 in epoch 0 (kafka.coordinator.group.GroupCoordinator)
[2025-02-01 04:07:25,699] INFO [GroupMetadataManager brokerId=0] Scheduling loading of offsets and group metadata from __consumer_offsets-17 for epoch 0 (kafka.coordinator.group.GroupMetadataManager)
[2025-02-01 04:07:25,699] INFO [GroupCoordinator 0]: Elected as the group coordinator for partition 20 in epoch 0 (kafka.coordinator.group.GroupCoordinator)
[2025-02-01 04:07:25,699] INFO [GroupMetadataManager brokerId=0] Scheduling loading of offsets and group metadata from __consumer_offsets-20 for epoch 0 (kafka.coordinator.group.GroupMetadataManager)
[2025-02-01 04:07:25,699] INFO [GroupCoordinator 0]: Elected as the group coordinator for partition 26 in epoch 0 (kafka.coordinator.group.GroupCoordinator)
[2025-02-01 04:07:25,699] INFO [GroupMetadataManager brokerId=0] Scheduling loading of offsets and group metadata from __consumer_offsets-26 for epoch 0 (kafka.coordinator.group.GroupMetadataManager)
[2025-02-01 04:07:25,699] INFO [GroupCoordinator 0]: Elected as the group coordinator for partition 29 in epoch 0 (kafka.coordinator.group.GroupCoordinator)
[2025-02-01 04:07:25,699] INFO [GroupMetadataManager brokerId=0] Scheduling loading of offsets and group metadata from __consumer_offsets-29 for epoch 0 (kafka.coordinator.group.GroupMetadataManager)
[2025-02-01 04:07:25,699] INFO [GroupCoordinator 0]: Elected as the group coordinator for partition 23 in epoch 0 (kafka.coordinator.group.GroupCoordinator)
[2025-02-01 04:07:25,699] INFO [GroupMetadataManager brokerId=0] Scheduling loading of offsets and group metadata from __consumer_offsets-23 for epoch 0 (kafka.coordinator.group.GroupMetadataManager)
[2025-02-01 04:07:25,700] INFO [GroupCoordinator 0]: Elected as the group coordinator for partition 35 in epoch 0 (kafka.coordinator.group.GroupCoordinator)
[2025-02-01 04:07:25,700] INFO [GroupMetadataManager brokerId=0] Scheduling loading of offsets and group metadata from __consumer_offsets-35 for epoch 0 (kafka.coordinator.group.GroupMetadataManager)
[2025-02-01 04:07:25,700] INFO [GroupCoordinator 0]: Elected as the group coordinator for partition 38 in epoch 0 (kafka.coordinator.group.GroupCoordinator)
[2025-02-01 04:07:25,700] INFO [GroupMetadataManager brokerId=0] Scheduling loading of offsets and group metadata from __consumer_offsets-38 for epoch 0 (kafka.coordinator.group.GroupMetadataManager)
[2025-02-01 04:07:25,700] INFO [GroupCoordinator 0]: Elected as the group coordinator for partition 32 in epoch 0 (kafka.coordinator.group.GroupCoordinator)
[2025-02-01 04:07:25,700] INFO [GroupMetadataManager brokerId=0] Scheduling loading of offsets and group metadata from __consumer_offsets-32 for epoch 0 (kafka.coordinator.group.GroupMetadataManager)
[2025-02-01 04:07:25,700] INFO [GroupCoordinator 0]: Elected as the group coordinator for partition 0 in epoch 0 (kafka.coordinator.group.GroupCoordinator)
[2025-02-01 04:07:25,700] INFO [GroupMetadataManager brokerId=0] Scheduling loading of offsets and group metadata from __consumer_offsets-0 for epoch 0 (kafka.coordinator.group.GroupMetadataManager)
[2025-02-01 04:07:25,700] INFO [GroupCoordinator 0]: Elected as the group coordinator for partition 3 in epoch 0 (kafka.coordinator.group.GroupCoordinator)
[2025-02-01 04:07:25,700] INFO [GroupMetadataManager brokerId=0] Scheduling loading of offsets and group metadata from __consumer_offsets-3 for epoch 0 (kafka.coordinator.group.GroupMetadataManager)
[2025-02-01 04:07:25,700] INFO [GroupCoordinator 0]: Elected as the group coordinator for partition 6 in epoch 0 (kafka.coordinator.group.GroupCoordinator)
[2025-02-01 04:07:25,700] INFO [GroupMetadataManager brokerId=0] Scheduling loading of offsets and group metadata from __consumer_offsets-6 for epoch 0 (kafka.coordinator.group.GroupMetadataManager)
[2025-02-01 04:07:25,701] INFO [GroupCoordinator 0]: Elected as the group coordinator for partition 9 in epoch 0 (kafka.coordinator.group.GroupCoordinator)
[2025-02-01 04:07:25,701] INFO [GroupMetadataManager brokerId=0] Scheduling loading of offsets and group metadata from __consumer_offsets-9 for epoch 0 (kafka.coordinator.group.GroupMetadataManager)
[2025-02-01 04:07:25,701] INFO [GroupCoordinator 0]: Elected as the group coordinator for partition 12 in epoch 0 (kafka.coordinator.group.GroupCoordinator)
[2025-02-01 04:07:25,701] INFO [GroupMetadataManager brokerId=0] Scheduling loading of offsets and group metadata from __consumer_offsets-12 for epoch 0 (kafka.coordinator.group.GroupMetadataManager)
[2025-02-01 04:07:25,701] INFO [GroupCoordinator 0]: Elected as the group coordinator for partition 15 in epoch 0 (kafka.coordinator.group.GroupCoordinator)
[2025-02-01 04:07:25,701] INFO [GroupMetadataManager brokerId=0] Scheduling loading of offsets and group metadata from __consumer_offsets-15 for epoch 0 (kafka.coordinator.group.GroupMetadataManager)
[2025-02-01 04:07:25,701] INFO [GroupCoordinator 0]: Elected as the group coordinator for partition 18 in epoch 0 (kafka.coordinator.group.GroupCoordinator)
[2025-02-01 04:07:25,701] INFO [GroupMetadataManager brokerId=0] Scheduling loading of offsets and group metadata from __consumer_offsets-18 for epoch 0 (kafka.coordinator.group.GroupMetadataManager)
[2025-02-01 04:07:25,701] INFO [GroupCoordinator 0]: Elected as the group coordinator for partition 21 in epoch 0 (kafka.coordinator.group.GroupCoordinator)
[2025-02-01 04:07:25,701] INFO [GroupMetadataManager brokerId=0] Scheduling loading of offsets and group metadata from __consumer_offsets-21 for epoch 0 (kafka.coordinator.group.GroupMetadataManager)
[2025-02-01 04:07:25,701] INFO [GroupCoordinator 0]: Elected as the group coordinator for partition 24 in epoch 0 (kafka.coordinator.group.GroupCoordinator)
[2025-02-01 04:07:25,701] INFO [GroupMetadataManager brokerId=0] Scheduling loading of offsets and group metadata from __consumer_offsets-24 for epoch 0 (kafka.coordinator.group.GroupMetadataManager)
[2025-02-01 04:07:25,701] INFO [GroupCoordinator 0]: Elected as the group coordinator for partition 27 in epoch 0 (kafka.coordinator.group.GroupCoordinator)
[2025-02-01 04:07:25,702] INFO [GroupMetadataManager brokerId=0] Scheduling loading of offsets and group metadata from __consumer_offsets-27 for epoch 0 (kafka.coordinator.group.GroupMetadataManager)
[2025-02-01 04:07:25,702] INFO [GroupCoordinator 0]: Elected as the group coordinator for partition 30 in epoch 0 (kafka.coordinator.group.GroupCoordinator)
[2025-02-01 04:07:25,702] INFO [GroupMetadataManager brokerId=0] Scheduling loading of offsets and group metadata from __consumer_offsets-30 for epoch 0 (kafka.coordinator.group.GroupMetadataManager)
[2025-02-01 04:07:25,702] INFO [GroupCoordinator 0]: Elected as the group coordinator for partition 33 in epoch 0 (kafka.coordinator.group.GroupCoordinator)
[2025-02-01 04:07:25,702] INFO [GroupMetadataManager brokerId=0] Scheduling loading of offsets and group metadata from __consumer_offsets-33 for epoch 0 (kafka.coordinator.group.GroupMetadataManager)
[2025-02-01 04:07:25,702] INFO [GroupCoordinator 0]: Elected as the group coordinator for partition 36 in epoch 0 (kafka.coordinator.group.GroupCoordinator)
[2025-02-01 04:07:25,702] INFO [GroupMetadataManager brokerId=0] Scheduling loading of offsets and group metadata from __consumer_offsets-36 for epoch 0 (kafka.coordinator.group.GroupMetadataManager)
[2025-02-01 04:07:25,702] INFO [GroupCoordinator 0]: Elected as the group coordinator for partition 39 in epoch 0 (kafka.coordinator.group.GroupCoordinator)
[2025-02-01 04:07:25,702] INFO [GroupMetadataManager brokerId=0] Scheduling loading of offsets and group metadata from __consumer_offsets-39 for epoch 0 (kafka.coordinator.group.GroupMetadataManager)
[2025-02-01 04:07:25,702] INFO [GroupCoordinator 0]: Elected as the group coordinator for partition 42 in epoch 0 (kafka.coordinator.group.GroupCoordinator)
[2025-02-01 04:07:25,702] INFO [GroupMetadataManager brokerId=0] Scheduling loading of offsets and group metadata from __consumer_offsets-42 for epoch 0 (kafka.coordinator.group.GroupMetadataManager)
[2025-02-01 04:07:25,702] INFO [GroupCoordinator 0]: Elected as the group coordinator for partition 45 in epoch 0 (kafka.coordinator.group.GroupCoordinator)
[2025-02-01 04:07:25,703] INFO [GroupMetadataManager brokerId=0] Scheduling loading of offsets and group metadata from __consumer_offsets-45 for epoch 0 (kafka.coordinator.group.GroupMetadataManager)
[2025-02-01 04:07:25,703] INFO [GroupCoordinator 0]: Elected as the group coordinator for partition 48 in epoch 0 (kafka.coordinator.group.GroupCoordinator)
[2025-02-01 04:07:25,703] INFO [GroupMetadataManager brokerId=0] Scheduling loading of offsets and group metadata from __consumer_offsets-48 for epoch 0 (kafka.coordinator.group.GroupMetadataManager)
[2025-02-01 04:07:25,706] INFO [GroupMetadataManager brokerId=0] Finished loading offsets and group metadata from __consumer_offsets-22 in 11 milliseconds for epoch 0, of which 3 milliseconds was spent in the scheduler. (kafka.coordinator.group.GroupMetadataManager)
[2025-02-01 04:07:25,708] INFO [GroupMetadataManager brokerId=0] Finished loading offsets and group metadata from __consumer_offsets-25 in 12 milliseconds for epoch 0, of which 11 milliseconds was spent in the scheduler. (kafka.coordinator.group.GroupMetadataManager)
[2025-02-01 04:07:25,708] INFO [GroupMetadataManager brokerId=0] Finished loading offsets and group metadata from __consumer_offsets-28 in 12 milliseconds for epoch 0, of which 12 milliseconds was spent in the scheduler. (kafka.coordinator.group.GroupMetadataManager)
[2025-02-01 04:07:25,709] INFO [GroupMetadataManager brokerId=0] Finished loading offsets and group metadata from __consumer_offsets-31 in 13 milliseconds for epoch 0, of which 12 milliseconds was spent in the scheduler. (kafka.coordinator.group.GroupMetadataManager)
[2025-02-01 04:07:25,709] INFO [GroupMetadataManager brokerId=0] Finished loading offsets and group metadata from __consumer_offsets-34 in 13 milliseconds for epoch 0, of which 13 milliseconds was spent in the scheduler. (kafka.coordinator.group.GroupMetadataManager)
[2025-02-01 04:07:25,751] INFO Loaded member MemberMetadata(memberId=sarama-f0ca520a-a7f2-4bc2-9dcf-534cfa4a853a, groupInstanceId=None, clientId=sarama, clientHost=/192.168.126.139, sessionTimeoutMs=10000, rebalanceTimeoutMs=60000, supportedProtocols=List(range)) in group sms-service with generation 3. (kafka.coordinator.group.GroupMetadata$)
[2025-02-01 04:07:25,760] INFO Loaded member MemberMetadata(memberId=sarama-8b16139d-b9f0-41a5-b66c-57cc7c4e5849, groupInstanceId=None, clientId=sarama, clientHost=/192.168.126.140, sessionTimeoutMs=10000, rebalanceTimeoutMs=60000, supportedProtocols=List(range)) in group sms-service with generation 5. (kafka.coordinator.group.GroupMetadata$)
[2025-02-01 04:07:25,760] INFO Loaded member MemberMetadata(memberId=sarama-a7fff56b-c4a1-4e49-a6bc-a5913cc47df7, groupInstanceId=None, clientId=sarama, clientHost=/192.168.126.140, sessionTimeoutMs=10000, rebalanceTimeoutMs=60000, supportedProtocols=List(range)) in group sms-service with generation 7. (kafka.coordinator.group.GroupMetadata$)
[2025-02-01 04:07:25,761] INFO Loaded member MemberMetadata(memberId=sarama-cb32b8ca-f48c-466e-80e9-2b826344ddbe, groupInstanceId=None, clientId=sarama, clientHost=/192.168.126.140, sessionTimeoutMs=10000, rebalanceTimeoutMs=60000, supportedProtocols=List(range)) in group sms-service with generation 9. (kafka.coordinator.group.GroupMetadata$)
[2025-02-01 04:07:25,761] INFO Loaded member MemberMetadata(memberId=sarama-34a68f9d-9b98-4a3f-a520-9734757df95d, groupInstanceId=None, clientId=sarama, clientHost=/192.168.126.141, sessionTimeoutMs=10000, rebalanceTimeoutMs=60000, supportedProtocols=List(range)) in group sms-service with generation 11. (kafka.coordinator.group.GroupMetadata$)
[2025-02-01 04:07:25,762] INFO Loaded member MemberMetadata(memberId=sarama-cad9325f-8146-429a-a264-7df792e09028, groupInstanceId=None, clientId=sarama, clientHost=/192.168.126.141, sessionTimeoutMs=10000, rebalanceTimeoutMs=60000, supportedProtocols=List(range)) in group sms-service with generation 12. (kafka.coordinator.group.GroupMetadata$)
[2025-02-01 04:07:25,762] INFO Loaded member MemberMetadata(memberId=sarama-34a68f9d-9b98-4a3f-a520-9734757df95d, groupInstanceId=None, clientId=sarama, clientHost=/192.168.126.141, sessionTimeoutMs=10000, rebalanceTimeoutMs=60000, supportedProtocols=List(range)) in group sms-service with generation 12. (kafka.coordinator.group.GroupMetadata$)
[2025-02-01 04:07:25,762] INFO Loaded member MemberMetadata(memberId=sarama-34a68f9d-9b98-4a3f-a520-9734757df95d, groupInstanceId=None, clientId=sarama, clientHost=/192.168.126.141, sessionTimeoutMs=10000, rebalanceTimeoutMs=60000, supportedProtocols=List(range)) in group sms-service with generation 13. (kafka.coordinator.group.GroupMetadata$)
[2025-02-01 04:07:25,763] INFO Loaded member MemberMetadata(memberId=sarama-b7427b1d-315d-49e9-a2a8-a4539672c5ec, groupInstanceId=None, clientId=sarama, clientHost=/192.168.126.141, sessionTimeoutMs=10000, rebalanceTimeoutMs=60000, supportedProtocols=List(range)) in group sms-service with generation 15. (kafka.coordinator.group.GroupMetadata$)
[2025-02-01 04:07:25,767] INFO [GroupCoordinator 0]: Loading group metadata for sms-service with generation 15 (kafka.coordinator.group.GroupCoordinator)
[2025-02-01 04:07:25,774] INFO [GroupMetadataManager brokerId=0] Finished loading offsets and group metadata from __consumer_offsets-37 in 78 milliseconds for epoch 0, of which 13 milliseconds was spent in the scheduler. (kafka.coordinator.group.GroupMetadataManager)
[2025-02-01 04:07:25,774] INFO [GroupMetadataManager brokerId=0] Finished loading offsets and group metadata from __consumer_offsets-40 in 78 milliseconds for epoch 0, of which 78 milliseconds was spent in the scheduler. (kafka.coordinator.group.GroupMetadataManager)
[2025-02-01 04:07:25,775] INFO [GroupMetadataManager brokerId=0] Finished loading offsets and group metadata from __consumer_offsets-43 in 79 milliseconds for epoch 0, of which 79 milliseconds was spent in the scheduler. (kafka.coordinator.group.GroupMetadataManager)
[2025-02-01 04:07:25,775] INFO [GroupMetadataManager brokerId=0] Finished loading offsets and group metadata from __consumer_offsets-46 in 78 milliseconds for epoch 0, of which 78 milliseconds was spent in the scheduler. (kafka.coordinator.group.GroupMetadataManager)
[2025-02-01 04:07:25,775] INFO [GroupMetadataManager brokerId=0] Finished loading offsets and group metadata from __consumer_offsets-49 in 78 milliseconds for epoch 0, of which 78 milliseconds was spent in the scheduler. (kafka.coordinator.group.GroupMetadataManager)
[2025-02-01 04:07:25,776] INFO [GroupMetadataManager brokerId=0] Finished loading offsets and group metadata from __consumer_offsets-41 in 79 milliseconds for epoch 0, of which 78 milliseconds was spent in the scheduler. (kafka.coordinator.group.GroupMetadataManager)
[2025-02-01 04:07:25,776] INFO [GroupMetadataManager brokerId=0] Finished loading offsets and group metadata from __consumer_offsets-44 in 79 milliseconds for epoch 0, of which 79 milliseconds was spent in the scheduler. (kafka.coordinator.group.GroupMetadataManager)
[2025-02-01 04:07:25,776] INFO [GroupMetadataManager brokerId=0] Finished loading offsets and group metadata from __consumer_offsets-47 in 79 milliseconds for epoch 0, of which 79 milliseconds was spent in the scheduler. (kafka.coordinator.group.GroupMetadataManager)
[2025-02-01 04:07:25,776] INFO [GroupMetadataManager brokerId=0] Finished loading offsets and group metadata from __consumer_offsets-1 in 79 milliseconds for epoch 0, of which 79 milliseconds was spent in the scheduler. (kafka.coordinator.group.GroupMetadataManager)
[2025-02-01 04:07:25,777] INFO [GroupMetadataManager brokerId=0] Finished loading offsets and group metadata from __consumer_offsets-4 in 79 milliseconds for epoch 0, of which 79 milliseconds was spent in the scheduler. (kafka.coordinator.group.GroupMetadataManager)
[2025-02-01 04:07:25,777] INFO [GroupMetadataManager brokerId=0] Finished loading offsets and group metadata from __consumer_offsets-7 in 79 milliseconds for epoch 0, of which 79 milliseconds was spent in the scheduler. (kafka.coordinator.group.GroupMetadataManager)
[2025-02-01 04:07:25,777] INFO [GroupMetadataManager brokerId=0] Finished loading offsets and group metadata from __consumer_offsets-10 in 79 milliseconds for epoch 0, of which 79 milliseconds was spent in the scheduler. (kafka.coordinator.group.GroupMetadataManager)
[2025-02-01 04:07:25,778] INFO [GroupMetadataManager brokerId=0] Finished loading offsets and group metadata from __consumer_offsets-13 in 80 milliseconds for epoch 0, of which 80 milliseconds was spent in the scheduler. (kafka.coordinator.group.GroupMetadataManager)
[2025-02-01 04:07:25,778] INFO [GroupMetadataManager brokerId=0] Finished loading offsets and group metadata from __consumer_offsets-16 in 80 milliseconds for epoch 0, of which 80 milliseconds was spent in the scheduler. (kafka.coordinator.group.GroupMetadataManager)
[2025-02-01 04:07:25,779] INFO [GroupMetadataManager brokerId=0] Finished loading offsets and group metadata from __consumer_offsets-19 in 81 milliseconds for epoch 0, of which 81 milliseconds was spent in the scheduler. (kafka.coordinator.group.GroupMetadataManager)
[2025-02-01 04:07:25,779] INFO [GroupMetadataManager brokerId=0] Finished loading offsets and group metadata from __consumer_offsets-2 in 81 milliseconds for epoch 0, of which 81 milliseconds was spent in the scheduler. (kafka.coordinator.group.GroupMetadataManager)
[2025-02-01 04:07:25,779] INFO [GroupMetadataManager brokerId=0] Finished loading offsets and group metadata from __consumer_offsets-5 in 81 milliseconds for epoch 0, of which 81 milliseconds was spent in the scheduler. (kafka.coordinator.group.GroupMetadataManager)
[2025-02-01 04:07:25,780] INFO [GroupMetadataManager brokerId=0] Finished loading offsets and group metadata from __consumer_offsets-8 in 81 milliseconds for epoch 0, of which 81 milliseconds was spent in the scheduler. (kafka.coordinator.group.GroupMetadataManager)
[2025-02-01 04:07:25,780] INFO [GroupMetadataManager brokerId=0] Finished loading offsets and group metadata from __consumer_offsets-11 in 81 milliseconds for epoch 0, of which 81 milliseconds was spent in the scheduler. (kafka.coordinator.group.GroupMetadataManager)
[2025-02-01 04:07:25,781] INFO [GroupMetadataManager brokerId=0] Finished loading offsets and group metadata from __consumer_offsets-14 in 81 milliseconds for epoch 0, of which 81 milliseconds was spent in the scheduler. (kafka.coordinator.group.GroupMetadataManager)
[2025-02-01 04:07:25,781] INFO [GroupMetadataManager brokerId=0] Finished loading offsets and group metadata from __consumer_offsets-17 in 82 milliseconds for epoch 0, of which 82 milliseconds was spent in the scheduler. (kafka.coordinator.group.GroupMetadataManager)
[2025-02-01 04:07:25,781] INFO [GroupMetadataManager brokerId=0] Finished loading offsets and group metadata from __consumer_offsets-20 in 82 milliseconds for epoch 0, of which 82 milliseconds was spent in the scheduler. (kafka.coordinator.group.GroupMetadataManager)
[2025-02-01 04:07:25,782] INFO [GroupMetadataManager brokerId=0] Finished loading offsets and group metadata from __consumer_offsets-26 in 82 milliseconds for epoch 0, of which 82 milliseconds was spent in the scheduler. (kafka.coordinator.group.GroupMetadataManager)
[2025-02-01 04:07:25,782] INFO [GroupMetadataManager brokerId=0] Finished loading offsets and group metadata from __consumer_offsets-29 in 83 milliseconds for epoch 0, of which 83 milliseconds was spent in the scheduler. (kafka.coordinator.group.GroupMetadataManager)
[2025-02-01 04:07:25,782] INFO [GroupMetadataManager brokerId=0] Finished loading offsets and group metadata from __consumer_offsets-23 in 82 milliseconds for epoch 0, of which 82 milliseconds was spent in the scheduler. (kafka.coordinator.group.GroupMetadataManager)
[2025-02-01 04:07:25,783] INFO [GroupMetadataManager brokerId=0] Finished loading offsets and group metadata from __consumer_offsets-35 in 83 milliseconds for epoch 0, of which 83 milliseconds was spent in the scheduler. (kafka.coordinator.group.GroupMetadataManager)
[2025-02-01 04:07:25,783] INFO [GroupMetadataManager brokerId=0] Finished loading offsets and group metadata from __consumer_offsets-38 in 83 milliseconds for epoch 0, of which 83 milliseconds was spent in the scheduler. (kafka.coordinator.group.GroupMetadataManager)
[2025-02-01 04:07:25,783] INFO [GroupMetadataManager brokerId=0] Finished loading offsets and group metadata from __consumer_offsets-32 in 83 milliseconds for epoch 0, of which 83 milliseconds was spent in the scheduler. (kafka.coordinator.group.GroupMetadataManager)
[2025-02-01 04:07:25,784] INFO [GroupMetadataManager brokerId=0] Finished loading offsets and group metadata from __consumer_offsets-0 in 84 milliseconds for epoch 0, of which 84 milliseconds was spent in the scheduler. (kafka.coordinator.group.GroupMetadataManager)
[2025-02-01 04:07:25,784] INFO [GroupMetadataManager brokerId=0] Finished loading offsets and group metadata from __consumer_offsets-3 in 84 milliseconds for epoch 0, of which 84 milliseconds was spent in the scheduler. (kafka.coordinator.group.GroupMetadataManager)
[2025-02-01 04:07:25,784] INFO [GroupMetadataManager brokerId=0] Finished loading offsets and group metadata from __consumer_offsets-6 in 83 milliseconds for epoch 0, of which 83 milliseconds was spent in the scheduler. (kafka.coordinator.group.GroupMetadataManager)
[2025-02-01 04:07:25,785] INFO [GroupMetadataManager brokerId=0] Finished loading offsets and group metadata from __consumer_offsets-9 in 84 milliseconds for epoch 0, of which 84 milliseconds was spent in the scheduler. (kafka.coordinator.group.GroupMetadataManager)
[2025-02-01 04:07:25,785] INFO [GroupMetadataManager brokerId=0] Finished loading offsets and group metadata from __consumer_offsets-12 in 84 milliseconds for epoch 0, of which 84 milliseconds was spent in the scheduler. (kafka.coordinator.group.GroupMetadataManager)
[2025-02-01 04:07:25,785] INFO [GroupMetadataManager brokerId=0] Finished loading offsets and group metadata from __consumer_offsets-15 in 84 milliseconds for epoch 0, of which 84 milliseconds was spent in the scheduler. (kafka.coordinator.group.GroupMetadataManager)
[2025-02-01 04:07:25,786] INFO [GroupMetadataManager brokerId=0] Finished loading offsets and group metadata from __consumer_offsets-18 in 85 milliseconds for epoch 0, of which 85 milliseconds was spent in the scheduler. (kafka.coordinator.group.GroupMetadataManager)
[2025-02-01 04:07:25,786] INFO [GroupMetadataManager brokerId=0] Finished loading offsets and group metadata from __consumer_offsets-21 in 85 milliseconds for epoch 0, of which 85 milliseconds was spent in the scheduler. (kafka.coordinator.group.GroupMetadataManager)
[2025-02-01 04:07:25,787] INFO [GroupMetadataManager brokerId=0] Finished loading offsets and group metadata from __consumer_offsets-24 in 86 milliseconds for epoch 0, of which 85 milliseconds was spent in the scheduler. (kafka.coordinator.group.GroupMetadataManager)
[2025-02-01 04:07:25,787] INFO [GroupMetadataManager brokerId=0] Finished loading offsets and group metadata from __consumer_offsets-27 in 85 milliseconds for epoch 0, of which 85 milliseconds was spent in the scheduler. (kafka.coordinator.group.GroupMetadataManager)
[2025-02-01 04:07:25,787] INFO [GroupMetadataManager brokerId=0] Finished loading offsets and group metadata from __consumer_offsets-30 in 85 milliseconds for epoch 0, of which 85 milliseconds was spent in the scheduler. (kafka.coordinator.group.GroupMetadataManager)
[2025-02-01 04:07:25,787] INFO [GroupMetadataManager brokerId=0] Finished loading offsets and group metadata from __consumer_offsets-33 in 85 milliseconds for epoch 0, of which 85 milliseconds was spent in the scheduler. (kafka.coordinator.group.GroupMetadataManager)
[2025-02-01 04:07:25,788] INFO [GroupMetadataManager brokerId=0] Finished loading offsets and group metadata from __consumer_offsets-36 in 86 milliseconds for epoch 0, of which 86 milliseconds was spent in the scheduler. (kafka.coordinator.group.GroupMetadataManager)
[2025-02-01 04:07:25,788] INFO [GroupMetadataManager brokerId=0] Finished loading offsets and group metadata from __consumer_offsets-39 in 86 milliseconds for epoch 0, of which 86 milliseconds was spent in the scheduler. (kafka.coordinator.group.GroupMetadataManager)
[2025-02-01 04:07:25,788] INFO [GroupMetadataManager brokerId=0] Finished loading offsets and group metadata from __consumer_offsets-42 in 86 milliseconds for epoch 0, of which 86 milliseconds was spent in the scheduler. (kafka.coordinator.group.GroupMetadataManager)
[2025-02-01 04:07:25,789] INFO [GroupMetadataManager brokerId=0] Finished loading offsets and group metadata from __consumer_offsets-45 in 86 milliseconds for epoch 0, of which 86 milliseconds was spent in the scheduler. (kafka.coordinator.group.GroupMetadataManager)
[2025-02-01 04:07:25,789] INFO [GroupMetadataManager brokerId=0] Finished loading offsets and group metadata from __consumer_offsets-48 in 86 milliseconds for epoch 0, of which 86 milliseconds was spent in the scheduler. (kafka.coordinator.group.GroupMetadataManager)
[2025-02-01 04:07:27,494] INFO [GroupCoordinator 0]: Preparing to rebalance group sms-service in state PreparingRebalance with old generation 15 (__consumer_offsets-37) (reason: Leader sarama-b7427b1d-315d-49e9-a2a8-a4539672c5ec re-joining group during Stable; client reason: not provided) (kafka.coordinator.group.GroupCoordinator)
[2025-02-01 04:07:27,503] INFO [GroupCoordinator 0]: Stabilized group sms-service generation 16 (__consumer_offsets-37) with 1 members (kafka.coordinator.group.GroupCoordinator)
[2025-02-01 04:07:27,523] INFO [GroupCoordinator 0]: Assignment received from leader sarama-b7427b1d-315d-49e9-a2a8-a4539672c5ec for group sms-service for generation 16. The group has 1 members, 0 of which are static. (kafka.coordinator.group.GroupCoordinator)
[2025-02-01 04:07:38,787] WARN The last checkpoint dirty offset for partition __consumer_offsets-9 is 38, which is larger than the log end offset 0. Resetting to the log start offset 0. (kafka.log.LogCleanerManager$)
[2025-02-01 04:07:38,794] WARN The last checkpoint dirty offset for partition __consumer_offsets-17 is 52, which is larger than the log end offset 0. Resetting to the log start offset 0. (kafka.log.LogCleanerManager$)
[2025-02-01 04:07:38,797] WARN The last checkpoint dirty offset for partition __consumer_offsets-38 is 39, which is larger than the log end offset 0. Resetting to the log start offset 0. (kafka.log.LogCleanerManager$)
[2025-02-01 04:07:38,805] WARN The last checkpoint dirty offset for partition __consumer_offsets-4 is 30, which is larger than the log end offset 0. Resetting to the log start offset 0. (kafka.log.LogCleanerManager$)
[2025-02-02 12:50:08,752] WARN Client session timed out, have not heard from server in 21578ms for session id 0x19373015786000e (org.apache.zookeeper.ClientCnxn)
[2025-02-02 12:50:09,887] WARN Session 0x19373015786000e for server localhost/127.0.0.1:2181, Closing socket connection. Attempting reconnect except it is a SessionExpiredException. (org.apache.zookeeper.ClientCnxn)
org.apache.zookeeper.ClientCnxn$SessionTimeoutException: Client session timed out, have not heard from server in 21578ms for session id 0x19373015786000e
	at org.apache.zookeeper.ClientCnxn$SendThread.run(ClientCnxn.java:1261)
[2025-02-02 12:50:11,972] INFO Opening socket connection to server localhost/127.0.0.1:2181. (org.apache.zookeeper.ClientCnxn)
[2025-02-02 12:50:11,973] INFO Socket connection established, initiating session, client: /127.0.0.1:49034, server: localhost/127.0.0.1:2181 (org.apache.zookeeper.ClientCnxn)
[2025-02-02 12:50:11,994] WARN Unable to reconnect to ZooKeeper service, session 0x19373015786000e has expired (org.apache.zookeeper.ClientCnxn)
[2025-02-02 12:50:11,995] WARN Session 0x19373015786000e for server localhost/127.0.0.1:2181, Closing socket connection. Attempting reconnect except it is a SessionExpiredException. (org.apache.zookeeper.ClientCnxn)
org.apache.zookeeper.ClientCnxn$SessionExpiredException: Unable to reconnect to ZooKeeper service, session 0x19373015786000e has expired
	at org.apache.zookeeper.ClientCnxn$SendThread.onConnected(ClientCnxn.java:1438)
	at org.apache.zookeeper.ClientCnxnSocket.readConnectResult(ClientCnxnSocket.java:154)
	at org.apache.zookeeper.ClientCnxnSocketNIO.doIO(ClientCnxnSocketNIO.java:86)
	at org.apache.zookeeper.ClientCnxnSocketNIO.doTransport(ClientCnxnSocketNIO.java:350)
	at org.apache.zookeeper.ClientCnxn$SendThread.run(ClientCnxn.java:1293)
[2025-02-02 12:50:11,999] INFO EventThread shut down for session: 0x19373015786000e (org.apache.zookeeper.ClientCnxn)
[2025-02-02 12:50:12,001] INFO [ZooKeeperClient Kafka server] Session expired. (kafka.zookeeper.ZooKeeperClient)
[2025-02-02 12:50:12,007] INFO [ZooKeeperClient Kafka server] Initializing a new session to localhost:2181. (kafka.zookeeper.ZooKeeperClient)
[2025-02-02 12:50:12,007] INFO Initiating client connection, connectString=localhost:2181 sessionTimeout=18000 watcher=kafka.zookeeper.ZooKeeperClient$ZooKeeperClientWatcher$@206a70ef (org.apache.zookeeper.ZooKeeper)
[2025-02-02 12:50:12,008] INFO jute.maxbuffer value is 4194304 Bytes (org.apache.zookeeper.ClientCnxnSocket)
[2025-02-02 12:50:12,008] INFO zookeeper.request.timeout value is 0. feature enabled=false (org.apache.zookeeper.ClientCnxn)
[2025-02-02 12:50:12,013] INFO Opening socket connection to server localhost/127.0.0.1:2181. (org.apache.zookeeper.ClientCnxn)
[2025-02-02 12:50:12,014] INFO Socket connection established, initiating session, client: /127.0.0.1:49036, server: localhost/127.0.0.1:2181 (org.apache.zookeeper.ClientCnxn)
[2025-02-02 12:50:12,021] INFO Session establishment complete on server localhost/127.0.0.1:2181, session id = 0x19373015786000f, negotiated timeout = 18000 (org.apache.zookeeper.ClientCnxn)
[2025-02-02 12:50:12,051] INFO [MetadataCache brokerId=0] Updated cache from existing FinalizedFeaturesAndEpoch(features=Map(), epoch=0) to latest FinalizedFeaturesAndEpoch(features=Map(), epoch=0). (kafka.server.metadata.ZkMetadataCache)
[2025-02-02 12:50:12,067] INFO Creating /brokers/ids/0 (is it secure? false) (kafka.zk.KafkaZkClient)
[2025-02-02 12:50:12,071] INFO Stat of the created znode at /brokers/ids/0 is: 310,310,1738471812069,1738471812069,1,0,0,113560865214955535,214,0,310
 (kafka.zk.KafkaZkClient)
[2025-02-02 12:50:12,071] INFO Registered broker 0 at path /brokers/ids/0 with addresses: PLAINTEXT://192.168.126.100:9092, czxid (broker epoch): 310 (kafka.zk.KafkaZkClient)
