{"@timestamp":"2025-02-16T03:56:12.244+08:00","caller":"svc/servicecontext.go:60","content":"init mysql client instance success.","level":"info"}
{"@timestamp":"2025-02-16T03:56:12.259+08:00","caller":"svc/servicecontext.go:60","content":"init mysql client instance success.","level":"info"}
{"@timestamp":"2025-02-16T03:56:12.271+08:00","caller":"svc/servicecontext.go:87","content":"连接成功: PONG","level":"info"}
{"@timestamp":"2025-02-16T03:56:12.285+08:00","caller":"prometheus/agent.go:40","content":"Starting prometheus agent at 0.0.0.0:9094","level":"info"}
Starting rpc server at 0.0.0.0:20810...
{"@timestamp":"2025-02-16T03:57:12.230+08:00","caller":"stat/usage.go:61","content":"CPU: 20m, MEMORY: Alloc=7.0Mi, TotalAlloc=15.6Mi, Sys=22.6Mi, NumGC=5","level":"stat"}
{"@timestamp":"2025-02-16T03:57:12.286+08:00","caller":"load/sheddingstat.go:61","content":"(rpc) shedding_stat [1m], cpu: 20, total: 0, pass: 0, drop: 0","level":"stat"}
{"@timestamp":"2025-02-16T03:58:12.231+08:00","caller":"stat/usage.go:61","content":"CPU: 18m, MEMORY: Alloc=8.1Mi, TotalAlloc=21.9Mi, Sys=26.6Mi, NumGC=6","level":"stat"}
{"@timestamp":"2025-02-16T03:58:12.285+08:00","caller":"load/sheddingstat.go:61","content":"(rpc) shedding_stat [1m], cpu: 18, total: 0, pass: 0, drop: 0","level":"stat"}
{"@timestamp":"2025-02-16T03:59:12.230+08:00","caller":"stat/usage.go:61","content":"CPU: 23m, MEMORY: Alloc=8.2Mi, TotalAlloc=27.4Mi, Sys=26.6Mi, NumGC=7","level":"stat"}
{"@timestamp":"2025-02-16T03:59:12.286+08:00","caller":"load/sheddingstat.go:61","content":"(rpc) shedding_stat [1m], cpu: 23, total: 0, pass: 0, drop: 0","level":"stat"}
{"@timestamp":"2025-02-16T04:00:12.230+08:00","caller":"stat/usage.go:61","content":"CPU: 17m, MEMORY: Alloc=8.4Mi, TotalAlloc=32.9Mi, Sys=26.6Mi, NumGC=8","level":"stat"}
{"@timestamp":"2025-02-16T04:00:12.285+08:00","caller":"load/sheddingstat.go:61","content":"(rpc) shedding_stat [1m], cpu: 17, total: 0, pass: 0, drop: 0","level":"stat"}
{"@timestamp":"2025-02-16T04:01:12.230+08:00","caller":"stat/usage.go:61","content":"CPU: 17m, MEMORY: Alloc=8.8Mi, TotalAlloc=39.2Mi, Sys=26.6Mi, NumGC=9","level":"stat"}
{"@timestamp":"2025-02-16T04:01:12.285+08:00","caller":"load/sheddingstat.go:61","content":"(rpc) shedding_stat [1m], cpu: 17, total: 0, pass: 0, drop: 0","level":"stat"}
{"@timestamp":"2025-02-16T04:02:12.230+08:00","caller":"stat/usage.go:61","content":"CPU: 18m, MEMORY: Alloc=7.9Mi, TotalAlloc=44.7Mi, Sys=26.6Mi, NumGC=10","level":"stat"}
{"@timestamp":"2025-02-16T04:02:12.286+08:00","caller":"load/sheddingstat.go:61","content":"(rpc) shedding_stat [1m], cpu: 18, total: 0, pass: 0, drop: 0","level":"stat"}
{"@timestamp":"2025-02-16T04:03:12.230+08:00","caller":"stat/usage.go:61","content":"CPU: 18m, MEMORY: Alloc=10.4Mi, TotalAlloc=51.8Mi, Sys=26.6Mi, NumGC=11","level":"stat"}
{"@timestamp":"2025-02-16T04:03:12.286+08:00","caller":"load/sheddingstat.go:61","content":"(rpc) shedding_stat [1m], cpu: 18, total: 0, pass: 0, drop: 0","level":"stat"}
{"@timestamp":"2025-02-16T04:04:12.229+08:00","caller":"stat/usage.go:61","content":"CPU: 17m, MEMORY: Alloc=5.9Mi, TotalAlloc=58.9Mi, Sys=26.6Mi, NumGC=13","level":"stat"}
{"@timestamp":"2025-02-16T04:04:12.285+08:00","caller":"load/sheddingstat.go:61","content":"(rpc) shedding_stat [1m], cpu: 17, total: 0, pass: 0, drop: 0","level":"stat"}
{"@timestamp":"2025-02-16T04:05:12.230+08:00","caller":"stat/usage.go:61","content":"CPU: 19m, MEMORY: Alloc=8.2Mi, TotalAlloc=66.0Mi, Sys=26.6Mi, NumGC=14","level":"stat"}
{"@timestamp":"2025-02-16T04:05:12.285+08:00","caller":"load/sheddingstat.go:61","content":"(rpc) shedding_stat [1m], cpu: 19, total: 0, pass: 0, drop: 0","level":"stat"}
{"@timestamp":"2025-02-16T04:06:12.230+08:00","caller":"stat/usage.go:61","content":"CPU: 19m, MEMORY: Alloc=11.6Mi, TotalAlloc=73.1Mi, Sys=26.6Mi, NumGC=15","level":"stat"}
{"@timestamp":"2025-02-16T04:06:12.285+08:00","caller":"load/sheddingstat.go:61","content":"(rpc) shedding_stat [1m], cpu: 19, total: 0, pass: 0, drop: 0","level":"stat"}
{"@timestamp":"2025-02-16T04:07:12.230+08:00","caller":"stat/usage.go:61","content":"CPU: 54m, MEMORY: Alloc=8.3Mi, TotalAlloc=80.5Mi, Sys=26.6Mi, NumGC=17","level":"stat"}
{"@timestamp":"2025-02-16T04:07:12.286+08:00","caller":"load/sheddingstat.go:61","content":"(rpc) shedding_stat [1m], cpu: 54, total: 0, pass: 0, drop: 0","level":"stat"}
{"@timestamp":"2025-02-16T04:08:12.230+08:00","caller":"stat/usage.go:61","content":"CPU: 31m, MEMORY: Alloc=8.4Mi, TotalAlloc=86.0Mi, Sys=26.6Mi, NumGC=18","level":"stat"}
{"@timestamp":"2025-02-16T04:08:12.285+08:00","caller":"load/sheddingstat.go:61","content":"(rpc) shedding_stat [1m], cpu: 31, total: 0, pass: 0, drop: 0","level":"stat"}
{"@timestamp":"2025-02-16T04:09:12.230+08:00","caller":"stat/usage.go:61","content":"CPU: 19m, MEMORY: Alloc=8.2Mi, TotalAlloc=93.9Mi, Sys=26.6Mi, NumGC=20","level":"stat"}
{"@timestamp":"2025-02-16T04:09:12.286+08:00","caller":"load/sheddingstat.go:61","content":"(rpc) shedding_stat [1m], cpu: 19, total: 0, pass: 0, drop: 0","level":"stat"}
{"@timestamp":"2025-02-16T04:10:12.230+08:00","caller":"stat/usage.go:61","content":"CPU: 17m, MEMORY: Alloc=8.4Mi, TotalAlloc=100.2Mi, Sys=26.6Mi, NumGC=21","level":"stat"}
{"@timestamp":"2025-02-16T04:10:12.285+08:00","caller":"load/sheddingstat.go:61","content":"(rpc) shedding_stat [1m], cpu: 17, total: 0, pass: 0, drop: 0","level":"stat"}
{"@timestamp":"2025-02-16T04:11:12.230+08:00","caller":"stat/usage.go:61","content":"CPU: 17m, MEMORY: Alloc=7.8Mi, TotalAlloc=108.1Mi, Sys=26.6Mi, NumGC=23","level":"stat"}
{"@timestamp":"2025-02-16T04:11:12.285+08:00","caller":"load/sheddingstat.go:61","content":"(rpc) shedding_stat [1m], cpu: 17, total: 0, pass: 0, drop: 0","level":"stat"}
{"@timestamp":"2025-02-16T04:12:12.230+08:00","caller":"stat/usage.go:61","content":"CPU: 46m, MEMORY: Alloc=6.4Mi, TotalAlloc=114.5Mi, Sys=26.6Mi, NumGC=25","level":"stat"}
{"@timestamp":"2025-02-16T04:12:12.286+08:00","caller":"load/sheddingstat.go:61","content":"(rpc) shedding_stat [1m], cpu: 46, total: 0, pass: 0, drop: 0","level":"stat"}
{"@timestamp":"2025-02-16T04:13:12.230+08:00","caller":"stat/usage.go:61","content":"CPU: 16m, MEMORY: Alloc=9.3Mi, TotalAlloc=121.7Mi, Sys=26.6Mi, NumGC=26","level":"stat"}
{"@timestamp":"2025-02-16T04:13:12.286+08:00","caller":"load/sheddingstat.go:61","content":"(rpc) shedding_stat [1m], cpu: 16, total: 0, pass: 0, drop: 0","level":"stat"}
{"@timestamp":"2025-02-16T04:14:12.230+08:00","caller":"stat/usage.go:61","content":"CPU: 20m, MEMORY: Alloc=9.2Mi, TotalAlloc=128.7Mi, Sys=26.6Mi, NumGC=27","level":"stat"}
{"@timestamp":"2025-02-16T04:14:12.285+08:00","caller":"load/sheddingstat.go:61","content":"(rpc) shedding_stat [1m], cpu: 20, total: 0, pass: 0, drop: 0","level":"stat"}
{"@timestamp":"2025-02-16T04:15:12.231+08:00","caller":"stat/usage.go:61","content":"CPU: 17m, MEMORY: Alloc=11.2Mi, TotalAlloc=135.9Mi, Sys=26.6Mi, NumGC=28","level":"stat"}
{"@timestamp":"2025-02-16T04:15:12.286+08:00","caller":"load/sheddingstat.go:61","content":"(rpc) shedding_stat [1m], cpu: 17, total: 0, pass: 0, drop: 0","level":"stat"}
{"@timestamp":"2025-02-16T04:16:12.230+08:00","caller":"stat/usage.go:61","content":"CPU: 25m, MEMORY: Alloc=10.9Mi, TotalAlloc=141.4Mi, Sys=26.6Mi, NumGC=29","level":"stat"}
{"@timestamp":"2025-02-16T04:16:12.286+08:00","caller":"load/sheddingstat.go:61","content":"(rpc) shedding_stat [1m], cpu: 25, total: 0, pass: 0, drop: 0","level":"stat"}
{"@timestamp":"2025-02-16T04:17:12.229+08:00","caller":"stat/usage.go:61","content":"CPU: 18m, MEMORY: Alloc=11.2Mi, TotalAlloc=148.6Mi, Sys=26.6Mi, NumGC=30","level":"stat"}
{"@timestamp":"2025-02-16T04:17:12.286+08:00","caller":"load/sheddingstat.go:61","content":"(rpc) shedding_stat [1m], cpu: 18, total: 0, pass: 0, drop: 0","level":"stat"}
{"@timestamp":"2025-02-16T04:18:12.230+08:00","caller":"stat/usage.go:61","content":"CPU: 48m, MEMORY: Alloc=9.5Mi, TotalAlloc=154.1Mi, Sys=26.6Mi, NumGC=31","level":"stat"}
{"@timestamp":"2025-02-16T04:18:12.286+08:00","caller":"load/sheddingstat.go:61","content":"(rpc) shedding_stat [1m], cpu: 48, total: 0, pass: 0, drop: 0","level":"stat"}
{"@timestamp":"2025-02-16T04:19:12.230+08:00","caller":"stat/usage.go:61","content":"CPU: 16m, MEMORY: Alloc=7.7Mi, TotalAlloc=158.8Mi, Sys=26.8Mi, NumGC=32","level":"stat"}
{"@timestamp":"2025-02-16T04:19:12.286+08:00","caller":"load/sheddingstat.go:61","content":"(rpc) shedding_stat [1m], cpu: 16, total: 0, pass: 0, drop: 0","level":"stat"}
{"@timestamp":"2025-02-16T04:20:12.231+08:00","caller":"stat/usage.go:61","content":"CPU: 17m, MEMORY: Alloc=12.3Mi, TotalAlloc=163.5Mi, Sys=26.8Mi, NumGC=32","level":"stat"}
{"@timestamp":"2025-02-16T04:20:12.285+08:00","caller":"load/sheddingstat.go:61","content":"(rpc) shedding_stat [1m], cpu: 17, total: 0, pass: 0, drop: 0","level":"stat"}
{"@timestamp":"2025-02-16T04:21:12.230+08:00","caller":"stat/usage.go:61","content":"CPU: 16m, MEMORY: Alloc=9.0Mi, TotalAlloc=168.2Mi, Sys=26.8Mi, NumGC=33","level":"stat"}
{"@timestamp":"2025-02-16T04:21:12.286+08:00","caller":"load/sheddingstat.go:61","content":"(rpc) shedding_stat [1m], cpu: 16, total: 0, pass: 0, drop: 0","level":"stat"}
{"@timestamp":"2025-02-16T04:22:12.230+08:00","caller":"stat/usage.go:61","content":"CPU: 24m, MEMORY: Alloc=9.2Mi, TotalAlloc=174.5Mi, Sys=26.8Mi, NumGC=34","level":"stat"}
{"@timestamp":"2025-02-16T04:22:12.286+08:00","caller":"load/sheddingstat.go:61","content":"(rpc) shedding_stat [1m], cpu: 24, total: 0, pass: 0, drop: 0","level":"stat"}
{"@timestamp":"2025-02-16T04:23:12.230+08:00","caller":"stat/usage.go:61","content":"CPU: 17m, MEMORY: Alloc=7.6Mi, TotalAlloc=180.0Mi, Sys=26.8Mi, NumGC=35","level":"stat"}
{"@timestamp":"2025-02-16T04:23:12.286+08:00","caller":"load/sheddingstat.go:61","content":"(rpc) shedding_stat [1m], cpu: 17, total: 0, pass: 0, drop: 0","level":"stat"}
{"@timestamp":"2025-02-16T04:24:12.230+08:00","caller":"stat/usage.go:61","content":"CPU: 17m, MEMORY: Alloc=10.0Mi, TotalAlloc=187.2Mi, Sys=26.8Mi, NumGC=36","level":"stat"}
{"@timestamp":"2025-02-16T04:24:12.286+08:00","caller":"load/sheddingstat.go:61","content":"(rpc) shedding_stat [1m], cpu: 17, total: 0, pass: 0, drop: 0","level":"stat"}
{"@timestamp":"2025-02-16T04:25:12.230+08:00","caller":"stat/usage.go:61","content":"CPU: 42m, MEMORY: Alloc=7.6Mi, TotalAlloc=191.8Mi, Sys=26.8Mi, NumGC=37","level":"stat"}
{"@timestamp":"2025-02-16T04:25:12.286+08:00","caller":"load/sheddingstat.go:61","content":"(rpc) shedding_stat [1m], cpu: 42, total: 0, pass: 0, drop: 0","level":"stat"}
{"@timestamp":"2025-02-16T04:26:12.230+08:00","caller":"stat/usage.go:61","content":"CPU: 17m, MEMORY: Alloc=8.4Mi, TotalAlloc=197.3Mi, Sys=26.8Mi, NumGC=38","level":"stat"}
{"@timestamp":"2025-02-16T04:26:12.286+08:00","caller":"load/sheddingstat.go:61","content":"(rpc) shedding_stat [1m], cpu: 17, total: 0, pass: 0, drop: 0","level":"stat"}
{"@timestamp":"2025-02-16T04:27:12.230+08:00","caller":"stat/usage.go:61","content":"CPU: 16m, MEMORY: Alloc=8.8Mi, TotalAlloc=202.9Mi, Sys=26.8Mi, NumGC=39","level":"stat"}
{"@timestamp":"2025-02-16T04:27:12.286+08:00","caller":"load/sheddingstat.go:61","content":"(rpc) shedding_stat [1m], cpu: 16, total: 0, pass: 0, drop: 0","level":"stat"}
{"@timestamp":"2025-02-16T04:28:12.230+08:00","caller":"stat/usage.go:61","content":"CPU: 17m, MEMORY: Alloc=13.4Mi, TotalAlloc=207.6Mi, Sys=26.8Mi, NumGC=39","level":"stat"}
{"@timestamp":"2025-02-16T04:28:12.286+08:00","caller":"load/sheddingstat.go:61","content":"(rpc) shedding_stat [1m], cpu: 17, total: 0, pass: 0, drop: 0","level":"stat"}
{"@timestamp":"2025-02-16T04:29:12.230+08:00","caller":"stat/usage.go:61","content":"CPU: 33m, MEMORY: Alloc=11.0Mi, TotalAlloc=213.0Mi, Sys=26.8Mi, NumGC=40","level":"stat"}
{"@timestamp":"2025-02-16T04:29:12.285+08:00","caller":"load/sheddingstat.go:61","content":"(rpc) shedding_stat [1m], cpu: 33, total: 0, pass: 0, drop: 0","level":"stat"}
{"@timestamp":"2025-02-16T04:30:12.230+08:00","caller":"stat/usage.go:61","content":"CPU: 17m, MEMORY: Alloc=10.3Mi, TotalAlloc=219.3Mi, Sys=26.8Mi, NumGC=41","level":"stat"}
{"@timestamp":"2025-02-16T04:30:12.286+08:00","caller":"load/sheddingstat.go:61","content":"(rpc) shedding_stat [1m], cpu: 17, total: 0, pass: 0, drop: 0","level":"stat"}
{"@timestamp":"2025-02-16T04:31:12.231+08:00","caller":"stat/usage.go:61","content":"CPU: 18m, MEMORY: Alloc=13.8Mi, TotalAlloc=227.2Mi, Sys=26.8Mi, NumGC=42","level":"stat"}
{"@timestamp":"2025-02-16T04:31:12.285+08:00","caller":"load/sheddingstat.go:61","content":"(rpc) shedding_stat [1m], cpu: 18, total: 0, pass: 0, drop: 0","level":"stat"}
{"@timestamp":"2025-02-16T04:32:12.230+08:00","caller":"stat/usage.go:61","content":"CPU: 17m, MEMORY: Alloc=13.0Mi, TotalAlloc=233.5Mi, Sys=26.8Mi, NumGC=43","level":"stat"}
{"@timestamp":"2025-02-16T04:32:12.286+08:00","caller":"load/sheddingstat.go:61","content":"(rpc) shedding_stat [1m], cpu: 17, total: 0, pass: 0, drop: 0","level":"stat"}
{"@timestamp":"2025-02-16T04:33:12.230+08:00","caller":"stat/usage.go:61","content":"CPU: 19m, MEMORY: Alloc=11.1Mi, TotalAlloc=239.0Mi, Sys=26.8Mi, NumGC=44","level":"stat"}
{"@timestamp":"2025-02-16T04:33:12.286+08:00","caller":"load/sheddingstat.go:61","content":"(rpc) shedding_stat [1m], cpu: 19, total: 0, pass: 0, drop: 0","level":"stat"}
{"@timestamp":"2025-02-16T04:34:12.230+08:00","caller":"stat/usage.go:61","content":"CPU: 19m, MEMORY: Alloc=15.7Mi, TotalAlloc=243.7Mi, Sys=26.8Mi, NumGC=44","level":"stat"}
{"@timestamp":"2025-02-16T04:34:12.286+08:00","caller":"load/sheddingstat.go:61","content":"(rpc) shedding_stat [1m], cpu: 19, total: 0, pass: 0, drop: 0","level":"stat"}
{"@timestamp":"2025-02-16T04:35:12.230+08:00","caller":"stat/usage.go:61","content":"CPU: 18m, MEMORY: Alloc=11.7Mi, TotalAlloc=249.3Mi, Sys=26.8Mi, NumGC=45","level":"stat"}
{"@timestamp":"2025-02-16T04:35:12.285+08:00","caller":"load/sheddingstat.go:61","content":"(rpc) shedding_stat [1m], cpu: 18, total: 0, pass: 0, drop: 0","level":"stat"}
{"@timestamp":"2025-02-16T04:36:12.230+08:00","caller":"stat/usage.go:61","content":"CPU: 18m, MEMORY: Alloc=10.8Mi, TotalAlloc=254.7Mi, Sys=26.8Mi, NumGC=46","level":"stat"}
{"@timestamp":"2025-02-16T04:36:12.285+08:00","caller":"load/sheddingstat.go:61","content":"(rpc) shedding_stat [1m], cpu: 18, total: 0, pass: 0, drop: 0","level":"stat"}
{"@timestamp":"2025-02-16T04:37:12.230+08:00","caller":"stat/usage.go:61","content":"CPU: 18m, MEMORY: Alloc=10.0Mi, TotalAlloc=260.3Mi, Sys=26.8Mi, NumGC=47","level":"stat"}
{"@timestamp":"2025-02-16T04:37:12.286+08:00","caller":"load/sheddingstat.go:61","content":"(rpc) shedding_stat [1m], cpu: 18, total: 0, pass: 0, drop: 0","level":"stat"}
{"@timestamp":"2025-02-16T04:38:12.230+08:00","caller":"stat/usage.go:61","content":"CPU: 17m, MEMORY: Alloc=8.5Mi, TotalAlloc=264.9Mi, Sys=26.8Mi, NumGC=48","level":"stat"}
{"@timestamp":"2025-02-16T04:38:12.285+08:00","caller":"load/sheddingstat.go:61","content":"(rpc) shedding_stat [1m], cpu: 17, total: 0, pass: 0, drop: 0","level":"stat"}
{"@timestamp":"2025-02-16T04:39:12.230+08:00","caller":"stat/usage.go:61","content":"CPU: 20m, MEMORY: Alloc=7.3Mi, TotalAlloc=270.4Mi, Sys=26.8Mi, NumGC=49","level":"stat"}
{"@timestamp":"2025-02-16T04:39:12.285+08:00","caller":"load/sheddingstat.go:61","content":"(rpc) shedding_stat [1m], cpu: 20, total: 0, pass: 0, drop: 0","level":"stat"}
{"@timestamp":"2025-02-16T04:40:12.230+08:00","caller":"stat/usage.go:61","content":"CPU: 19m, MEMORY: Alloc=9.1Mi, TotalAlloc=277.6Mi, Sys=26.8Mi, NumGC=50","level":"stat"}
{"@timestamp":"2025-02-16T04:40:12.286+08:00","caller":"load/sheddingstat.go:61","content":"(rpc) shedding_stat [1m], cpu: 19, total: 0, pass: 0, drop: 0","level":"stat"}
{"@timestamp":"2025-02-16T04:41:12.230+08:00","caller":"stat/usage.go:61","content":"CPU: 16m, MEMORY: Alloc=8.3Mi, TotalAlloc=283.1Mi, Sys=26.8Mi, NumGC=51","level":"stat"}
{"@timestamp":"2025-02-16T04:41:12.286+08:00","caller":"load/sheddingstat.go:61","content":"(rpc) shedding_stat [1m], cpu: 16, total: 0, pass: 0, drop: 0","level":"stat"}
{"@timestamp":"2025-02-16T04:42:12.230+08:00","caller":"stat/usage.go:61","content":"CPU: 16m, MEMORY: Alloc=6.3Mi, TotalAlloc=290.2Mi, Sys=26.8Mi, NumGC=53","level":"stat"}
{"@timestamp":"2025-02-16T04:42:12.286+08:00","caller":"load/sheddingstat.go:61","content":"(rpc) shedding_stat [1m], cpu: 16, total: 0, pass: 0, drop: 0","level":"stat"}
{"@timestamp":"2025-02-16T04:43:12.230+08:00","caller":"stat/usage.go:61","content":"CPU: 17m, MEMORY: Alloc=9.7Mi, TotalAlloc=297.3Mi, Sys=26.8Mi, NumGC=54","level":"stat"}
{"@timestamp":"2025-02-16T04:43:12.286+08:00","caller":"load/sheddingstat.go:61","content":"(rpc) shedding_stat [1m], cpu: 17, total: 0, pass: 0, drop: 0","level":"stat"}
{"@timestamp":"2025-02-16T04:44:12.229+08:00","caller":"stat/usage.go:61","content":"CPU: 17m, MEMORY: Alloc=10.7Mi, TotalAlloc=304.5Mi, Sys=26.8Mi, NumGC=55","level":"stat"}
{"@timestamp":"2025-02-16T04:44:12.285+08:00","caller":"load/sheddingstat.go:61","content":"(rpc) shedding_stat [1m], cpu: 17, total: 0, pass: 0, drop: 0","level":"stat"}
{"@timestamp":"2025-02-16T04:45:12.230+08:00","caller":"stat/usage.go:61","content":"CPU: 19m, MEMORY: Alloc=10.2Mi, TotalAlloc=310.7Mi, Sys=26.8Mi, NumGC=56","level":"stat"}
{"@timestamp":"2025-02-16T04:45:12.285+08:00","caller":"load/sheddingstat.go:61","content":"(rpc) shedding_stat [1m], cpu: 19, total: 0, pass: 0, drop: 0","level":"stat"}
{"@timestamp":"2025-02-16T04:46:12.230+08:00","caller":"stat/usage.go:61","content":"CPU: 23m, MEMORY: Alloc=10.4Mi, TotalAlloc=316.2Mi, Sys=26.8Mi, NumGC=57","level":"stat"}
{"@timestamp":"2025-02-16T04:46:12.285+08:00","caller":"load/sheddingstat.go:61","content":"(rpc) shedding_stat [1m], cpu: 23, total: 0, pass: 0, drop: 0","level":"stat"}
{"@timestamp":"2025-02-16T04:47:12.229+08:00","caller":"stat/usage.go:61","content":"CPU: 16m, MEMORY: Alloc=8.7Mi, TotalAlloc=321.0Mi, Sys=26.8Mi, NumGC=58","level":"stat"}
{"@timestamp":"2025-02-16T04:47:12.285+08:00","caller":"load/sheddingstat.go:61","content":"(rpc) shedding_stat [1m], cpu: 16, total: 0, pass: 0, drop: 0","level":"stat"}
{"@timestamp":"2025-02-16T04:48:12.230+08:00","caller":"stat/usage.go:61","content":"CPU: 17m, MEMORY: Alloc=6.6Mi, TotalAlloc=326.5Mi, Sys=26.8Mi, NumGC=59","level":"stat"}
{"@timestamp":"2025-02-16T04:48:12.285+08:00","caller":"load/sheddingstat.go:61","content":"(rpc) shedding_stat [1m], cpu: 17, total: 0, pass: 0, drop: 0","level":"stat"}
{"@timestamp":"2025-02-16T04:49:12.230+08:00","caller":"stat/usage.go:61","content":"CPU: 16m, MEMORY: Alloc=7.0Mi, TotalAlloc=332.8Mi, Sys=26.8Mi, NumGC=60","level":"stat"}
{"@timestamp":"2025-02-16T04:49:12.285+08:00","caller":"load/sheddingstat.go:61","content":"(rpc) shedding_stat [1m], cpu: 16, total: 0, pass: 0, drop: 0","level":"stat"}
{"@timestamp":"2025-02-16T04:50:12.230+08:00","caller":"stat/usage.go:61","content":"CPU: 18m, MEMORY: Alloc=12.5Mi, TotalAlloc=338.2Mi, Sys=26.8Mi, NumGC=60","level":"stat"}
{"@timestamp":"2025-02-16T04:50:12.285+08:00","caller":"load/sheddingstat.go:61","content":"(rpc) shedding_stat [1m], cpu: 18, total: 0, pass: 0, drop: 0","level":"stat"}
{"@timestamp":"2025-02-16T04:51:12.230+08:00","caller":"stat/usage.go:61","content":"CPU: 24m, MEMORY: Alloc=11.7Mi, TotalAlloc=343.8Mi, Sys=26.8Mi, NumGC=61","level":"stat"}
{"@timestamp":"2025-02-16T04:51:12.286+08:00","caller":"load/sheddingstat.go:61","content":"(rpc) shedding_stat [1m], cpu: 24, total: 0, pass: 0, drop: 0","level":"stat"}
{"@timestamp":"2025-02-16T04:52:12.230+08:00","caller":"stat/usage.go:61","content":"CPU: 17m, MEMORY: Alloc=10.5Mi, TotalAlloc=349.3Mi, Sys=26.8Mi, NumGC=62","level":"stat"}
{"@timestamp":"2025-02-16T04:52:12.285+08:00","caller":"load/sheddingstat.go:61","content":"(rpc) shedding_stat [1m], cpu: 17, total: 0, pass: 0, drop: 0","level":"stat"}
{"@timestamp":"2025-02-16T04:53:12.230+08:00","caller":"stat/usage.go:61","content":"CPU: 15m, MEMORY: Alloc=10.5Mi, TotalAlloc=356.4Mi, Sys=26.8Mi, NumGC=63","level":"stat"}
{"@timestamp":"2025-02-16T04:53:12.286+08:00","caller":"load/sheddingstat.go:61","content":"(rpc) shedding_stat [1m], cpu: 15, total: 0, pass: 0, drop: 0","level":"stat"}
{"@timestamp":"2025-02-16T04:54:12.229+08:00","caller":"stat/usage.go:61","content":"CPU: 16m, MEMORY: Alloc=10.5Mi, TotalAlloc=361.9Mi, Sys=26.8Mi, NumGC=64","level":"stat"}
{"@timestamp":"2025-02-16T04:54:12.286+08:00","caller":"load/sheddingstat.go:61","content":"(rpc) shedding_stat [1m], cpu: 16, total: 0, pass: 0, drop: 0","level":"stat"}
{"@timestamp":"2025-02-16T04:55:12.230+08:00","caller":"stat/usage.go:61","content":"CPU: 15m, MEMORY: Alloc=11.6Mi, TotalAlloc=367.5Mi, Sys=26.8Mi, NumGC=65","level":"stat"}
{"@timestamp":"2025-02-16T04:55:12.286+08:00","caller":"load/sheddingstat.go:61","content":"(rpc) shedding_stat [1m], cpu: 15, total: 0, pass: 0, drop: 0","level":"stat"}
{"@timestamp":"2025-02-16T04:56:12.229+08:00","caller":"stat/usage.go:61","content":"CPU: 16m, MEMORY: Alloc=10.2Mi, TotalAlloc=373.8Mi, Sys=26.8Mi, NumGC=66","level":"stat"}
{"@timestamp":"2025-02-16T04:56:12.286+08:00","caller":"load/sheddingstat.go:61","content":"(rpc) shedding_stat [1m], cpu: 16, total: 0, pass: 0, drop: 0","level":"stat"}
{"@timestamp":"2025-02-16T04:57:12.230+08:00","caller":"stat/usage.go:61","content":"CPU: 17m, MEMORY: Alloc=11.1Mi, TotalAlloc=380.9Mi, Sys=26.8Mi, NumGC=67","level":"stat"}
{"@timestamp":"2025-02-16T04:57:12.285+08:00","caller":"load/sheddingstat.go:61","content":"(rpc) shedding_stat [1m], cpu: 17, total: 0, pass: 0, drop: 0","level":"stat"}
{"@timestamp":"2025-02-16T04:58:12.230+08:00","caller":"stat/usage.go:61","content":"CPU: 15m, MEMORY: Alloc=10.1Mi, TotalAlloc=386.4Mi, Sys=26.8Mi, NumGC=68","level":"stat"}
{"@timestamp":"2025-02-16T04:58:12.286+08:00","caller":"load/sheddingstat.go:61","content":"(rpc) shedding_stat [1m], cpu: 15, total: 0, pass: 0, drop: 0","level":"stat"}
{"@timestamp":"2025-02-16T04:59:12.229+08:00","caller":"stat/usage.go:61","content":"CPU: 15m, MEMORY: Alloc=9.4Mi, TotalAlloc=391.9Mi, Sys=26.8Mi, NumGC=69","level":"stat"}
{"@timestamp":"2025-02-16T04:59:12.285+08:00","caller":"load/sheddingstat.go:61","content":"(rpc) shedding_stat [1m], cpu: 15, total: 0, pass: 0, drop: 0","level":"stat"}
{"@timestamp":"2025-02-16T05:00:12.231+08:00","caller":"stat/usage.go:61","content":"CPU: 15m, MEMORY: Alloc=9.1Mi, TotalAlloc=398.2Mi, Sys=26.8Mi, NumGC=70","level":"stat"}
{"@timestamp":"2025-02-16T05:00:12.285+08:00","caller":"load/sheddingstat.go:61","content":"(rpc) shedding_stat [1m], cpu: 15, total: 0, pass: 0, drop: 0","level":"stat"}
{"@timestamp":"2025-02-16T05:01:12.230+08:00","caller":"stat/usage.go:61","content":"CPU: 16m, MEMORY: Alloc=10.2Mi, TotalAlloc=404.5Mi, Sys=26.8Mi, NumGC=71","level":"stat"}
{"@timestamp":"2025-02-16T05:01:12.286+08:00","caller":"load/sheddingstat.go:61","content":"(rpc) shedding_stat [1m], cpu: 16, total: 0, pass: 0, drop: 0","level":"stat"}
{"@timestamp":"2025-02-16T05:02:12.230+08:00","caller":"stat/usage.go:61","content":"CPU: 16m, MEMORY: Alloc=8.2Mi, TotalAlloc=410.1Mi, Sys=26.8Mi, NumGC=72","level":"stat"}
{"@timestamp":"2025-02-16T05:02:12.285+08:00","caller":"load/sheddingstat.go:61","content":"(rpc) shedding_stat [1m], cpu: 16, total: 0, pass: 0, drop: 0","level":"stat"}
{"@timestamp":"2025-02-16T05:03:12.230+08:00","caller":"stat/usage.go:61","content":"CPU: 20m, MEMORY: Alloc=6.8Mi, TotalAlloc=414.7Mi, Sys=26.8Mi, NumGC=73","level":"stat"}
{"@timestamp":"2025-02-16T05:03:12.285+08:00","caller":"load/sheddingstat.go:61","content":"(rpc) shedding_stat [1m], cpu: 20, total: 0, pass: 0, drop: 0","level":"stat"}
{"@timestamp":"2025-02-16T05:04:12.229+08:00","caller":"stat/usage.go:61","content":"CPU: 15m, MEMORY: Alloc=7.2Mi, TotalAlloc=421.0Mi, Sys=26.8Mi, NumGC=74","level":"stat"}
{"@timestamp":"2025-02-16T05:04:12.285+08:00","caller":"load/sheddingstat.go:61","content":"(rpc) shedding_stat [1m], cpu: 15, total: 0, pass: 0, drop: 0","level":"stat"}
{"@timestamp":"2025-02-16T05:05:12.230+08:00","caller":"stat/usage.go:61","content":"CPU: 18m, MEMORY: Alloc=6.8Mi, TotalAlloc=426.5Mi, Sys=26.8Mi, NumGC=75","level":"stat"}
{"@timestamp":"2025-02-16T05:05:12.286+08:00","caller":"load/sheddingstat.go:61","content":"(rpc) shedding_stat [1m], cpu: 18, total: 0, pass: 0, drop: 0","level":"stat"}
{"@timestamp":"2025-02-16T05:06:12.231+08:00","caller":"stat/usage.go:61","content":"CPU: 17m, MEMORY: Alloc=7.3Mi, TotalAlloc=432.9Mi, Sys=26.8Mi, NumGC=76","level":"stat"}
{"@timestamp":"2025-02-16T05:06:12.285+08:00","caller":"load/sheddingstat.go:61","content":"(rpc) shedding_stat [1m], cpu: 17, total: 0, pass: 0, drop: 0","level":"stat"}
{"@timestamp":"2025-02-16T05:07:12.230+08:00","caller":"stat/usage.go:61","content":"CPU: 39m, MEMORY: Alloc=8.1Mi, TotalAlloc=439.2Mi, Sys=26.8Mi, NumGC=77","level":"stat"}
{"@timestamp":"2025-02-16T05:07:12.285+08:00","caller":"load/sheddingstat.go:61","content":"(rpc) shedding_stat [1m], cpu: 39, total: 0, pass: 0, drop: 0","level":"stat"}
{"@timestamp":"2025-02-16T05:08:12.230+08:00","caller":"stat/usage.go:61","content":"CPU: 26m, MEMORY: Alloc=6.8Mi, TotalAlloc=445.5Mi, Sys=26.8Mi, NumGC=78","level":"stat"}
{"@timestamp":"2025-02-16T05:08:12.286+08:00","caller":"load/sheddingstat.go:61","content":"(rpc) shedding_stat [1m], cpu: 26, total: 0, pass: 0, drop: 0","level":"stat"}
{"@timestamp":"2025-02-16T05:09:12.229+08:00","caller":"stat/usage.go:61","content":"CPU: 24m, MEMORY: Alloc=11.4Mi, TotalAlloc=450.1Mi, Sys=26.8Mi, NumGC=78","level":"stat"}
{"@timestamp":"2025-02-16T05:09:12.286+08:00","caller":"load/sheddingstat.go:61","content":"(rpc) shedding_stat [1m], cpu: 24, total: 0, pass: 0, drop: 0","level":"stat"}
{"@timestamp":"2025-02-16T05:10:12.230+08:00","caller":"stat/usage.go:61","content":"CPU: 47m, MEMORY: Alloc=12.9Mi, TotalAlloc=457.2Mi, Sys=26.8Mi, NumGC=79","level":"stat"}
{"@timestamp":"2025-02-16T05:10:12.286+08:00","caller":"load/sheddingstat.go:61","content":"(rpc) shedding_stat [1m], cpu: 47, total: 0, pass: 0, drop: 0","level":"stat"}
{"@timestamp":"2025-02-16T05:11:12.230+08:00","caller":"stat/usage.go:61","content":"CPU: 56m, MEMORY: Alloc=9.7Mi, TotalAlloc=462.7Mi, Sys=26.8Mi, NumGC=80","level":"stat"}
{"@timestamp":"2025-02-16T05:11:12.285+08:00","caller":"load/sheddingstat.go:61","content":"(rpc) shedding_stat [1m], cpu: 56, total: 0, pass: 0, drop: 0","level":"stat"}
{"@timestamp":"2025-02-16T05:12:12.230+08:00","caller":"stat/usage.go:61","content":"CPU: 44m, MEMORY: Alloc=7.1Mi, TotalAlloc=470.6Mi, Sys=26.8Mi, NumGC=82","level":"stat"}
{"@timestamp":"2025-02-16T05:12:12.285+08:00","caller":"load/sheddingstat.go:61","content":"(rpc) shedding_stat [1m], cpu: 44, total: 0, pass: 0, drop: 0","level":"stat"}
{"@timestamp":"2025-02-16T05:13:12.230+08:00","caller":"stat/usage.go:61","content":"CPU: 18m, MEMORY: Alloc=11.8Mi, TotalAlloc=475.3Mi, Sys=26.8Mi, NumGC=82","level":"stat"}
{"@timestamp":"2025-02-16T05:13:12.285+08:00","caller":"load/sheddingstat.go:61","content":"(rpc) shedding_stat [1m], cpu: 18, total: 0, pass: 0, drop: 0","level":"stat"}
{"@timestamp":"2025-02-16T05:14:12.230+08:00","caller":"stat/usage.go:61","content":"CPU: 17m, MEMORY: Alloc=7.1Mi, TotalAlloc=482.3Mi, Sys=26.8Mi, NumGC=84","level":"stat"}
{"@timestamp":"2025-02-16T05:14:12.286+08:00","caller":"load/sheddingstat.go:61","content":"(rpc) shedding_stat [1m], cpu: 17, total: 0, pass: 0, drop: 0","level":"stat"}
{"@timestamp":"2025-02-16T05:15:12.229+08:00","caller":"stat/usage.go:61","content":"CPU: 20m, MEMORY: Alloc=9.7Mi, TotalAlloc=489.5Mi, Sys=26.8Mi, NumGC=85","level":"stat"}
{"@timestamp":"2025-02-16T05:15:12.286+08:00","caller":"load/sheddingstat.go:61","content":"(rpc) shedding_stat [1m], cpu: 20, total: 0, pass: 0, drop: 0","level":"stat"}
{"@timestamp":"2025-02-16T05:16:12.230+08:00","caller":"stat/usage.go:61","content":"CPU: 19m, MEMORY: Alloc=9.1Mi, TotalAlloc=496.6Mi, Sys=30.8Mi, NumGC=86","level":"stat"}
{"@timestamp":"2025-02-16T05:16:12.286+08:00","caller":"load/sheddingstat.go:61","content":"(rpc) shedding_stat [1m], cpu: 19, total: 0, pass: 0, drop: 0","level":"stat"}
{"@timestamp":"2025-02-16T05:17:12.230+08:00","caller":"stat/usage.go:61","content":"CPU: 19m, MEMORY: Alloc=8.3Mi, TotalAlloc=502.2Mi, Sys=30.8Mi, NumGC=87","level":"stat"}
{"@timestamp":"2025-02-16T05:17:12.286+08:00","caller":"load/sheddingstat.go:61","content":"(rpc) shedding_stat [1m], cpu: 19, total: 0, pass: 0, drop: 0","level":"stat"}
{"@timestamp":"2025-02-16T05:18:12.229+08:00","caller":"stat/usage.go:61","content":"CPU: 19m, MEMORY: Alloc=8.5Mi, TotalAlloc=508.5Mi, Sys=30.8Mi, NumGC=88","level":"stat"}
{"@timestamp":"2025-02-16T05:18:12.285+08:00","caller":"load/sheddingstat.go:61","content":"(rpc) shedding_stat [1m], cpu: 19, total: 0, pass: 0, drop: 0","level":"stat"}
{"@timestamp":"2025-02-16T05:19:12.231+08:00","caller":"stat/usage.go:61","content":"CPU: 19m, MEMORY: Alloc=10.4Mi, TotalAlloc=515.6Mi, Sys=30.8Mi, NumGC=89","level":"stat"}
{"@timestamp":"2025-02-16T05:19:12.285+08:00","caller":"load/sheddingstat.go:61","content":"(rpc) shedding_stat [1m], cpu: 19, total: 0, pass: 0, drop: 0","level":"stat"}
{"@timestamp":"2025-02-16T05:20:12.230+08:00","caller":"stat/usage.go:61","content":"CPU: 18m, MEMORY: Alloc=8.9Mi, TotalAlloc=521.9Mi, Sys=30.8Mi, NumGC=90","level":"stat"}
{"@timestamp":"2025-02-16T05:20:12.285+08:00","caller":"load/sheddingstat.go:61","content":"(rpc) shedding_stat [1m], cpu: 18, total: 0, pass: 0, drop: 0","level":"stat"}
{"@timestamp":"2025-02-16T05:21:12.230+08:00","caller":"stat/usage.go:61","content":"CPU: 17m, MEMORY: Alloc=8.2Mi, TotalAlloc=528.2Mi, Sys=30.8Mi, NumGC=91","level":"stat"}
{"@timestamp":"2025-02-16T05:21:12.285+08:00","caller":"load/sheddingstat.go:61","content":"(rpc) shedding_stat [1m], cpu: 17, total: 0, pass: 0, drop: 0","level":"stat"}
{"@timestamp":"2025-02-16T05:22:12.230+08:00","caller":"stat/usage.go:61","content":"CPU: 16m, MEMORY: Alloc=10.2Mi, TotalAlloc=535.3Mi, Sys=30.8Mi, NumGC=92","level":"stat"}
{"@timestamp":"2025-02-16T05:22:12.286+08:00","caller":"load/sheddingstat.go:61","content":"(rpc) shedding_stat [1m], cpu: 16, total: 0, pass: 0, drop: 0","level":"stat"}
{"@timestamp":"2025-02-16T05:23:12.230+08:00","caller":"stat/usage.go:61","content":"CPU: 17m, MEMORY: Alloc=9.6Mi, TotalAlloc=540.9Mi, Sys=30.8Mi, NumGC=93","level":"stat"}
{"@timestamp":"2025-02-16T05:23:12.285+08:00","caller":"load/sheddingstat.go:61","content":"(rpc) shedding_stat [1m], cpu: 17, total: 0, pass: 0, drop: 0","level":"stat"}
{"@timestamp":"2025-02-16T05:24:12.230+08:00","caller":"stat/usage.go:61","content":"CPU: 17m, MEMORY: Alloc=9.2Mi, TotalAlloc=547.2Mi, Sys=30.8Mi, NumGC=94","level":"stat"}
{"@timestamp":"2025-02-16T05:24:12.286+08:00","caller":"load/sheddingstat.go:61","content":"(rpc) shedding_stat [1m], cpu: 17, total: 0, pass: 0, drop: 0","level":"stat"}
{"@timestamp":"2025-02-16T05:25:12.230+08:00","caller":"stat/usage.go:61","content":"CPU: 21m, MEMORY: Alloc=11.5Mi, TotalAlloc=554.3Mi, Sys=30.8Mi, NumGC=95","level":"stat"}
{"@timestamp":"2025-02-16T05:25:12.285+08:00","caller":"load/sheddingstat.go:61","content":"(rpc) shedding_stat [1m], cpu: 21, total: 0, pass: 0, drop: 0","level":"stat"}
{"@timestamp":"2025-02-16T05:26:12.230+08:00","caller":"stat/usage.go:61","content":"CPU: 18m, MEMORY: Alloc=7.9Mi, TotalAlloc=562.2Mi, Sys=30.8Mi, NumGC=97","level":"stat"}
{"@timestamp":"2025-02-16T05:26:12.285+08:00","caller":"load/sheddingstat.go:61","content":"(rpc) shedding_stat [1m], cpu: 18, total: 0, pass: 0, drop: 0","level":"stat"}
{"@timestamp":"2025-02-16T05:27:12.230+08:00","caller":"stat/usage.go:61","content":"CPU: 17m, MEMORY: Alloc=12.7Mi, TotalAlloc=567.1Mi, Sys=30.8Mi, NumGC=97","level":"stat"}
{"@timestamp":"2025-02-16T05:27:12.286+08:00","caller":"load/sheddingstat.go:61","content":"(rpc) shedding_stat [1m], cpu: 17, total: 0, pass: 0, drop: 0","level":"stat"}
{"@timestamp":"2025-02-16T05:28:12.230+08:00","caller":"stat/usage.go:61","content":"CPU: 16m, MEMORY: Alloc=11.3Mi, TotalAlloc=573.4Mi, Sys=30.8Mi, NumGC=98","level":"stat"}
{"@timestamp":"2025-02-16T05:28:12.286+08:00","caller":"load/sheddingstat.go:61","content":"(rpc) shedding_stat [1m], cpu: 16, total: 0, pass: 0, drop: 0","level":"stat"}
{"@timestamp":"2025-02-16T05:29:12.231+08:00","caller":"stat/usage.go:61","content":"CPU: 16m, MEMORY: Alloc=10.7Mi, TotalAlloc=578.8Mi, Sys=30.8Mi, NumGC=99","level":"stat"}
{"@timestamp":"2025-02-16T05:29:12.286+08:00","caller":"load/sheddingstat.go:61","content":"(rpc) shedding_stat [1m], cpu: 16, total: 0, pass: 0, drop: 0","level":"stat"}
{"@timestamp":"2025-02-16T05:30:12.230+08:00","caller":"stat/usage.go:61","content":"CPU: 16m, MEMORY: Alloc=11.1Mi, TotalAlloc=585.1Mi, Sys=30.8Mi, NumGC=100","level":"stat"}
{"@timestamp":"2025-02-16T05:30:12.285+08:00","caller":"load/sheddingstat.go:61","content":"(rpc) shedding_stat [1m], cpu: 16, total: 0, pass: 0, drop: 0","level":"stat"}
{"@timestamp":"2025-02-16T05:31:12.230+08:00","caller":"stat/usage.go:61","content":"CPU: 17m, MEMORY: Alloc=11.3Mi, TotalAlloc=592.2Mi, Sys=30.8Mi, NumGC=101","level":"stat"}
{"@timestamp":"2025-02-16T05:31:12.286+08:00","caller":"load/sheddingstat.go:61","content":"(rpc) shedding_stat [1m], cpu: 17, total: 0, pass: 0, drop: 0","level":"stat"}
{"@timestamp":"2025-02-16T05:32:12.230+08:00","caller":"stat/usage.go:61","content":"CPU: 17m, MEMORY: Alloc=7.9Mi, TotalAlloc=599.3Mi, Sys=30.8Mi, NumGC=103","level":"stat"}
{"@timestamp":"2025-02-16T05:32:12.286+08:00","caller":"load/sheddingstat.go:61","content":"(rpc) shedding_stat [1m], cpu: 17, total: 0, pass: 0, drop: 0","level":"stat"}
{"@timestamp":"2025-02-16T05:33:12.230+08:00","caller":"stat/usage.go:61","content":"CPU: 17m, MEMORY: Alloc=9.6Mi, TotalAlloc=605.7Mi, Sys=30.8Mi, NumGC=104","level":"stat"}
{"@timestamp":"2025-02-16T05:33:12.286+08:00","caller":"load/sheddingstat.go:61","content":"(rpc) shedding_stat [1m], cpu: 17, total: 0, pass: 0, drop: 0","level":"stat"}
{"@timestamp":"2025-02-16T05:34:12.230+08:00","caller":"stat/usage.go:61","content":"CPU: 17m, MEMORY: Alloc=6.9Mi, TotalAlloc=612.0Mi, Sys=30.8Mi, NumGC=106","level":"stat"}
{"@timestamp":"2025-02-16T05:34:12.286+08:00","caller":"load/sheddingstat.go:61","content":"(rpc) shedding_stat [1m], cpu: 17, total: 0, pass: 0, drop: 0","level":"stat"}
{"@timestamp":"2025-02-16T05:35:12.230+08:00","caller":"stat/usage.go:61","content":"CPU: 18m, MEMORY: Alloc=8.0Mi, TotalAlloc=619.1Mi, Sys=30.8Mi, NumGC=107","level":"stat"}
{"@timestamp":"2025-02-16T05:35:12.286+08:00","caller":"load/sheddingstat.go:61","content":"(rpc) shedding_stat [1m], cpu: 18, total: 0, pass: 0, drop: 0","level":"stat"}
{"@timestamp":"2025-02-16T05:36:12.230+08:00","caller":"stat/usage.go:61","content":"CPU: 17m, MEMORY: Alloc=7.4Mi, TotalAlloc=624.6Mi, Sys=30.8Mi, NumGC=108","level":"stat"}
{"@timestamp":"2025-02-16T05:36:12.286+08:00","caller":"load/sheddingstat.go:61","content":"(rpc) shedding_stat [1m], cpu: 17, total: 0, pass: 0, drop: 0","level":"stat"}
{"@timestamp":"2025-02-16T05:37:12.230+08:00","caller":"stat/usage.go:61","content":"CPU: 17m, MEMORY: Alloc=7.9Mi, TotalAlloc=630.9Mi, Sys=30.8Mi, NumGC=109","level":"stat"}
{"@timestamp":"2025-02-16T05:37:12.285+08:00","caller":"load/sheddingstat.go:61","content":"(rpc) shedding_stat [1m], cpu: 17, total: 0, pass: 0, drop: 0","level":"stat"}
{"@timestamp":"2025-02-16T05:38:12.229+08:00","caller":"stat/usage.go:61","content":"CPU: 21m, MEMORY: Alloc=8.1Mi, TotalAlloc=637.2Mi, Sys=30.8Mi, NumGC=110","level":"stat"}
{"@timestamp":"2025-02-16T05:38:12.286+08:00","caller":"load/sheddingstat.go:61","content":"(rpc) shedding_stat [1m], cpu: 21, total: 0, pass: 0, drop: 0","level":"stat"}
{"@timestamp":"2025-02-16T05:39:12.230+08:00","caller":"stat/usage.go:61","content":"CPU: 17m, MEMORY: Alloc=7.3Mi, TotalAlloc=643.5Mi, Sys=30.8Mi, NumGC=111","level":"stat"}
{"@timestamp":"2025-02-16T05:39:12.285+08:00","caller":"load/sheddingstat.go:61","content":"(rpc) shedding_stat [1m], cpu: 17, total: 0, pass: 0, drop: 0","level":"stat"}
{"@timestamp":"2025-02-16T05:40:12.229+08:00","caller":"stat/usage.go:61","content":"CPU: 18m, MEMORY: Alloc=7.5Mi, TotalAlloc=649.9Mi, Sys=30.8Mi, NumGC=112","level":"stat"}
{"@timestamp":"2025-02-16T05:40:12.285+08:00","caller":"load/sheddingstat.go:61","content":"(rpc) shedding_stat [1m], cpu: 18, total: 0, pass: 0, drop: 0","level":"stat"}
{"@timestamp":"2025-02-16T05:41:12.230+08:00","caller":"stat/usage.go:61","content":"CPU: 17m, MEMORY: Alloc=9.2Mi, TotalAlloc=656.2Mi, Sys=30.8Mi, NumGC=113","level":"stat"}
{"@timestamp":"2025-02-16T05:41:12.286+08:00","caller":"load/sheddingstat.go:61","content":"(rpc) shedding_stat [1m], cpu: 17, total: 0, pass: 0, drop: 0","level":"stat"}
{"@timestamp":"2025-02-16T05:42:12.230+08:00","caller":"stat/usage.go:61","content":"CPU: 19m, MEMORY: Alloc=7.8Mi, TotalAlloc=663.3Mi, Sys=30.8Mi, NumGC=115","level":"stat"}
{"@timestamp":"2025-02-16T05:42:12.286+08:00","caller":"load/sheddingstat.go:61","content":"(rpc) shedding_stat [1m], cpu: 19, total: 0, pass: 0, drop: 0","level":"stat"}
{"@timestamp":"2025-02-16T05:43:12.230+08:00","caller":"stat/usage.go:61","content":"CPU: 16m, MEMORY: Alloc=8.3Mi, TotalAlloc=670.5Mi, Sys=30.8Mi, NumGC=116","level":"stat"}
{"@timestamp":"2025-02-16T05:43:12.286+08:00","caller":"load/sheddingstat.go:61","content":"(rpc) shedding_stat [1m], cpu: 16, total: 0, pass: 0, drop: 0","level":"stat"}
{"@timestamp":"2025-02-16T05:44:12.230+08:00","caller":"stat/usage.go:61","content":"CPU: 17m, MEMORY: Alloc=7.9Mi, TotalAlloc=675.3Mi, Sys=30.8Mi, NumGC=117","level":"stat"}
{"@timestamp":"2025-02-16T05:44:12.286+08:00","caller":"load/sheddingstat.go:61","content":"(rpc) shedding_stat [1m], cpu: 17, total: 0, pass: 0, drop: 0","level":"stat"}
{"@timestamp":"2025-02-16T05:45:12.230+08:00","caller":"stat/usage.go:61","content":"CPU: 18m, MEMORY: Alloc=7.3Mi, TotalAlloc=680.7Mi, Sys=30.8Mi, NumGC=118","level":"stat"}
{"@timestamp":"2025-02-16T05:45:12.286+08:00","caller":"load/sheddingstat.go:61","content":"(rpc) shedding_stat [1m], cpu: 18, total: 0, pass: 0, drop: 0","level":"stat"}
{"@timestamp":"2025-02-16T05:46:12.229+08:00","caller":"stat/usage.go:61","content":"CPU: 18m, MEMORY: Alloc=9.0Mi, TotalAlloc=687.1Mi, Sys=30.8Mi, NumGC=119","level":"stat"}
{"@timestamp":"2025-02-16T05:46:12.286+08:00","caller":"load/sheddingstat.go:61","content":"(rpc) shedding_stat [1m], cpu: 18, total: 0, pass: 0, drop: 0","level":"stat"}
{"@timestamp":"2025-02-16T05:47:12.231+08:00","caller":"stat/usage.go:61","content":"CPU: 17m, MEMORY: Alloc=10.3Mi, TotalAlloc=693.4Mi, Sys=30.8Mi, NumGC=120","level":"stat"}
{"@timestamp":"2025-02-16T05:47:12.286+08:00","caller":"load/sheddingstat.go:61","content":"(rpc) shedding_stat [1m], cpu: 17, total: 0, pass: 0, drop: 0","level":"stat"}
{"@timestamp":"2025-02-16T05:48:12.230+08:00","caller":"stat/usage.go:61","content":"CPU: 17m, MEMORY: Alloc=8.3Mi, TotalAlloc=698.1Mi, Sys=30.8Mi, NumGC=121","level":"stat"}
{"@timestamp":"2025-02-16T05:48:12.286+08:00","caller":"load/sheddingstat.go:61","content":"(rpc) shedding_stat [1m], cpu: 17, total: 0, pass: 0, drop: 0","level":"stat"}
{"@timestamp":"2025-02-16T05:49:12.229+08:00","caller":"stat/usage.go:61","content":"CPU: 17m, MEMORY: Alloc=13.7Mi, TotalAlloc=703.5Mi, Sys=30.8Mi, NumGC=121","level":"stat"}
{"@timestamp":"2025-02-16T05:49:12.286+08:00","caller":"load/sheddingstat.go:61","content":"(rpc) shedding_stat [1m], cpu: 17, total: 0, pass: 0, drop: 0","level":"stat"}
{"@timestamp":"2025-02-16T05:50:12.230+08:00","caller":"stat/usage.go:61","content":"CPU: 17m, MEMORY: Alloc=13.2Mi, TotalAlloc=709.8Mi, Sys=30.8Mi, NumGC=122","level":"stat"}
{"@timestamp":"2025-02-16T05:50:12.285+08:00","caller":"load/sheddingstat.go:61","content":"(rpc) shedding_stat [1m], cpu: 17, total: 0, pass: 0, drop: 0","level":"stat"}
{"@timestamp":"2025-02-16T05:51:12.230+08:00","caller":"stat/usage.go:61","content":"CPU: 23m, MEMORY: Alloc=12.9Mi, TotalAlloc=716.9Mi, Sys=30.8Mi, NumGC=123","level":"stat"}
{"@timestamp":"2025-02-16T05:51:12.286+08:00","caller":"load/sheddingstat.go:61","content":"(rpc) shedding_stat [1m], cpu: 23, total: 0, pass: 0, drop: 0","level":"stat"}
{"@timestamp":"2025-02-16T05:52:12.230+08:00","caller":"stat/usage.go:61","content":"CPU: 17m, MEMORY: Alloc=11.5Mi, TotalAlloc=723.2Mi, Sys=30.8Mi, NumGC=124","level":"stat"}
{"@timestamp":"2025-02-16T05:52:12.286+08:00","caller":"load/sheddingstat.go:61","content":"(rpc) shedding_stat [1m], cpu: 17, total: 0, pass: 0, drop: 0","level":"stat"}
{"@timestamp":"2025-02-16T05:53:12.230+08:00","caller":"stat/usage.go:61","content":"CPU: 18m, MEMORY: Alloc=12.3Mi, TotalAlloc=730.4Mi, Sys=30.8Mi, NumGC=125","level":"stat"}
{"@timestamp":"2025-02-16T05:53:12.286+08:00","caller":"load/sheddingstat.go:61","content":"(rpc) shedding_stat [1m], cpu: 18, total: 0, pass: 0, drop: 0","level":"stat"}
{"@timestamp":"2025-02-16T05:54:12.231+08:00","caller":"stat/usage.go:61","content":"CPU: 18m, MEMORY: Alloc=12.4Mi, TotalAlloc=736.6Mi, Sys=30.8Mi, NumGC=126","level":"stat"}
{"@timestamp":"2025-02-16T05:54:12.285+08:00","caller":"load/sheddingstat.go:61","content":"(rpc) shedding_stat [1m], cpu: 18, total: 0, pass: 0, drop: 0","level":"stat"}
{"@timestamp":"2025-02-16T05:55:12.229+08:00","caller":"stat/usage.go:61","content":"CPU: 18m, MEMORY: Alloc=13.1Mi, TotalAlloc=743.8Mi, Sys=30.8Mi, NumGC=127","level":"stat"}
{"@timestamp":"2025-02-16T05:55:12.286+08:00","caller":"load/sheddingstat.go:61","content":"(rpc) shedding_stat [1m], cpu: 18, total: 0, pass: 0, drop: 0","level":"stat"}
{"@timestamp":"2025-02-16T05:56:12.229+08:00","caller":"stat/usage.go:61","content":"CPU: 17m, MEMORY: Alloc=12.0Mi, TotalAlloc=750.1Mi, Sys=30.8Mi, NumGC=128","level":"stat"}
{"@timestamp":"2025-02-16T05:56:12.285+08:00","caller":"load/sheddingstat.go:61","content":"(rpc) shedding_stat [1m], cpu: 17, total: 0, pass: 0, drop: 0","level":"stat"}
{"@timestamp":"2025-02-16T05:57:12.230+08:00","caller":"stat/usage.go:61","content":"CPU: 16m, MEMORY: Alloc=10.6Mi, TotalAlloc=755.6Mi, Sys=30.8Mi, NumGC=129","level":"stat"}
{"@timestamp":"2025-02-16T05:57:12.285+08:00","caller":"load/sheddingstat.go:61","content":"(rpc) shedding_stat [1m], cpu: 16, total: 0, pass: 0, drop: 0","level":"stat"}
{"@timestamp":"2025-02-16T05:58:12.230+08:00","caller":"stat/usage.go:61","content":"CPU: 17m, MEMORY: Alloc=11.1Mi, TotalAlloc=761.9Mi, Sys=30.8Mi, NumGC=130","level":"stat"}
{"@timestamp":"2025-02-16T05:58:12.285+08:00","caller":"load/sheddingstat.go:61","content":"(rpc) shedding_stat [1m], cpu: 17, total: 0, pass: 0, drop: 0","level":"stat"}
{"@timestamp":"2025-02-16T05:59:12.230+08:00","caller":"stat/usage.go:61","content":"CPU: 17m, MEMORY: Alloc=10.3Mi, TotalAlloc=768.1Mi, Sys=30.8Mi, NumGC=131","level":"stat"}
{"@timestamp":"2025-02-16T05:59:12.285+08:00","caller":"load/sheddingstat.go:61","content":"(rpc) shedding_stat [1m], cpu: 17, total: 0, pass: 0, drop: 0","level":"stat"}
{"@timestamp":"2025-02-16T06:00:12.230+08:00","caller":"stat/usage.go:61","content":"CPU: 17m, MEMORY: Alloc=10.8Mi, TotalAlloc=774.4Mi, Sys=30.8Mi, NumGC=132","level":"stat"}
{"@timestamp":"2025-02-16T06:00:12.286+08:00","caller":"load/sheddingstat.go:61","content":"(rpc) shedding_stat [1m], cpu: 17, total: 0, pass: 0, drop: 0","level":"stat"}
{"@timestamp":"2025-02-16T06:01:12.231+08:00","caller":"stat/usage.go:61","content":"CPU: 17m, MEMORY: Alloc=9.5Mi, TotalAlloc=779.9Mi, Sys=30.8Mi, NumGC=133","level":"stat"}
{"@timestamp":"2025-02-16T06:01:12.286+08:00","caller":"load/sheddingstat.go:61","content":"(rpc) shedding_stat [1m], cpu: 17, total: 0, pass: 0, drop: 0","level":"stat"}
{"@timestamp":"2025-02-16T06:02:12.230+08:00","caller":"stat/usage.go:61","content":"CPU: 17m, MEMORY: Alloc=10.2Mi, TotalAlloc=786.2Mi, Sys=30.8Mi, NumGC=134","level":"stat"}
{"@timestamp":"2025-02-16T06:02:12.286+08:00","caller":"load/sheddingstat.go:61","content":"(rpc) shedding_stat [1m], cpu: 17, total: 0, pass: 0, drop: 0","level":"stat"}
{"@timestamp":"2025-02-16T06:03:12.230+08:00","caller":"stat/usage.go:61","content":"CPU: 17m, MEMORY: Alloc=8.2Mi, TotalAlloc=791.7Mi, Sys=30.8Mi, NumGC=135","level":"stat"}
{"@timestamp":"2025-02-16T06:03:12.286+08:00","caller":"load/sheddingstat.go:61","content":"(rpc) shedding_stat [1m], cpu: 17, total: 0, pass: 0, drop: 0","level":"stat"}
{"@timestamp":"2025-02-16T06:04:12.230+08:00","caller":"stat/usage.go:61","content":"CPU: 22m, MEMORY: Alloc=8.5Mi, TotalAlloc=798.1Mi, Sys=30.8Mi, NumGC=136","level":"stat"}
{"@timestamp":"2025-02-16T06:04:12.286+08:00","caller":"load/sheddingstat.go:61","content":"(rpc) shedding_stat [1m], cpu: 22, total: 0, pass: 0, drop: 0","level":"stat"}
{"@timestamp":"2025-02-16T06:05:12.230+08:00","caller":"stat/usage.go:61","content":"CPU: 17m, MEMORY: Alloc=7.0Mi, TotalAlloc=802.8Mi, Sys=30.8Mi, NumGC=137","level":"stat"}
{"@timestamp":"2025-02-16T06:05:12.285+08:00","caller":"load/sheddingstat.go:61","content":"(rpc) shedding_stat [1m], cpu: 17, total: 0, pass: 0, drop: 0","level":"stat"}
{"@timestamp":"2025-02-16T06:06:12.230+08:00","caller":"stat/usage.go:61","content":"CPU: 17m, MEMORY: Alloc=8.9Mi, TotalAlloc=810.7Mi, Sys=30.8Mi, NumGC=138","level":"stat"}
{"@timestamp":"2025-02-16T06:06:12.286+08:00","caller":"load/sheddingstat.go:61","content":"(rpc) shedding_stat [1m], cpu: 17, total: 0, pass: 0, drop: 0","level":"stat"}
{"@timestamp":"2025-02-16T06:07:12.230+08:00","caller":"stat/usage.go:61","content":"CPU: 16m, MEMORY: Alloc=10.0Mi, TotalAlloc=817.8Mi, Sys=30.8Mi, NumGC=139","level":"stat"}
{"@timestamp":"2025-02-16T06:07:12.285+08:00","caller":"load/sheddingstat.go:61","content":"(rpc) shedding_stat [1m], cpu: 16, total: 0, pass: 0, drop: 0","level":"stat"}
{"@timestamp":"2025-02-16T06:08:12.230+08:00","caller":"stat/usage.go:61","content":"CPU: 16m, MEMORY: Alloc=9.4Mi, TotalAlloc=823.3Mi, Sys=30.8Mi, NumGC=140","level":"stat"}
{"@timestamp":"2025-02-16T06:08:12.285+08:00","caller":"load/sheddingstat.go:61","content":"(rpc) shedding_stat [1m], cpu: 16, total: 0, pass: 0, drop: 0","level":"stat"}
{"@timestamp":"2025-02-16T06:09:12.230+08:00","caller":"stat/usage.go:61","content":"CPU: 17m, MEMORY: Alloc=9.5Mi, TotalAlloc=830.3Mi, Sys=30.8Mi, NumGC=141","level":"stat"}
{"@timestamp":"2025-02-16T06:09:12.286+08:00","caller":"load/sheddingstat.go:61","content":"(rpc) shedding_stat [1m], cpu: 17, total: 0, pass: 0, drop: 0","level":"stat"}
{"@timestamp":"2025-02-16T06:10:12.230+08:00","caller":"stat/usage.go:61","content":"CPU: 16m, MEMORY: Alloc=10.5Mi, TotalAlloc=836.7Mi, Sys=30.8Mi, NumGC=142","level":"stat"}
{"@timestamp":"2025-02-16T06:10:12.285+08:00","caller":"load/sheddingstat.go:61","content":"(rpc) shedding_stat [1m], cpu: 16, total: 0, pass: 0, drop: 0","level":"stat"}
{"@timestamp":"2025-02-16T06:11:12.231+08:00","caller":"stat/usage.go:61","content":"CPU: 17m, MEMORY: Alloc=11.5Mi, TotalAlloc=843.0Mi, Sys=30.8Mi, NumGC=143","level":"stat"}
{"@timestamp":"2025-02-16T06:11:12.285+08:00","caller":"load/sheddingstat.go:61","content":"(rpc) shedding_stat [1m], cpu: 17, total: 0, pass: 0, drop: 0","level":"stat"}
{"@timestamp":"2025-02-16T06:12:12.230+08:00","caller":"stat/usage.go:61","content":"CPU: 17m, MEMORY: Alloc=11.0Mi, TotalAlloc=849.3Mi, Sys=30.8Mi, NumGC=144","level":"stat"}
{"@timestamp":"2025-02-16T06:12:12.286+08:00","caller":"load/sheddingstat.go:61","content":"(rpc) shedding_stat [1m], cpu: 17, total: 0, pass: 0, drop: 0","level":"stat"}
{"@timestamp":"2025-02-16T06:13:12.230+08:00","caller":"stat/usage.go:61","content":"CPU: 17m, MEMORY: Alloc=6.7Mi, TotalAlloc=855.6Mi, Sys=30.8Mi, NumGC=146","level":"stat"}
{"@timestamp":"2025-02-16T06:13:12.286+08:00","caller":"load/sheddingstat.go:61","content":"(rpc) shedding_stat [1m], cpu: 17, total: 0, pass: 0, drop: 0","level":"stat"}
{"@timestamp":"2025-02-16T06:14:12.231+08:00","caller":"stat/usage.go:61","content":"CPU: 18m, MEMORY: Alloc=7.2Mi, TotalAlloc=862.8Mi, Sys=30.8Mi, NumGC=147","level":"stat"}
{"@timestamp":"2025-02-16T06:14:12.285+08:00","caller":"load/sheddingstat.go:61","content":"(rpc) shedding_stat [1m], cpu: 18, total: 0, pass: 0, drop: 0","level":"stat"}
{"@timestamp":"2025-02-16T06:15:12.229+08:00","caller":"stat/usage.go:61","content":"CPU: 15m, MEMORY: Alloc=8.6Mi, TotalAlloc=869.0Mi, Sys=30.8Mi, NumGC=148","level":"stat"}
{"@timestamp":"2025-02-16T06:15:12.286+08:00","caller":"load/sheddingstat.go:61","content":"(rpc) shedding_stat [1m], cpu: 15, total: 0, pass: 0, drop: 0","level":"stat"}
{"@timestamp":"2025-02-16T06:16:12.230+08:00","caller":"stat/usage.go:61","content":"CPU: 17m, MEMORY: Alloc=9.5Mi, TotalAlloc=875.4Mi, Sys=30.8Mi, NumGC=149","level":"stat"}
{"@timestamp":"2025-02-16T06:16:12.285+08:00","caller":"load/sheddingstat.go:61","content":"(rpc) shedding_stat [1m], cpu: 17, total: 0, pass: 0, drop: 0","level":"stat"}
{"@timestamp":"2025-02-16T06:17:12.230+08:00","caller":"stat/usage.go:61","content":"CPU: 21m, MEMORY: Alloc=8.0Mi, TotalAlloc=880.9Mi, Sys=30.8Mi, NumGC=150","level":"stat"}
{"@timestamp":"2025-02-16T06:17:12.285+08:00","caller":"load/sheddingstat.go:61","content":"(rpc) shedding_stat [1m], cpu: 21, total: 0, pass: 0, drop: 0","level":"stat"}
{"@timestamp":"2025-02-16T06:18:12.230+08:00","caller":"stat/usage.go:61","content":"CPU: 18m, MEMORY: Alloc=13.5Mi, TotalAlloc=886.3Mi, Sys=30.8Mi, NumGC=150","level":"stat"}
{"@timestamp":"2025-02-16T06:18:12.285+08:00","caller":"load/sheddingstat.go:61","content":"(rpc) shedding_stat [1m], cpu: 18, total: 0, pass: 0, drop: 0","level":"stat"}
{"@timestamp":"2025-02-16T06:19:12.230+08:00","caller":"stat/usage.go:61","content":"CPU: 20m, MEMORY: Alloc=11.1Mi, TotalAlloc=891.0Mi, Sys=30.8Mi, NumGC=151","level":"stat"}
{"@timestamp":"2025-02-16T06:19:12.285+08:00","caller":"load/sheddingstat.go:61","content":"(rpc) shedding_stat [1m], cpu: 20, total: 0, pass: 0, drop: 0","level":"stat"}
{"@timestamp":"2025-02-16T06:20:12.231+08:00","caller":"stat/usage.go:61","content":"CPU: 17m, MEMORY: Alloc=8.1Mi, TotalAlloc=895.7Mi, Sys=30.8Mi, NumGC=152","level":"stat"}
{"@timestamp":"2025-02-16T06:20:12.285+08:00","caller":"load/sheddingstat.go:61","content":"(rpc) shedding_stat [1m], cpu: 17, total: 0, pass: 0, drop: 0","level":"stat"}
{"@timestamp":"2025-02-16T06:21:12.230+08:00","caller":"stat/usage.go:61","content":"CPU: 17m, MEMORY: Alloc=8.5Mi, TotalAlloc=902.0Mi, Sys=30.8Mi, NumGC=153","level":"stat"}
{"@timestamp":"2025-02-16T06:21:12.285+08:00","caller":"load/sheddingstat.go:61","content":"(rpc) shedding_stat [1m], cpu: 17, total: 0, pass: 0, drop: 0","level":"stat"}
{"@timestamp":"2025-02-16T06:22:12.230+08:00","caller":"stat/usage.go:61","content":"CPU: 16m, MEMORY: Alloc=7.1Mi, TotalAlloc=907.5Mi, Sys=30.8Mi, NumGC=154","level":"stat"}
{"@timestamp":"2025-02-16T06:22:12.286+08:00","caller":"load/sheddingstat.go:61","content":"(rpc) shedding_stat [1m], cpu: 16, total: 0, pass: 0, drop: 0","level":"stat"}
{"@timestamp":"2025-02-16T06:23:12.231+08:00","caller":"stat/usage.go:61","content":"CPU: 17m, MEMORY: Alloc=7.3Mi, TotalAlloc=913.0Mi, Sys=30.8Mi, NumGC=155","level":"stat"}
{"@timestamp":"2025-02-16T06:23:12.286+08:00","caller":"load/sheddingstat.go:61","content":"(rpc) shedding_stat [1m], cpu: 17, total: 0, pass: 0, drop: 0","level":"stat"}
{"@timestamp":"2025-02-16T06:24:12.229+08:00","caller":"stat/usage.go:61","content":"CPU: 16m, MEMORY: Alloc=9.9Mi, TotalAlloc=920.1Mi, Sys=30.8Mi, NumGC=156","level":"stat"}
{"@timestamp":"2025-02-16T06:24:12.285+08:00","caller":"load/sheddingstat.go:61","content":"(rpc) shedding_stat [1m], cpu: 16, total: 0, pass: 0, drop: 0","level":"stat"}
{"@timestamp":"2025-02-16T06:25:12.230+08:00","caller":"stat/usage.go:61","content":"CPU: 18m, MEMORY: Alloc=11.1Mi, TotalAlloc=927.2Mi, Sys=30.8Mi, NumGC=157","level":"stat"}
{"@timestamp":"2025-02-16T06:25:12.285+08:00","caller":"load/sheddingstat.go:61","content":"(rpc) shedding_stat [1m], cpu: 18, total: 0, pass: 0, drop: 0","level":"stat"}
{"@timestamp":"2025-02-16T06:26:12.230+08:00","caller":"stat/usage.go:61","content":"CPU: 17m, MEMORY: Alloc=10.6Mi, TotalAlloc=934.4Mi, Sys=30.8Mi, NumGC=158","level":"stat"}
{"@timestamp":"2025-02-16T06:26:12.285+08:00","caller":"load/sheddingstat.go:61","content":"(rpc) shedding_stat [1m], cpu: 17, total: 0, pass: 0, drop: 0","level":"stat"}
{"@timestamp":"2025-02-16T06:27:12.230+08:00","caller":"stat/usage.go:61","content":"CPU: 19m, MEMORY: Alloc=10.1Mi, TotalAlloc=940.7Mi, Sys=30.8Mi, NumGC=159","level":"stat"}
{"@timestamp":"2025-02-16T06:27:12.285+08:00","caller":"load/sheddingstat.go:61","content":"(rpc) shedding_stat [1m], cpu: 19, total: 0, pass: 0, drop: 0","level":"stat"}
{"@timestamp":"2025-02-16T06:28:12.230+08:00","caller":"stat/usage.go:61","content":"CPU: 17m, MEMORY: Alloc=11.5Mi, TotalAlloc=947.0Mi, Sys=30.8Mi, NumGC=160","level":"stat"}
{"@timestamp":"2025-02-16T06:28:12.286+08:00","caller":"load/sheddingstat.go:61","content":"(rpc) shedding_stat [1m], cpu: 17, total: 0, pass: 0, drop: 0","level":"stat"}
{"@timestamp":"2025-02-16T06:29:12.230+08:00","caller":"stat/usage.go:61","content":"CPU: 18m, MEMORY: Alloc=12.3Mi, TotalAlloc=954.2Mi, Sys=30.8Mi, NumGC=161","level":"stat"}
{"@timestamp":"2025-02-16T06:29:12.285+08:00","caller":"load/sheddingstat.go:61","content":"(rpc) shedding_stat [1m], cpu: 18, total: 0, pass: 0, drop: 0","level":"stat"}
{"@timestamp":"2025-02-16T06:30:12.230+08:00","caller":"stat/usage.go:61","content":"CPU: 22m, MEMORY: Alloc=10.6Mi, TotalAlloc=959.6Mi, Sys=30.8Mi, NumGC=162","level":"stat"}
{"@timestamp":"2025-02-16T06:30:12.286+08:00","caller":"load/sheddingstat.go:61","content":"(rpc) shedding_stat [1m], cpu: 22, total: 0, pass: 0, drop: 0","level":"stat"}
{"@timestamp":"2025-02-16T06:31:12.230+08:00","caller":"stat/usage.go:61","content":"CPU: 19m, MEMORY: Alloc=11.5Mi, TotalAlloc=965.9Mi, Sys=30.8Mi, NumGC=163","level":"stat"}
{"@timestamp":"2025-02-16T06:31:12.285+08:00","caller":"load/sheddingstat.go:61","content":"(rpc) shedding_stat [1m], cpu: 19, total: 0, pass: 0, drop: 0","level":"stat"}
{"@timestamp":"2025-02-16T06:32:12.230+08:00","caller":"stat/usage.go:61","content":"CPU: 15m, MEMORY: Alloc=11.5Mi, TotalAlloc=972.3Mi, Sys=30.8Mi, NumGC=164","level":"stat"}
{"@timestamp":"2025-02-16T06:32:12.286+08:00","caller":"load/sheddingstat.go:61","content":"(rpc) shedding_stat [1m], cpu: 15, total: 0, pass: 0, drop: 0","level":"stat"}
{"@timestamp":"2025-02-16T06:33:12.230+08:00","caller":"stat/usage.go:61","content":"CPU: 15m, MEMORY: Alloc=12.1Mi, TotalAlloc=979.4Mi, Sys=30.8Mi, NumGC=165","level":"stat"}
{"@timestamp":"2025-02-16T06:33:12.286+08:00","caller":"load/sheddingstat.go:61","content":"(rpc) shedding_stat [1m], cpu: 15, total: 0, pass: 0, drop: 0","level":"stat"}
{"@timestamp":"2025-02-16T06:34:12.230+08:00","caller":"stat/usage.go:61","content":"CPU: 16m, MEMORY: Alloc=12.2Mi, TotalAlloc=985.6Mi, Sys=30.8Mi, NumGC=166","level":"stat"}
{"@timestamp":"2025-02-16T06:34:12.286+08:00","caller":"load/sheddingstat.go:61","content":"(rpc) shedding_stat [1m], cpu: 16, total: 0, pass: 0, drop: 0","level":"stat"}
{"@timestamp":"2025-02-16T06:35:12.230+08:00","caller":"stat/usage.go:61","content":"CPU: 19m, MEMORY: Alloc=11.5Mi, TotalAlloc=991.1Mi, Sys=30.8Mi, NumGC=167","level":"stat"}
{"@timestamp":"2025-02-16T06:35:12.286+08:00","caller":"load/sheddingstat.go:61","content":"(rpc) shedding_stat [1m], cpu: 19, total: 0, pass: 0, drop: 0","level":"stat"}
{"@timestamp":"2025-02-16T06:36:12.230+08:00","caller":"stat/usage.go:61","content":"CPU: 16m, MEMORY: Alloc=10.0Mi, TotalAlloc=997.4Mi, Sys=30.8Mi, NumGC=168","level":"stat"}
{"@timestamp":"2025-02-16T06:36:12.286+08:00","caller":"load/sheddingstat.go:61","content":"(rpc) shedding_stat [1m], cpu: 16, total: 0, pass: 0, drop: 0","level":"stat"}
{"@timestamp":"2025-02-16T06:37:12.230+08:00","caller":"stat/usage.go:61","content":"CPU: 16m, MEMORY: Alloc=7.7Mi, TotalAlloc=1003.6Mi, Sys=30.8Mi, NumGC=169","level":"stat"}
{"@timestamp":"2025-02-16T06:37:12.285+08:00","caller":"load/sheddingstat.go:61","content":"(rpc) shedding_stat [1m], cpu: 16, total: 0, pass: 0, drop: 0","level":"stat"}
{"@timestamp":"2025-02-16T06:38:12.230+08:00","caller":"stat/usage.go:61","content":"CPU: 15m, MEMORY: Alloc=12.3Mi, TotalAlloc=1008.3Mi, Sys=30.8Mi, NumGC=169","level":"stat"}
{"@timestamp":"2025-02-16T06:38:12.286+08:00","caller":"load/sheddingstat.go:61","content":"(rpc) shedding_stat [1m], cpu: 15, total: 0, pass: 0, drop: 0","level":"stat"}
{"@timestamp":"2025-02-16T06:39:12.230+08:00","caller":"stat/usage.go:61","content":"CPU: 17m, MEMORY: Alloc=10.0Mi, TotalAlloc=1013.8Mi, Sys=30.8Mi, NumGC=170","level":"stat"}
{"@timestamp":"2025-02-16T06:39:12.286+08:00","caller":"load/sheddingstat.go:61","content":"(rpc) shedding_stat [1m], cpu: 17, total: 0, pass: 0, drop: 0","level":"stat"}
{"@timestamp":"2025-02-16T06:40:12.229+08:00","caller":"stat/usage.go:61","content":"CPU: 17m, MEMORY: Alloc=10.0Mi, TotalAlloc=1020.9Mi, Sys=30.8Mi, NumGC=171","level":"stat"}
{"@timestamp":"2025-02-16T06:40:12.286+08:00","caller":"load/sheddingstat.go:61","content":"(rpc) shedding_stat [1m], cpu: 17, total: 0, pass: 0, drop: 0","level":"stat"}
{"@timestamp":"2025-02-16T06:41:12.230+08:00","caller":"stat/usage.go:61","content":"CPU: 15m, MEMORY: Alloc=12.3Mi, TotalAlloc=1028.1Mi, Sys=30.8Mi, NumGC=172","level":"stat"}
{"@timestamp":"2025-02-16T06:41:12.285+08:00","caller":"load/sheddingstat.go:61","content":"(rpc) shedding_stat [1m], cpu: 15, total: 0, pass: 0, drop: 0","level":"stat"}
{"@timestamp":"2025-02-16T06:42:12.230+08:00","caller":"stat/usage.go:61","content":"CPU: 17m, MEMORY: Alloc=12.4Mi, TotalAlloc=1034.4Mi, Sys=30.8Mi, NumGC=173","level":"stat"}
{"@timestamp":"2025-02-16T06:42:12.286+08:00","caller":"load/sheddingstat.go:61","content":"(rpc) shedding_stat [1m], cpu: 17, total: 0, pass: 0, drop: 0","level":"stat"}
{"@timestamp":"2025-02-16T06:43:12.230+08:00","caller":"stat/usage.go:61","content":"CPU: 21m, MEMORY: Alloc=7.1Mi, TotalAlloc=1041.6Mi, Sys=30.8Mi, NumGC=175","level":"stat"}
{"@timestamp":"2025-02-16T06:43:12.286+08:00","caller":"load/sheddingstat.go:61","content":"(rpc) shedding_stat [1m], cpu: 21, total: 0, pass: 0, drop: 0","level":"stat"}
{"@timestamp":"2025-02-16T06:44:12.230+08:00","caller":"stat/usage.go:61","content":"CPU: 17m, MEMORY: Alloc=6.6Mi, TotalAlloc=1047.9Mi, Sys=30.8Mi, NumGC=176","level":"stat"}
{"@timestamp":"2025-02-16T06:44:12.286+08:00","caller":"load/sheddingstat.go:61","content":"(rpc) shedding_stat [1m], cpu: 17, total: 0, pass: 0, drop: 0","level":"stat"}
{"@timestamp":"2025-02-16T06:45:12.230+08:00","caller":"stat/usage.go:61","content":"CPU: 17m, MEMORY: Alloc=7.8Mi, TotalAlloc=1053.4Mi, Sys=30.8Mi, NumGC=177","level":"stat"}
{"@timestamp":"2025-02-16T06:45:12.285+08:00","caller":"load/sheddingstat.go:61","content":"(rpc) shedding_stat [1m], cpu: 17, total: 0, pass: 0, drop: 0","level":"stat"}
{"@timestamp":"2025-02-16T06:46:12.230+08:00","caller":"stat/usage.go:61","content":"CPU: 17m, MEMORY: Alloc=8.0Mi, TotalAlloc=1059.7Mi, Sys=30.8Mi, NumGC=178","level":"stat"}
{"@timestamp":"2025-02-16T06:46:12.286+08:00","caller":"load/sheddingstat.go:61","content":"(rpc) shedding_stat [1m], cpu: 17, total: 0, pass: 0, drop: 0","level":"stat"}
{"@timestamp":"2025-02-16T06:47:12.230+08:00","caller":"stat/usage.go:61","content":"CPU: 16m, MEMORY: Alloc=7.4Mi, TotalAlloc=1065.2Mi, Sys=30.8Mi, NumGC=179","level":"stat"}
{"@timestamp":"2025-02-16T06:47:12.286+08:00","caller":"load/sheddingstat.go:61","content":"(rpc) shedding_stat [1m], cpu: 16, total: 0, pass: 0, drop: 0","level":"stat"}
{"@timestamp":"2025-02-16T06:48:12.230+08:00","caller":"stat/usage.go:61","content":"CPU: 17m, MEMORY: Alloc=7.0Mi, TotalAlloc=1070.7Mi, Sys=30.8Mi, NumGC=180","level":"stat"}
{"@timestamp":"2025-02-16T06:48:12.286+08:00","caller":"load/sheddingstat.go:61","content":"(rpc) shedding_stat [1m], cpu: 17, total: 0, pass: 0, drop: 0","level":"stat"}
{"@timestamp":"2025-02-16T06:49:12.230+08:00","caller":"stat/usage.go:61","content":"CPU: 17m, MEMORY: Alloc=6.3Mi, TotalAlloc=1077.0Mi, Sys=30.8Mi, NumGC=181","level":"stat"}
{"@timestamp":"2025-02-16T06:49:12.285+08:00","caller":"load/sheddingstat.go:61","content":"(rpc) shedding_stat [1m], cpu: 17, total: 0, pass: 0, drop: 0","level":"stat"}
{"@timestamp":"2025-02-16T06:50:12.230+08:00","caller":"stat/usage.go:61","content":"CPU: 17m, MEMORY: Alloc=7.6Mi, TotalAlloc=1082.5Mi, Sys=30.8Mi, NumGC=182","level":"stat"}
{"@timestamp":"2025-02-16T06:50:12.285+08:00","caller":"load/sheddingstat.go:61","content":"(rpc) shedding_stat [1m], cpu: 17, total: 0, pass: 0, drop: 0","level":"stat"}
{"@timestamp":"2025-02-16T06:51:12.230+08:00","caller":"stat/usage.go:61","content":"CPU: 17m, MEMORY: Alloc=12.2Mi, TotalAlloc=1087.1Mi, Sys=30.8Mi, NumGC=182","level":"stat"}
{"@timestamp":"2025-02-16T06:51:12.286+08:00","caller":"load/sheddingstat.go:61","content":"(rpc) shedding_stat [1m], cpu: 17, total: 0, pass: 0, drop: 0","level":"stat"}
{"@timestamp":"2025-02-16T06:52:12.230+08:00","caller":"stat/usage.go:61","content":"CPU: 17m, MEMORY: Alloc=6.1Mi, TotalAlloc=1093.4Mi, Sys=30.8Mi, NumGC=184","level":"stat"}
{"@timestamp":"2025-02-16T06:52:12.286+08:00","caller":"load/sheddingstat.go:61","content":"(rpc) shedding_stat [1m], cpu: 17, total: 0, pass: 0, drop: 0","level":"stat"}
{"@timestamp":"2025-02-16T06:53:12.230+08:00","caller":"stat/usage.go:61","content":"CPU: 18m, MEMORY: Alloc=6.5Mi, TotalAlloc=1098.9Mi, Sys=30.8Mi, NumGC=185","level":"stat"}
{"@timestamp":"2025-02-16T06:53:12.286+08:00","caller":"load/sheddingstat.go:61","content":"(rpc) shedding_stat [1m], cpu: 18, total: 0, pass: 0, drop: 0","level":"stat"}
{"@timestamp":"2025-02-16T06:54:12.230+08:00","caller":"stat/usage.go:61","content":"CPU: 19m, MEMORY: Alloc=7.8Mi, TotalAlloc=1105.2Mi, Sys=30.8Mi, NumGC=186","level":"stat"}
{"@timestamp":"2025-02-16T06:54:12.286+08:00","caller":"load/sheddingstat.go:61","content":"(rpc) shedding_stat [1m], cpu: 19, total: 0, pass: 0, drop: 0","level":"stat"}
{"@timestamp":"2025-02-16T06:55:12.231+08:00","caller":"stat/usage.go:61","content":"CPU: 20m, MEMORY: Alloc=8.2Mi, TotalAlloc=1110.7Mi, Sys=30.8Mi, NumGC=187","level":"stat"}
{"@timestamp":"2025-02-16T06:55:12.286+08:00","caller":"load/sheddingstat.go:61","content":"(rpc) shedding_stat [1m], cpu: 20, total: 0, pass: 0, drop: 0","level":"stat"}
{"@timestamp":"2025-02-16T06:56:12.230+08:00","caller":"stat/usage.go:61","content":"CPU: 36m, MEMORY: Alloc=7.8Mi, TotalAlloc=1117.0Mi, Sys=30.8Mi, NumGC=188","level":"stat"}
{"@timestamp":"2025-02-16T06:56:12.286+08:00","caller":"load/sheddingstat.go:61","content":"(rpc) shedding_stat [1m], cpu: 36, total: 0, pass: 0, drop: 0","level":"stat"}
{"@timestamp":"2025-02-16T06:57:12.229+08:00","caller":"stat/usage.go:61","content":"CPU: 18m, MEMORY: Alloc=13.4Mi, TotalAlloc=1122.5Mi, Sys=30.8Mi, NumGC=188","level":"stat"}
{"@timestamp":"2025-02-16T06:57:12.285+08:00","caller":"load/sheddingstat.go:61","content":"(rpc) shedding_stat [1m], cpu: 18, total: 0, pass: 0, drop: 0","level":"stat"}
{"@timestamp":"2025-02-16T06:58:12.230+08:00","caller":"stat/usage.go:61","content":"CPU: 21m, MEMORY: Alloc=12.3Mi, TotalAlloc=1128.8Mi, Sys=30.8Mi, NumGC=189","level":"stat"}
{"@timestamp":"2025-02-16T06:58:12.286+08:00","caller":"load/sheddingstat.go:61","content":"(rpc) shedding_stat [1m], cpu: 21, total: 0, pass: 0, drop: 0","level":"stat"}
{"@timestamp":"2025-02-16T06:59:12.230+08:00","caller":"stat/usage.go:61","content":"CPU: 19m, MEMORY: Alloc=11.5Mi, TotalAlloc=1135.9Mi, Sys=30.8Mi, NumGC=190","level":"stat"}
{"@timestamp":"2025-02-16T06:59:12.285+08:00","caller":"load/sheddingstat.go:61","content":"(rpc) shedding_stat [1m], cpu: 19, total: 0, pass: 0, drop: 0","level":"stat"}
{"@timestamp":"2025-02-16T07:00:12.230+08:00","caller":"stat/usage.go:61","content":"CPU: 18m, MEMORY: Alloc=11.4Mi, TotalAlloc=1141.4Mi, Sys=30.8Mi, NumGC=191","level":"stat"}
{"@timestamp":"2025-02-16T07:00:12.286+08:00","caller":"load/sheddingstat.go:61","content":"(rpc) shedding_stat [1m], cpu: 18, total: 0, pass: 0, drop: 0","level":"stat"}
{"@timestamp":"2025-02-16T07:01:12.230+08:00","caller":"stat/usage.go:61","content":"CPU: 20m, MEMORY: Alloc=8.5Mi, TotalAlloc=1147.7Mi, Sys=30.8Mi, NumGC=192","level":"stat"}
{"@timestamp":"2025-02-16T07:01:12.286+08:00","caller":"load/sheddingstat.go:61","content":"(rpc) shedding_stat [1m], cpu: 20, total: 0, pass: 0, drop: 0","level":"stat"}
{"@timestamp":"2025-02-16T07:02:12.230+08:00","caller":"stat/usage.go:61","content":"CPU: 17m, MEMORY: Alloc=9.7Mi, TotalAlloc=1153.2Mi, Sys=30.8Mi, NumGC=193","level":"stat"}
{"@timestamp":"2025-02-16T07:02:12.286+08:00","caller":"load/sheddingstat.go:61","content":"(rpc) shedding_stat [1m], cpu: 17, total: 0, pass: 0, drop: 0","level":"stat"}
{"@timestamp":"2025-02-16T07:03:12.230+08:00","caller":"stat/usage.go:61","content":"CPU: 24m, MEMORY: Alloc=9.7Mi, TotalAlloc=1157.9Mi, Sys=30.8Mi, NumGC=194","level":"stat"}
{"@timestamp":"2025-02-16T07:03:12.285+08:00","caller":"load/sheddingstat.go:61","content":"(rpc) shedding_stat [1m], cpu: 24, total: 0, pass: 0, drop: 0","level":"stat"}
{"@timestamp":"2025-02-16T07:04:12.230+08:00","caller":"stat/usage.go:61","content":"CPU: 40m, MEMORY: Alloc=8.2Mi, TotalAlloc=1162.6Mi, Sys=30.8Mi, NumGC=195","level":"stat"}
{"@timestamp":"2025-02-16T07:04:12.285+08:00","caller":"load/sheddingstat.go:61","content":"(rpc) shedding_stat [1m], cpu: 40, total: 0, pass: 0, drop: 0","level":"stat"}
{"@timestamp":"2025-02-16T07:05:12.230+08:00","caller":"stat/usage.go:61","content":"CPU: 19m, MEMORY: Alloc=6.5Mi, TotalAlloc=1168.1Mi, Sys=30.8Mi, NumGC=196","level":"stat"}
{"@timestamp":"2025-02-16T07:05:12.286+08:00","caller":"load/sheddingstat.go:61","content":"(rpc) shedding_stat [1m], cpu: 19, total: 0, pass: 0, drop: 0","level":"stat"}
{"@timestamp":"2025-02-16T07:06:12.230+08:00","caller":"stat/usage.go:61","content":"CPU: 23m, MEMORY: Alloc=7.5Mi, TotalAlloc=1173.6Mi, Sys=30.8Mi, NumGC=197","level":"stat"}
{"@timestamp":"2025-02-16T07:06:12.285+08:00","caller":"load/sheddingstat.go:61","content":"(rpc) shedding_stat [1m], cpu: 23, total: 0, pass: 0, drop: 0","level":"stat"}
{"@timestamp":"2025-02-16T07:07:12.230+08:00","caller":"stat/usage.go:61","content":"CPU: 17m, MEMORY: Alloc=10.1Mi, TotalAlloc=1180.7Mi, Sys=30.8Mi, NumGC=198","level":"stat"}
{"@timestamp":"2025-02-16T07:07:12.285+08:00","caller":"load/sheddingstat.go:61","content":"(rpc) shedding_stat [1m], cpu: 17, total: 0, pass: 0, drop: 0","level":"stat"}
{"@timestamp":"2025-02-16T07:08:12.230+08:00","caller":"stat/usage.go:61","content":"CPU: 14m, MEMORY: Alloc=8.4Mi, TotalAlloc=1187.9Mi, Sys=30.8Mi, NumGC=200","level":"stat"}
{"@timestamp":"2025-02-16T07:08:12.286+08:00","caller":"load/sheddingstat.go:61","content":"(rpc) shedding_stat [1m], cpu: 14, total: 0, pass: 0, drop: 0","level":"stat"}
{"@timestamp":"2025-02-16T07:09:12.230+08:00","caller":"stat/usage.go:61","content":"CPU: 17m, MEMORY: Alloc=9.6Mi, TotalAlloc=1194.3Mi, Sys=30.8Mi, NumGC=201","level":"stat"}
{"@timestamp":"2025-02-16T07:09:12.286+08:00","caller":"load/sheddingstat.go:61","content":"(rpc) shedding_stat [1m], cpu: 17, total: 0, pass: 0, drop: 0","level":"stat"}
{"@timestamp":"2025-02-16T07:10:12.230+08:00","caller":"stat/usage.go:61","content":"CPU: 16m, MEMORY: Alloc=7.2Mi, TotalAlloc=1202.2Mi, Sys=30.8Mi, NumGC=203","level":"stat"}
{"@timestamp":"2025-02-16T07:10:12.285+08:00","caller":"load/sheddingstat.go:61","content":"(rpc) shedding_stat [1m], cpu: 16, total: 0, pass: 0, drop: 0","level":"stat"}
{"@timestamp":"2025-02-16T07:11:12.229+08:00","caller":"stat/usage.go:61","content":"CPU: 16m, MEMORY: Alloc=7.2Mi, TotalAlloc=1208.6Mi, Sys=30.8Mi, NumGC=204","level":"stat"}
{"@timestamp":"2025-02-16T07:11:12.286+08:00","caller":"load/sheddingstat.go:61","content":"(rpc) shedding_stat [1m], cpu: 16, total: 0, pass: 0, drop: 0","level":"stat"}
{"@timestamp":"2025-02-16T07:12:12.230+08:00","caller":"stat/usage.go:61","content":"CPU: 15m, MEMORY: Alloc=7.0Mi, TotalAlloc=1214.1Mi, Sys=30.8Mi, NumGC=205","level":"stat"}
{"@timestamp":"2025-02-16T07:12:12.286+08:00","caller":"load/sheddingstat.go:61","content":"(rpc) shedding_stat [1m], cpu: 15, total: 0, pass: 0, drop: 0","level":"stat"}
{"@timestamp":"2025-02-16T07:13:12.229+08:00","caller":"stat/usage.go:61","content":"CPU: 16m, MEMORY: Alloc=12.5Mi, TotalAlloc=1219.5Mi, Sys=30.8Mi, NumGC=205","level":"stat"}
{"@timestamp":"2025-02-16T07:13:12.285+08:00","caller":"load/sheddingstat.go:61","content":"(rpc) shedding_stat [1m], cpu: 16, total: 0, pass: 0, drop: 0","level":"stat"}
{"@timestamp":"2025-02-16T07:14:12.230+08:00","caller":"stat/usage.go:61","content":"CPU: 15m, MEMORY: Alloc=7.6Mi, TotalAlloc=1226.7Mi, Sys=30.8Mi, NumGC=207","level":"stat"}
{"@timestamp":"2025-02-16T07:14:12.286+08:00","caller":"load/sheddingstat.go:61","content":"(rpc) shedding_stat [1m], cpu: 15, total: 0, pass: 0, drop: 0","level":"stat"}
{"@timestamp":"2025-02-16T07:15:12.229+08:00","caller":"stat/usage.go:61","content":"CPU: 14m, MEMORY: Alloc=8.3Mi, TotalAlloc=1232.9Mi, Sys=30.8Mi, NumGC=208","level":"stat"}
{"@timestamp":"2025-02-16T07:15:12.286+08:00","caller":"load/sheddingstat.go:61","content":"(rpc) shedding_stat [1m], cpu: 14, total: 0, pass: 0, drop: 0","level":"stat"}
{"@timestamp":"2025-02-16T07:16:12.230+08:00","caller":"stat/usage.go:61","content":"CPU: 17m, MEMORY: Alloc=7.7Mi, TotalAlloc=1237.7Mi, Sys=30.8Mi, NumGC=209","level":"stat"}
{"@timestamp":"2025-02-16T07:16:12.286+08:00","caller":"load/sheddingstat.go:61","content":"(rpc) shedding_stat [1m], cpu: 17, total: 0, pass: 0, drop: 0","level":"stat"}
{"@timestamp":"2025-02-16T07:17:12.230+08:00","caller":"stat/usage.go:61","content":"CPU: 15m, MEMORY: Alloc=9.5Mi, TotalAlloc=1244.8Mi, Sys=30.8Mi, NumGC=210","level":"stat"}
{"@timestamp":"2025-02-16T07:17:12.286+08:00","caller":"load/sheddingstat.go:61","content":"(rpc) shedding_stat [1m], cpu: 15, total: 0, pass: 0, drop: 0","level":"stat"}
{"@timestamp":"2025-02-16T07:18:12.230+08:00","caller":"stat/usage.go:61","content":"CPU: 16m, MEMORY: Alloc=7.2Mi, TotalAlloc=1252.8Mi, Sys=30.8Mi, NumGC=212","level":"stat"}
{"@timestamp":"2025-02-16T07:18:12.285+08:00","caller":"load/sheddingstat.go:61","content":"(rpc) shedding_stat [1m], cpu: 16, total: 0, pass: 0, drop: 0","level":"stat"}
{"@timestamp":"2025-02-16T07:19:12.230+08:00","caller":"stat/usage.go:61","content":"CPU: 20m, MEMORY: Alloc=7.7Mi, TotalAlloc=1259.0Mi, Sys=30.8Mi, NumGC=213","level":"stat"}
{"@timestamp":"2025-02-16T07:19:12.286+08:00","caller":"load/sheddingstat.go:61","content":"(rpc) shedding_stat [1m], cpu: 20, total: 0, pass: 0, drop: 0","level":"stat"}
{"@timestamp":"2025-02-16T07:20:12.230+08:00","caller":"stat/usage.go:61","content":"CPU: 16m, MEMORY: Alloc=9.3Mi, TotalAlloc=1266.2Mi, Sys=30.8Mi, NumGC=214","level":"stat"}
{"@timestamp":"2025-02-16T07:20:12.286+08:00","caller":"load/sheddingstat.go:61","content":"(rpc) shedding_stat [1m], cpu: 16, total: 0, pass: 0, drop: 0","level":"stat"}
{"@timestamp":"2025-02-16T07:21:12.229+08:00","caller":"stat/usage.go:61","content":"CPU: 17m, MEMORY: Alloc=10.3Mi, TotalAlloc=1272.5Mi, Sys=30.8Mi, NumGC=215","level":"stat"}
{"@timestamp":"2025-02-16T07:21:12.286+08:00","caller":"load/sheddingstat.go:61","content":"(rpc) shedding_stat [1m], cpu: 17, total: 0, pass: 0, drop: 0","level":"stat"}
{"@timestamp":"2025-02-16T07:22:12.230+08:00","caller":"stat/usage.go:61","content":"CPU: 16m, MEMORY: Alloc=9.1Mi, TotalAlloc=1279.5Mi, Sys=30.8Mi, NumGC=216","level":"stat"}
{"@timestamp":"2025-02-16T07:22:12.286+08:00","caller":"load/sheddingstat.go:61","content":"(rpc) shedding_stat [1m], cpu: 16, total: 0, pass: 0, drop: 0","level":"stat"}
{"@timestamp":"2025-02-16T07:23:12.230+08:00","caller":"stat/usage.go:61","content":"CPU: 14m, MEMORY: Alloc=10.0Mi, TotalAlloc=1286.6Mi, Sys=30.8Mi, NumGC=217","level":"stat"}
{"@timestamp":"2025-02-16T07:23:12.285+08:00","caller":"load/sheddingstat.go:61","content":"(rpc) shedding_stat [1m], cpu: 14, total: 0, pass: 0, drop: 0","level":"stat"}
{"@timestamp":"2025-02-16T07:24:12.230+08:00","caller":"stat/usage.go:61","content":"CPU: 16m, MEMORY: Alloc=8.7Mi, TotalAlloc=1292.1Mi, Sys=30.8Mi, NumGC=218","level":"stat"}
{"@timestamp":"2025-02-16T07:24:12.285+08:00","caller":"load/sheddingstat.go:61","content":"(rpc) shedding_stat [1m], cpu: 16, total: 0, pass: 0, drop: 0","level":"stat"}
{"@timestamp":"2025-02-16T07:25:12.230+08:00","caller":"stat/usage.go:61","content":"CPU: 15m, MEMORY: Alloc=10.3Mi, TotalAlloc=1299.1Mi, Sys=30.8Mi, NumGC=219","level":"stat"}
{"@timestamp":"2025-02-16T07:25:12.285+08:00","caller":"load/sheddingstat.go:61","content":"(rpc) shedding_stat [1m], cpu: 15, total: 0, pass: 0, drop: 0","level":"stat"}
{"@timestamp":"2025-02-16T07:26:12.230+08:00","caller":"stat/usage.go:61","content":"CPU: 16m, MEMORY: Alloc=11.3Mi, TotalAlloc=1305.4Mi, Sys=30.8Mi, NumGC=220","level":"stat"}
{"@timestamp":"2025-02-16T07:26:12.285+08:00","caller":"load/sheddingstat.go:61","content":"(rpc) shedding_stat [1m], cpu: 16, total: 0, pass: 0, drop: 0","level":"stat"}
{"@timestamp":"2025-02-16T07:27:12.229+08:00","caller":"stat/usage.go:61","content":"CPU: 16m, MEMORY: Alloc=6.6Mi, TotalAlloc=1311.0Mi, Sys=30.8Mi, NumGC=222","level":"stat"}
{"@timestamp":"2025-02-16T07:27:12.286+08:00","caller":"load/sheddingstat.go:61","content":"(rpc) shedding_stat [1m], cpu: 16, total: 0, pass: 0, drop: 0","level":"stat"}
{"@timestamp":"2025-02-16T07:28:12.230+08:00","caller":"stat/usage.go:61","content":"CPU: 17m, MEMORY: Alloc=6.8Mi, TotalAlloc=1315.7Mi, Sys=30.8Mi, NumGC=223","level":"stat"}
{"@timestamp":"2025-02-16T07:28:12.286+08:00","caller":"load/sheddingstat.go:61","content":"(rpc) shedding_stat [1m], cpu: 17, total: 0, pass: 0, drop: 0","level":"stat"}
{"@timestamp":"2025-02-16T07:29:12.230+08:00","caller":"stat/usage.go:61","content":"CPU: 15m, MEMORY: Alloc=8.8Mi, TotalAlloc=1322.0Mi, Sys=30.8Mi, NumGC=224","level":"stat"}
{"@timestamp":"2025-02-16T07:29:12.286+08:00","caller":"load/sheddingstat.go:61","content":"(rpc) shedding_stat [1m], cpu: 15, total: 0, pass: 0, drop: 0","level":"stat"}
{"@timestamp":"2025-02-16T07:30:12.229+08:00","caller":"stat/usage.go:61","content":"CPU: 15m, MEMORY: Alloc=9.5Mi, TotalAlloc=1328.3Mi, Sys=30.8Mi, NumGC=225","level":"stat"}
{"@timestamp":"2025-02-16T07:30:12.286+08:00","caller":"load/sheddingstat.go:61","content":"(rpc) shedding_stat [1m], cpu: 15, total: 0, pass: 0, drop: 0","level":"stat"}
{"@timestamp":"2025-02-16T07:31:12.230+08:00","caller":"stat/usage.go:61","content":"CPU: 15m, MEMORY: Alloc=10.5Mi, TotalAlloc=1333.8Mi, Sys=30.8Mi, NumGC=226","level":"stat"}
{"@timestamp":"2025-02-16T07:31:12.286+08:00","caller":"load/sheddingstat.go:61","content":"(rpc) shedding_stat [1m], cpu: 15, total: 0, pass: 0, drop: 0","level":"stat"}
{"@timestamp":"2025-02-16T07:32:12.230+08:00","caller":"stat/usage.go:61","content":"CPU: 21m, MEMORY: Alloc=10.1Mi, TotalAlloc=1340.1Mi, Sys=30.8Mi, NumGC=227","level":"stat"}
{"@timestamp":"2025-02-16T07:32:12.285+08:00","caller":"load/sheddingstat.go:61","content":"(rpc) shedding_stat [1m], cpu: 21, total: 0, pass: 0, drop: 0","level":"stat"}
{"@timestamp":"2025-02-16T07:33:12.229+08:00","caller":"stat/usage.go:61","content":"CPU: 16m, MEMORY: Alloc=10.7Mi, TotalAlloc=1345.6Mi, Sys=30.8Mi, NumGC=228","level":"stat"}
{"@timestamp":"2025-02-16T07:33:12.285+08:00","caller":"load/sheddingstat.go:61","content":"(rpc) shedding_stat [1m], cpu: 16, total: 0, pass: 0, drop: 0","level":"stat"}
{"@timestamp":"2025-02-16T07:34:12.230+08:00","caller":"stat/usage.go:61","content":"CPU: 17m, MEMORY: Alloc=10.1Mi, TotalAlloc=1351.1Mi, Sys=30.8Mi, NumGC=229","level":"stat"}
{"@timestamp":"2025-02-16T07:34:12.286+08:00","caller":"load/sheddingstat.go:61","content":"(rpc) shedding_stat [1m], cpu: 17, total: 0, pass: 0, drop: 0","level":"stat"}
{"@timestamp":"2025-02-16T07:35:12.230+08:00","caller":"stat/usage.go:61","content":"CPU: 18m, MEMORY: Alloc=9.6Mi, TotalAlloc=1357.4Mi, Sys=30.8Mi, NumGC=230","level":"stat"}
{"@timestamp":"2025-02-16T07:35:12.285+08:00","caller":"load/sheddingstat.go:61","content":"(rpc) shedding_stat [1m], cpu: 18, total: 0, pass: 0, drop: 0","level":"stat"}
{"@timestamp":"2025-02-16T07:36:12.230+08:00","caller":"stat/usage.go:61","content":"CPU: 18m, MEMORY: Alloc=10.3Mi, TotalAlloc=1363.7Mi, Sys=30.8Mi, NumGC=231","level":"stat"}
{"@timestamp":"2025-02-16T07:36:12.286+08:00","caller":"load/sheddingstat.go:61","content":"(rpc) shedding_stat [1m], cpu: 18, total: 0, pass: 0, drop: 0","level":"stat"}
{"@timestamp":"2025-02-16T07:37:12.230+08:00","caller":"stat/usage.go:61","content":"CPU: 18m, MEMORY: Alloc=10.3Mi, TotalAlloc=1369.3Mi, Sys=30.8Mi, NumGC=232","level":"stat"}
{"@timestamp":"2025-02-16T07:37:12.286+08:00","caller":"load/sheddingstat.go:61","content":"(rpc) shedding_stat [1m], cpu: 18, total: 0, pass: 0, drop: 0","level":"stat"}
{"@timestamp":"2025-02-16T07:38:12.230+08:00","caller":"stat/usage.go:61","content":"CPU: 17m, MEMORY: Alloc=7.4Mi, TotalAlloc=1374.7Mi, Sys=30.8Mi, NumGC=233","level":"stat"}
{"@timestamp":"2025-02-16T07:38:12.286+08:00","caller":"load/sheddingstat.go:61","content":"(rpc) shedding_stat [1m], cpu: 17, total: 0, pass: 0, drop: 0","level":"stat"}
{"@timestamp":"2025-02-16T07:39:12.230+08:00","caller":"stat/usage.go:61","content":"CPU: 18m, MEMORY: Alloc=9.9Mi, TotalAlloc=1381.9Mi, Sys=30.8Mi, NumGC=234","level":"stat"}
{"@timestamp":"2025-02-16T07:39:12.285+08:00","caller":"load/sheddingstat.go:61","content":"(rpc) shedding_stat [1m], cpu: 18, total: 0, pass: 0, drop: 0","level":"stat"}
{"@timestamp":"2025-02-16T07:40:12.230+08:00","caller":"stat/usage.go:61","content":"CPU: 21m, MEMORY: Alloc=9.8Mi, TotalAlloc=1389.0Mi, Sys=30.8Mi, NumGC=235","level":"stat"}
{"@timestamp":"2025-02-16T07:40:12.285+08:00","caller":"load/sheddingstat.go:61","content":"(rpc) shedding_stat [1m], cpu: 21, total: 0, pass: 0, drop: 0","level":"stat"}
{"@timestamp":"2025-02-16T07:41:12.230+08:00","caller":"stat/usage.go:61","content":"CPU: 18m, MEMORY: Alloc=11.1Mi, TotalAlloc=1395.3Mi, Sys=30.8Mi, NumGC=236","level":"stat"}
{"@timestamp":"2025-02-16T07:41:12.285+08:00","caller":"load/sheddingstat.go:61","content":"(rpc) shedding_stat [1m], cpu: 18, total: 0, pass: 0, drop: 0","level":"stat"}
{"@timestamp":"2025-02-16T07:42:12.230+08:00","caller":"stat/usage.go:61","content":"CPU: 17m, MEMORY: Alloc=11.2Mi, TotalAlloc=1402.4Mi, Sys=30.8Mi, NumGC=237","level":"stat"}
{"@timestamp":"2025-02-16T07:42:12.285+08:00","caller":"load/sheddingstat.go:61","content":"(rpc) shedding_stat [1m], cpu: 17, total: 0, pass: 0, drop: 0","level":"stat"}
{"@timestamp":"2025-02-16T07:43:12.229+08:00","caller":"stat/usage.go:61","content":"CPU: 18m, MEMORY: Alloc=12.3Mi, TotalAlloc=1408.7Mi, Sys=30.8Mi, NumGC=238","level":"stat"}
{"@timestamp":"2025-02-16T07:43:12.286+08:00","caller":"load/sheddingstat.go:61","content":"(rpc) shedding_stat [1m], cpu: 18, total: 0, pass: 0, drop: 0","level":"stat"}
{"@timestamp":"2025-02-16T07:44:12.230+08:00","caller":"stat/usage.go:61","content":"CPU: 15m, MEMORY: Alloc=6.4Mi, TotalAlloc=1414.2Mi, Sys=30.8Mi, NumGC=240","level":"stat"}
{"@timestamp":"2025-02-16T07:44:12.285+08:00","caller":"load/sheddingstat.go:61","content":"(rpc) shedding_stat [1m], cpu: 15, total: 0, pass: 0, drop: 0","level":"stat"}
{"@timestamp":"2025-02-16T07:45:12.229+08:00","caller":"stat/usage.go:61","content":"CPU: 21m, MEMORY: Alloc=7.3Mi, TotalAlloc=1418.9Mi, Sys=30.8Mi, NumGC=241","level":"stat"}
{"@timestamp":"2025-02-16T07:45:12.286+08:00","caller":"load/sheddingstat.go:61","content":"(rpc) shedding_stat [1m], cpu: 21, total: 0, pass: 0, drop: 0","level":"stat"}
{"@timestamp":"2025-02-16T07:46:12.230+08:00","caller":"stat/usage.go:61","content":"CPU: 18m, MEMORY: Alloc=9.6Mi, TotalAlloc=1425.3Mi, Sys=30.8Mi, NumGC=242","level":"stat"}
{"@timestamp":"2025-02-16T07:46:12.286+08:00","caller":"load/sheddingstat.go:61","content":"(rpc) shedding_stat [1m], cpu: 18, total: 0, pass: 0, drop: 0","level":"stat"}
{"@timestamp":"2025-02-16T07:47:12.230+08:00","caller":"stat/usage.go:61","content":"CPU: 16m, MEMORY: Alloc=5.1Mi, TotalAlloc=1431.6Mi, Sys=30.8Mi, NumGC=244","level":"stat"}
{"@timestamp":"2025-02-16T07:47:12.286+08:00","caller":"load/sheddingstat.go:61","content":"(rpc) shedding_stat [1m], cpu: 16, total: 0, pass: 0, drop: 0","level":"stat"}
{"@timestamp":"2025-02-16T07:48:12.230+08:00","caller":"stat/usage.go:61","content":"CPU: 16m, MEMORY: Alloc=8.7Mi, TotalAlloc=1437.9Mi, Sys=30.8Mi, NumGC=245","level":"stat"}
{"@timestamp":"2025-02-16T07:48:12.285+08:00","caller":"load/sheddingstat.go:61","content":"(rpc) shedding_stat [1m], cpu: 16, total: 0, pass: 0, drop: 0","level":"stat"}
{"@timestamp":"2025-02-16T07:49:12.230+08:00","caller":"stat/usage.go:61","content":"CPU: 16m, MEMORY: Alloc=8.0Mi, TotalAlloc=1445.8Mi, Sys=30.8Mi, NumGC=247","level":"stat"}
{"@timestamp":"2025-02-16T07:49:12.285+08:00","caller":"load/sheddingstat.go:61","content":"(rpc) shedding_stat [1m], cpu: 16, total: 0, pass: 0, drop: 0","level":"stat"}
{"@timestamp":"2025-02-16T07:50:12.230+08:00","caller":"stat/usage.go:61","content":"CPU: 16m, MEMORY: Alloc=9.2Mi, TotalAlloc=1453.0Mi, Sys=30.8Mi, NumGC=248","level":"stat"}
{"@timestamp":"2025-02-16T07:50:12.285+08:00","caller":"load/sheddingstat.go:61","content":"(rpc) shedding_stat [1m], cpu: 16, total: 0, pass: 0, drop: 0","level":"stat"}
{"@timestamp":"2025-02-16T07:51:12.231+08:00","caller":"stat/usage.go:61","content":"CPU: 16m, MEMORY: Alloc=6.7Mi, TotalAlloc=1457.7Mi, Sys=30.8Mi, NumGC=249","level":"stat"}
{"@timestamp":"2025-02-16T07:51:12.285+08:00","caller":"load/sheddingstat.go:61","content":"(rpc) shedding_stat [1m], cpu: 16, total: 0, pass: 0, drop: 0","level":"stat"}
{"@timestamp":"2025-02-16T07:52:12.230+08:00","caller":"stat/usage.go:61","content":"CPU: 16m, MEMORY: Alloc=10.6Mi, TotalAlloc=1464.8Mi, Sys=30.8Mi, NumGC=250","level":"stat"}
{"@timestamp":"2025-02-16T07:52:12.285+08:00","caller":"load/sheddingstat.go:61","content":"(rpc) shedding_stat [1m], cpu: 16, total: 0, pass: 0, drop: 0","level":"stat"}
{"@timestamp":"2025-02-16T07:53:12.230+08:00","caller":"stat/usage.go:61","content":"CPU: 16m, MEMORY: Alloc=11.5Mi, TotalAlloc=1471.1Mi, Sys=30.8Mi, NumGC=251","level":"stat"}
{"@timestamp":"2025-02-16T07:53:12.286+08:00","caller":"load/sheddingstat.go:61","content":"(rpc) shedding_stat [1m], cpu: 16, total: 0, pass: 0, drop: 0","level":"stat"}
{"@timestamp":"2025-02-16T07:54:12.230+08:00","caller":"stat/usage.go:61","content":"CPU: 17m, MEMORY: Alloc=11.7Mi, TotalAlloc=1476.7Mi, Sys=30.8Mi, NumGC=252","level":"stat"}
{"@timestamp":"2025-02-16T07:54:12.286+08:00","caller":"load/sheddingstat.go:61","content":"(rpc) shedding_stat [1m], cpu: 17, total: 0, pass: 0, drop: 0","level":"stat"}
{"@timestamp":"2025-02-16T07:55:12.229+08:00","caller":"stat/usage.go:61","content":"CPU: 17m, MEMORY: Alloc=11.0Mi, TotalAlloc=1481.5Mi, Sys=30.8Mi, NumGC=253","level":"stat"}
{"@timestamp":"2025-02-16T07:55:12.286+08:00","caller":"load/sheddingstat.go:61","content":"(rpc) shedding_stat [1m], cpu: 17, total: 0, pass: 0, drop: 0","level":"stat"}
{"@timestamp":"2025-02-16T07:56:12.230+08:00","caller":"stat/usage.go:61","content":"CPU: 17m, MEMORY: Alloc=7.2Mi, TotalAlloc=1488.7Mi, Sys=30.8Mi, NumGC=255","level":"stat"}
{"@timestamp":"2025-02-16T07:56:12.285+08:00","caller":"load/sheddingstat.go:61","content":"(rpc) shedding_stat [1m], cpu: 17, total: 0, pass: 0, drop: 0","level":"stat"}
{"@timestamp":"2025-02-16T07:57:12.230+08:00","caller":"stat/usage.go:61","content":"CPU: 15m, MEMORY: Alloc=11.9Mi, TotalAlloc=1493.4Mi, Sys=30.8Mi, NumGC=255","level":"stat"}
{"@timestamp":"2025-02-16T07:57:12.285+08:00","caller":"load/sheddingstat.go:61","content":"(rpc) shedding_stat [1m], cpu: 15, total: 0, pass: 0, drop: 0","level":"stat"}
{"@timestamp":"2025-02-16T07:58:12.230+08:00","caller":"stat/usage.go:61","content":"CPU: 21m, MEMORY: Alloc=11.2Mi, TotalAlloc=1498.8Mi, Sys=30.8Mi, NumGC=256","level":"stat"}
{"@timestamp":"2025-02-16T07:58:12.285+08:00","caller":"load/sheddingstat.go:61","content":"(rpc) shedding_stat [1m], cpu: 21, total: 0, pass: 0, drop: 0","level":"stat"}
{"@timestamp":"2025-02-16T07:59:12.230+08:00","caller":"stat/usage.go:61","content":"CPU: 16m, MEMORY: Alloc=7.2Mi, TotalAlloc=1506.8Mi, Sys=30.8Mi, NumGC=258","level":"stat"}
{"@timestamp":"2025-02-16T07:59:12.285+08:00","caller":"load/sheddingstat.go:61","content":"(rpc) shedding_stat [1m], cpu: 16, total: 0, pass: 0, drop: 0","level":"stat"}
{"@timestamp":"2025-02-16T08:00:12.230+08:00","caller":"stat/usage.go:61","content":"CPU: 16m, MEMORY: Alloc=7.7Mi, TotalAlloc=1513.1Mi, Sys=30.8Mi, NumGC=259","level":"stat"}
{"@timestamp":"2025-02-16T08:00:12.286+08:00","caller":"load/sheddingstat.go:61","content":"(rpc) shedding_stat [1m], cpu: 16, total: 0, pass: 0, drop: 0","level":"stat"}
{"@timestamp":"2025-02-16T08:01:12.230+08:00","caller":"stat/usage.go:61","content":"CPU: 16m, MEMORY: Alloc=8.2Mi, TotalAlloc=1519.4Mi, Sys=30.8Mi, NumGC=260","level":"stat"}
{"@timestamp":"2025-02-16T08:01:12.286+08:00","caller":"load/sheddingstat.go:61","content":"(rpc) shedding_stat [1m], cpu: 16, total: 0, pass: 0, drop: 0","level":"stat"}
{"@timestamp":"2025-02-16T08:02:12.230+08:00","caller":"stat/usage.go:61","content":"CPU: 16m, MEMORY: Alloc=6.9Mi, TotalAlloc=1524.1Mi, Sys=30.8Mi, NumGC=261","level":"stat"}
{"@timestamp":"2025-02-16T08:02:12.286+08:00","caller":"load/sheddingstat.go:61","content":"(rpc) shedding_stat [1m], cpu: 16, total: 0, pass: 0, drop: 0","level":"stat"}
{"@timestamp":"2025-02-16T08:03:12.229+08:00","caller":"stat/usage.go:61","content":"CPU: 16m, MEMORY: Alloc=7.3Mi, TotalAlloc=1530.4Mi, Sys=30.8Mi, NumGC=262","level":"stat"}
{"@timestamp":"2025-02-16T08:03:12.286+08:00","caller":"load/sheddingstat.go:61","content":"(rpc) shedding_stat [1m], cpu: 16, total: 0, pass: 0, drop: 0","level":"stat"}
{"@timestamp":"2025-02-16T08:04:12.230+08:00","caller":"stat/usage.go:61","content":"CPU: 16m, MEMORY: Alloc=11.9Mi, TotalAlloc=1535.1Mi, Sys=30.8Mi, NumGC=262","level":"stat"}
{"@timestamp":"2025-02-16T08:04:12.286+08:00","caller":"load/sheddingstat.go:61","content":"(rpc) shedding_stat [1m], cpu: 16, total: 0, pass: 0, drop: 0","level":"stat"}
{"@timestamp":"2025-02-16T08:05:12.230+08:00","caller":"stat/usage.go:61","content":"CPU: 16m, MEMORY: Alloc=11.4Mi, TotalAlloc=1541.3Mi, Sys=30.8Mi, NumGC=263","level":"stat"}
{"@timestamp":"2025-02-16T08:05:12.286+08:00","caller":"load/sheddingstat.go:61","content":"(rpc) shedding_stat [1m], cpu: 16, total: 0, pass: 0, drop: 0","level":"stat"}
{"@timestamp":"2025-02-16T08:06:12.230+08:00","caller":"stat/usage.go:61","content":"CPU: 17m, MEMORY: Alloc=9.7Mi, TotalAlloc=1546.0Mi, Sys=30.8Mi, NumGC=264","level":"stat"}
{"@timestamp":"2025-02-16T08:06:12.285+08:00","caller":"load/sheddingstat.go:61","content":"(rpc) shedding_stat [1m], cpu: 17, total: 0, pass: 0, drop: 0","level":"stat"}
{"@timestamp":"2025-02-16T08:07:12.230+08:00","caller":"stat/usage.go:61","content":"CPU: 17m, MEMORY: Alloc=9.5Mi, TotalAlloc=1552.3Mi, Sys=30.8Mi, NumGC=265","level":"stat"}
{"@timestamp":"2025-02-16T08:07:12.285+08:00","caller":"load/sheddingstat.go:61","content":"(rpc) shedding_stat [1m], cpu: 17, total: 0, pass: 0, drop: 0","level":"stat"}
{"@timestamp":"2025-02-16T08:08:12.230+08:00","caller":"stat/usage.go:61","content":"CPU: 18m, MEMORY: Alloc=8.0Mi, TotalAlloc=1557.0Mi, Sys=30.8Mi, NumGC=266","level":"stat"}
{"@timestamp":"2025-02-16T08:08:12.285+08:00","caller":"load/sheddingstat.go:61","content":"(rpc) shedding_stat [1m], cpu: 18, total: 0, pass: 0, drop: 0","level":"stat"}
{"@timestamp":"2025-02-16T08:09:12.230+08:00","caller":"stat/usage.go:61","content":"CPU: 16m, MEMORY: Alloc=12.7Mi, TotalAlloc=1561.6Mi, Sys=30.8Mi, NumGC=266","level":"stat"}
{"@timestamp":"2025-02-16T08:09:12.285+08:00","caller":"load/sheddingstat.go:61","content":"(rpc) shedding_stat [1m], cpu: 16, total: 0, pass: 0, drop: 0","level":"stat"}
{"@timestamp":"2025-02-16T08:10:12.230+08:00","caller":"stat/usage.go:61","content":"CPU: 17m, MEMORY: Alloc=10.1Mi, TotalAlloc=1566.4Mi, Sys=30.8Mi, NumGC=267","level":"stat"}
{"@timestamp":"2025-02-16T08:10:12.285+08:00","caller":"load/sheddingstat.go:61","content":"(rpc) shedding_stat [1m], cpu: 17, total: 0, pass: 0, drop: 0","level":"stat"}
{"@timestamp":"2025-02-16T08:11:12.230+08:00","caller":"stat/usage.go:61","content":"CPU: 21m, MEMORY: Alloc=11.5Mi, TotalAlloc=1572.7Mi, Sys=30.8Mi, NumGC=268","level":"stat"}
{"@timestamp":"2025-02-16T08:11:12.286+08:00","caller":"load/sheddingstat.go:61","content":"(rpc) shedding_stat [1m], cpu: 21, total: 0, pass: 0, drop: 0","level":"stat"}
{"@timestamp":"2025-02-16T08:12:12.230+08:00","caller":"stat/usage.go:61","content":"CPU: 17m, MEMORY: Alloc=11.4Mi, TotalAlloc=1578.2Mi, Sys=30.8Mi, NumGC=269","level":"stat"}
{"@timestamp":"2025-02-16T08:12:12.286+08:00","caller":"load/sheddingstat.go:61","content":"(rpc) shedding_stat [1m], cpu: 17, total: 0, pass: 0, drop: 0","level":"stat"}
{"@timestamp":"2025-02-16T08:13:12.230+08:00","caller":"stat/usage.go:61","content":"CPU: 19m, MEMORY: Alloc=11.0Mi, TotalAlloc=1584.5Mi, Sys=30.8Mi, NumGC=270","level":"stat"}
{"@timestamp":"2025-02-16T08:13:12.285+08:00","caller":"load/sheddingstat.go:61","content":"(rpc) shedding_stat [1m], cpu: 19, total: 0, pass: 0, drop: 0","level":"stat"}
{"@timestamp":"2025-02-16T08:14:12.231+08:00","caller":"stat/usage.go:61","content":"CPU: 17m, MEMORY: Alloc=11.8Mi, TotalAlloc=1592.5Mi, Sys=30.8Mi, NumGC=271","level":"stat"}
{"@timestamp":"2025-02-16T08:14:12.286+08:00","caller":"load/sheddingstat.go:61","content":"(rpc) shedding_stat [1m], cpu: 17, total: 0, pass: 0, drop: 0","level":"stat"}
{"@timestamp":"2025-02-16T08:15:12.230+08:00","caller":"stat/usage.go:61","content":"CPU: 18m, MEMORY: Alloc=11.2Mi, TotalAlloc=1599.6Mi, Sys=30.8Mi, NumGC=272","level":"stat"}
{"@timestamp":"2025-02-16T08:15:12.286+08:00","caller":"load/sheddingstat.go:61","content":"(rpc) shedding_stat [1m], cpu: 18, total: 0, pass: 0, drop: 0","level":"stat"}
{"@timestamp":"2025-02-16T08:16:12.230+08:00","caller":"stat/usage.go:61","content":"CPU: 17m, MEMORY: Alloc=11.4Mi, TotalAlloc=1605.1Mi, Sys=30.8Mi, NumGC=273","level":"stat"}
{"@timestamp":"2025-02-16T08:16:12.286+08:00","caller":"load/sheddingstat.go:61","content":"(rpc) shedding_stat [1m], cpu: 17, total: 0, pass: 0, drop: 0","level":"stat"}
{"@timestamp":"2025-02-16T08:17:12.230+08:00","caller":"stat/usage.go:61","content":"CPU: 19m, MEMORY: Alloc=10.9Mi, TotalAlloc=1612.2Mi, Sys=30.8Mi, NumGC=274","level":"stat"}
{"@timestamp":"2025-02-16T08:17:12.286+08:00","caller":"load/sheddingstat.go:61","content":"(rpc) shedding_stat [1m], cpu: 19, total: 0, pass: 0, drop: 0","level":"stat"}
{"@timestamp":"2025-02-16T08:18:12.230+08:00","caller":"stat/usage.go:61","content":"CPU: 19m, MEMORY: Alloc=10.3Mi, TotalAlloc=1617.6Mi, Sys=30.8Mi, NumGC=275","level":"stat"}
{"@timestamp":"2025-02-16T08:18:12.286+08:00","caller":"load/sheddingstat.go:61","content":"(rpc) shedding_stat [1m], cpu: 19, total: 0, pass: 0, drop: 0","level":"stat"}
{"@timestamp":"2025-02-16T08:19:12.230+08:00","caller":"stat/usage.go:61","content":"CPU: 17m, MEMORY: Alloc=9.0Mi, TotalAlloc=1623.1Mi, Sys=30.8Mi, NumGC=276","level":"stat"}
{"@timestamp":"2025-02-16T08:19:12.286+08:00","caller":"load/sheddingstat.go:61","content":"(rpc) shedding_stat [1m], cpu: 17, total: 0, pass: 0, drop: 0","level":"stat"}
{"@timestamp":"2025-02-16T08:20:12.230+08:00","caller":"stat/usage.go:61","content":"CPU: 16m, MEMORY: Alloc=11.7Mi, TotalAlloc=1630.3Mi, Sys=30.8Mi, NumGC=277","level":"stat"}
{"@timestamp":"2025-02-16T08:20:12.285+08:00","caller":"load/sheddingstat.go:61","content":"(rpc) shedding_stat [1m], cpu: 16, total: 0, pass: 0, drop: 0","level":"stat"}
{"@timestamp":"2025-02-16T08:21:12.230+08:00","caller":"stat/usage.go:61","content":"CPU: 16m, MEMORY: Alloc=12.0Mi, TotalAlloc=1636.6Mi, Sys=30.8Mi, NumGC=278","level":"stat"}
{"@timestamp":"2025-02-16T08:21:12.286+08:00","caller":"load/sheddingstat.go:61","content":"(rpc) shedding_stat [1m], cpu: 16, total: 0, pass: 0, drop: 0","level":"stat"}
{"@timestamp":"2025-02-16T08:22:12.230+08:00","caller":"stat/usage.go:61","content":"CPU: 17m, MEMORY: Alloc=10.4Mi, TotalAlloc=1642.0Mi, Sys=30.8Mi, NumGC=279","level":"stat"}
{"@timestamp":"2025-02-16T08:22:12.286+08:00","caller":"load/sheddingstat.go:61","content":"(rpc) shedding_stat [1m], cpu: 17, total: 0, pass: 0, drop: 0","level":"stat"}
{"@timestamp":"2025-02-16T08:23:12.229+08:00","caller":"stat/usage.go:61","content":"CPU: 15m, MEMORY: Alloc=10.7Mi, TotalAlloc=1648.3Mi, Sys=30.8Mi, NumGC=280","level":"stat"}
{"@timestamp":"2025-02-16T08:23:12.286+08:00","caller":"load/sheddingstat.go:61","content":"(rpc) shedding_stat [1m], cpu: 15, total: 0, pass: 0, drop: 0","level":"stat"}
{"@timestamp":"2025-02-16T08:24:12.230+08:00","caller":"stat/usage.go:61","content":"CPU: 17m, MEMORY: Alloc=7.4Mi, TotalAlloc=1655.4Mi, Sys=30.8Mi, NumGC=282","level":"stat"}
{"@timestamp":"2025-02-16T08:24:12.286+08:00","caller":"load/sheddingstat.go:61","content":"(rpc) shedding_stat [1m], cpu: 17, total: 0, pass: 0, drop: 0","level":"stat"}
{"@timestamp":"2025-02-16T08:25:12.231+08:00","caller":"stat/usage.go:61","content":"CPU: 17m, MEMORY: Alloc=7.6Mi, TotalAlloc=1661.7Mi, Sys=30.8Mi, NumGC=283","level":"stat"}
{"@timestamp":"2025-02-16T08:25:12.285+08:00","caller":"load/sheddingstat.go:61","content":"(rpc) shedding_stat [1m], cpu: 17, total: 0, pass: 0, drop: 0","level":"stat"}
{"@timestamp":"2025-02-16T08:26:12.230+08:00","caller":"stat/usage.go:61","content":"CPU: 21m, MEMORY: Alloc=7.9Mi, TotalAlloc=1668.1Mi, Sys=30.8Mi, NumGC=284","level":"stat"}
{"@timestamp":"2025-02-16T08:26:12.286+08:00","caller":"load/sheddingstat.go:61","content":"(rpc) shedding_stat [1m], cpu: 21, total: 0, pass: 0, drop: 0","level":"stat"}
{"@timestamp":"2025-02-16T08:27:12.230+08:00","caller":"stat/usage.go:61","content":"CPU: 17m, MEMORY: Alloc=12.6Mi, TotalAlloc=1672.7Mi, Sys=30.8Mi, NumGC=284","level":"stat"}
{"@timestamp":"2025-02-16T08:27:12.286+08:00","caller":"load/sheddingstat.go:61","content":"(rpc) shedding_stat [1m], cpu: 17, total: 0, pass: 0, drop: 0","level":"stat"}
{"@timestamp":"2025-02-16T08:28:12.229+08:00","caller":"stat/usage.go:61","content":"CPU: 17m, MEMORY: Alloc=6.8Mi, TotalAlloc=1679.0Mi, Sys=30.8Mi, NumGC=286","level":"stat"}
{"@timestamp":"2025-02-16T08:28:12.286+08:00","caller":"load/sheddingstat.go:61","content":"(rpc) shedding_stat [1m], cpu: 17, total: 0, pass: 0, drop: 0","level":"stat"}
{"@timestamp":"2025-02-16T08:29:12.230+08:00","caller":"stat/usage.go:61","content":"CPU: 15m, MEMORY: Alloc=7.2Mi, TotalAlloc=1685.4Mi, Sys=30.8Mi, NumGC=287","level":"stat"}
{"@timestamp":"2025-02-16T08:29:12.285+08:00","caller":"load/sheddingstat.go:61","content":"(rpc) shedding_stat [1m], cpu: 15, total: 0, pass: 0, drop: 0","level":"stat"}
{"@timestamp":"2025-02-16T08:30:12.229+08:00","caller":"stat/usage.go:61","content":"CPU: 15m, MEMORY: Alloc=12.7Mi, TotalAlloc=1690.8Mi, Sys=30.8Mi, NumGC=287","level":"stat"}
{"@timestamp":"2025-02-16T08:30:12.285+08:00","caller":"load/sheddingstat.go:61","content":"(rpc) shedding_stat [1m], cpu: 15, total: 0, pass: 0, drop: 0","level":"stat"}
{"@timestamp":"2025-02-16T08:31:12.230+08:00","caller":"stat/usage.go:61","content":"CPU: 16m, MEMORY: Alloc=10.9Mi, TotalAlloc=1696.4Mi, Sys=30.8Mi, NumGC=288","level":"stat"}
{"@timestamp":"2025-02-16T08:31:12.285+08:00","caller":"load/sheddingstat.go:61","content":"(rpc) shedding_stat [1m], cpu: 16, total: 0, pass: 0, drop: 0","level":"stat"}
{"@timestamp":"2025-02-16T08:32:12.229+08:00","caller":"stat/usage.go:61","content":"CPU: 16m, MEMORY: Alloc=12.3Mi, TotalAlloc=1703.4Mi, Sys=30.8Mi, NumGC=289","level":"stat"}
{"@timestamp":"2025-02-16T08:32:12.285+08:00","caller":"load/sheddingstat.go:61","content":"(rpc) shedding_stat [1m], cpu: 16, total: 0, pass: 0, drop: 0","level":"stat"}
{"@timestamp":"2025-02-16T08:33:12.230+08:00","caller":"stat/usage.go:61","content":"CPU: 15m, MEMORY: Alloc=10.6Mi, TotalAlloc=1708.1Mi, Sys=30.8Mi, NumGC=290","level":"stat"}
{"@timestamp":"2025-02-16T08:33:12.286+08:00","caller":"load/sheddingstat.go:61","content":"(rpc) shedding_stat [1m], cpu: 15, total: 0, pass: 0, drop: 0","level":"stat"}
{"@timestamp":"2025-02-16T08:34:12.229+08:00","caller":"stat/usage.go:61","content":"CPU: 17m, MEMORY: Alloc=8.3Mi, TotalAlloc=1712.8Mi, Sys=30.8Mi, NumGC=291","level":"stat"}
{"@timestamp":"2025-02-16T08:34:12.286+08:00","caller":"load/sheddingstat.go:61","content":"(rpc) shedding_stat [1m], cpu: 17, total: 0, pass: 0, drop: 0","level":"stat"}
{"@timestamp":"2025-02-16T08:35:12.230+08:00","caller":"stat/usage.go:61","content":"CPU: 17m, MEMORY: Alloc=11.2Mi, TotalAlloc=1720.7Mi, Sys=30.8Mi, NumGC=292","level":"stat"}
{"@timestamp":"2025-02-16T08:35:12.285+08:00","caller":"load/sheddingstat.go:61","content":"(rpc) shedding_stat [1m], cpu: 17, total: 0, pass: 0, drop: 0","level":"stat"}
{"@timestamp":"2025-02-16T08:36:12.230+08:00","caller":"stat/usage.go:61","content":"CPU: 16m, MEMORY: Alloc=12.5Mi, TotalAlloc=1727.0Mi, Sys=30.8Mi, NumGC=293","level":"stat"}
{"@timestamp":"2025-02-16T08:36:12.285+08:00","caller":"load/sheddingstat.go:61","content":"(rpc) shedding_stat [1m], cpu: 16, total: 0, pass: 0, drop: 0","level":"stat"}
{"@timestamp":"2025-02-16T08:37:12.231+08:00","caller":"stat/usage.go:61","content":"CPU: 18m, MEMORY: Alloc=7.4Mi, TotalAlloc=1734.2Mi, Sys=30.8Mi, NumGC=295","level":"stat"}
{"@timestamp":"2025-02-16T08:37:12.286+08:00","caller":"load/sheddingstat.go:61","content":"(rpc) shedding_stat [1m], cpu: 18, total: 0, pass: 0, drop: 0","level":"stat"}
{"@timestamp":"2025-02-16T08:38:12.229+08:00","caller":"stat/usage.go:61","content":"CPU: 16m, MEMORY: Alloc=7.0Mi, TotalAlloc=1739.7Mi, Sys=30.8Mi, NumGC=296","level":"stat"}
{"@timestamp":"2025-02-16T08:38:12.286+08:00","caller":"load/sheddingstat.go:61","content":"(rpc) shedding_stat [1m], cpu: 16, total: 0, pass: 0, drop: 0","level":"stat"}
{"@timestamp":"2025-02-16T08:39:12.230+08:00","caller":"stat/usage.go:61","content":"CPU: 20m, MEMORY: Alloc=11.7Mi, TotalAlloc=1744.3Mi, Sys=30.8Mi, NumGC=296","level":"stat"}
{"@timestamp":"2025-02-16T08:39:12.285+08:00","caller":"load/sheddingstat.go:61","content":"(rpc) shedding_stat [1m], cpu: 20, total: 0, pass: 0, drop: 0","level":"stat"}
{"@timestamp":"2025-02-16T08:40:12.230+08:00","caller":"stat/usage.go:61","content":"CPU: 17m, MEMORY: Alloc=7.1Mi, TotalAlloc=1751.4Mi, Sys=30.8Mi, NumGC=298","level":"stat"}
{"@timestamp":"2025-02-16T08:40:12.286+08:00","caller":"load/sheddingstat.go:61","content":"(rpc) shedding_stat [1m], cpu: 17, total: 0, pass: 0, drop: 0","level":"stat"}
{"@timestamp":"2025-02-16T08:41:12.229+08:00","caller":"stat/usage.go:61","content":"CPU: 17m, MEMORY: Alloc=12.6Mi, TotalAlloc=1756.9Mi, Sys=30.8Mi, NumGC=298","level":"stat"}
{"@timestamp":"2025-02-16T08:41:12.286+08:00","caller":"load/sheddingstat.go:61","content":"(rpc) shedding_stat [1m], cpu: 17, total: 0, pass: 0, drop: 0","level":"stat"}
{"@timestamp":"2025-02-16T08:42:12.230+08:00","caller":"stat/usage.go:61","content":"CPU: 17m, MEMORY: Alloc=12.4Mi, TotalAlloc=1763.2Mi, Sys=30.8Mi, NumGC=299","level":"stat"}
{"@timestamp":"2025-02-16T08:42:12.286+08:00","caller":"load/sheddingstat.go:61","content":"(rpc) shedding_stat [1m], cpu: 17, total: 0, pass: 0, drop: 0","level":"stat"}
{"@timestamp":"2025-02-16T08:43:12.230+08:00","caller":"stat/usage.go:61","content":"CPU: 16m, MEMORY: Alloc=11.4Mi, TotalAlloc=1769.5Mi, Sys=30.8Mi, NumGC=300","level":"stat"}
{"@timestamp":"2025-02-16T08:43:12.286+08:00","caller":"load/sheddingstat.go:61","content":"(rpc) shedding_stat [1m], cpu: 16, total: 0, pass: 0, drop: 0","level":"stat"}
{"@timestamp":"2025-02-16T08:44:12.230+08:00","caller":"stat/usage.go:61","content":"CPU: 17m, MEMORY: Alloc=13.1Mi, TotalAlloc=1776.6Mi, Sys=30.8Mi, NumGC=301","level":"stat"}
{"@timestamp":"2025-02-16T08:44:12.285+08:00","caller":"load/sheddingstat.go:61","content":"(rpc) shedding_stat [1m], cpu: 17, total: 0, pass: 0, drop: 0","level":"stat"}
{"@timestamp":"2025-02-16T08:45:12.230+08:00","caller":"stat/usage.go:61","content":"CPU: 17m, MEMORY: Alloc=12.2Mi, TotalAlloc=1782.1Mi, Sys=30.8Mi, NumGC=302","level":"stat"}
{"@timestamp":"2025-02-16T08:45:12.286+08:00","caller":"load/sheddingstat.go:61","content":"(rpc) shedding_stat [1m], cpu: 17, total: 0, pass: 0, drop: 0","level":"stat"}
{"@timestamp":"2025-02-16T08:46:12.229+08:00","caller":"stat/usage.go:61","content":"CPU: 17m, MEMORY: Alloc=7.4Mi, TotalAlloc=1786.7Mi, Sys=30.8Mi, NumGC=303","level":"stat"}
{"@timestamp":"2025-02-16T08:46:12.286+08:00","caller":"load/sheddingstat.go:61","content":"(rpc) shedding_stat [1m], cpu: 17, total: 0, pass: 0, drop: 0","level":"stat"}
{"@timestamp":"2025-02-16T08:47:12.230+08:00","caller":"stat/usage.go:61","content":"CPU: 17m, MEMORY: Alloc=8.7Mi, TotalAlloc=1793.1Mi, Sys=30.8Mi, NumGC=304","level":"stat"}
{"@timestamp":"2025-02-16T08:47:12.286+08:00","caller":"load/sheddingstat.go:61","content":"(rpc) shedding_stat [1m], cpu: 17, total: 0, pass: 0, drop: 0","level":"stat"}
{"@timestamp":"2025-02-16T08:48:12.230+08:00","caller":"stat/usage.go:61","content":"CPU: 17m, MEMORY: Alloc=13.3Mi, TotalAlloc=1797.7Mi, Sys=30.8Mi, NumGC=304","level":"stat"}
{"@timestamp":"2025-02-16T08:48:12.286+08:00","caller":"load/sheddingstat.go:61","content":"(rpc) shedding_stat [1m], cpu: 17, total: 0, pass: 0, drop: 0","level":"stat"}
{"@timestamp":"2025-02-16T08:49:12.230+08:00","caller":"stat/usage.go:61","content":"CPU: 18m, MEMORY: Alloc=11.5Mi, TotalAlloc=1803.2Mi, Sys=30.8Mi, NumGC=305","level":"stat"}
{"@timestamp":"2025-02-16T08:49:12.286+08:00","caller":"load/sheddingstat.go:61","content":"(rpc) shedding_stat [1m], cpu: 18, total: 0, pass: 0, drop: 0","level":"stat"}
{"@timestamp":"2025-02-16T08:50:12.230+08:00","caller":"stat/usage.go:61","content":"CPU: 19m, MEMORY: Alloc=10.1Mi, TotalAlloc=1808.7Mi, Sys=30.8Mi, NumGC=306","level":"stat"}
{"@timestamp":"2025-02-16T08:50:12.286+08:00","caller":"load/sheddingstat.go:61","content":"(rpc) shedding_stat [1m], cpu: 19, total: 0, pass: 0, drop: 0","level":"stat"}
{"@timestamp":"2025-02-16T08:51:12.231+08:00","caller":"stat/usage.go:61","content":"CPU: 18m, MEMORY: Alloc=7.9Mi, TotalAlloc=1813.3Mi, Sys=30.8Mi, NumGC=307","level":"stat"}
{"@timestamp":"2025-02-16T08:51:12.285+08:00","caller":"load/sheddingstat.go:61","content":"(rpc) shedding_stat [1m], cpu: 18, total: 0, pass: 0, drop: 0","level":"stat"}
{"@timestamp":"2025-02-16T08:52:12.230+08:00","caller":"stat/usage.go:61","content":"CPU: 22m, MEMORY: Alloc=12.6Mi, TotalAlloc=1818.0Mi, Sys=30.8Mi, NumGC=307","level":"stat"}
{"@timestamp":"2025-02-16T08:52:12.286+08:00","caller":"load/sheddingstat.go:61","content":"(rpc) shedding_stat [1m], cpu: 22, total: 0, pass: 0, drop: 0","level":"stat"}
{"@timestamp":"2025-02-16T08:53:12.230+08:00","caller":"stat/usage.go:61","content":"CPU: 18m, MEMORY: Alloc=10.4Mi, TotalAlloc=1822.7Mi, Sys=30.8Mi, NumGC=308","level":"stat"}
{"@timestamp":"2025-02-16T08:53:12.286+08:00","caller":"load/sheddingstat.go:61","content":"(rpc) shedding_stat [1m], cpu: 18, total: 0, pass: 0, drop: 0","level":"stat"}
{"@timestamp":"2025-02-16T08:54:12.229+08:00","caller":"stat/usage.go:61","content":"CPU: 20m, MEMORY: Alloc=8.2Mi, TotalAlloc=1827.4Mi, Sys=30.8Mi, NumGC=309","level":"stat"}
{"@timestamp":"2025-02-16T08:54:12.286+08:00","caller":"load/sheddingstat.go:61","content":"(rpc) shedding_stat [1m], cpu: 20, total: 0, pass: 0, drop: 0","level":"stat"}
{"@timestamp":"2025-02-16T08:55:12.230+08:00","caller":"stat/usage.go:61","content":"CPU: 16m, MEMORY: Alloc=13.7Mi, TotalAlloc=1832.9Mi, Sys=30.8Mi, NumGC=309","level":"stat"}
{"@timestamp":"2025-02-16T08:55:12.286+08:00","caller":"load/sheddingstat.go:61","content":"(rpc) shedding_stat [1m], cpu: 16, total: 0, pass: 0, drop: 0","level":"stat"}
{"@timestamp":"2025-02-16T08:56:12.230+08:00","caller":"stat/usage.go:61","content":"CPU: 17m, MEMORY: Alloc=10.1Mi, TotalAlloc=1837.6Mi, Sys=30.8Mi, NumGC=310","level":"stat"}
{"@timestamp":"2025-02-16T08:56:12.286+08:00","caller":"load/sheddingstat.go:61","content":"(rpc) shedding_stat [1m], cpu: 17, total: 0, pass: 0, drop: 0","level":"stat"}
{"@timestamp":"2025-02-16T08:57:12.229+08:00","caller":"stat/usage.go:61","content":"CPU: 16m, MEMORY: Alloc=8.8Mi, TotalAlloc=1842.3Mi, Sys=30.8Mi, NumGC=311","level":"stat"}
{"@timestamp":"2025-02-16T08:57:12.286+08:00","caller":"load/sheddingstat.go:61","content":"(rpc) shedding_stat [1m], cpu: 16, total: 0, pass: 0, drop: 0","level":"stat"}
{"@timestamp":"2025-02-16T08:58:12.229+08:00","caller":"stat/usage.go:61","content":"CPU: 18m, MEMORY: Alloc=6.5Mi, TotalAlloc=1847.7Mi, Sys=30.8Mi, NumGC=312","level":"stat"}
{"@timestamp":"2025-02-16T08:58:12.286+08:00","caller":"load/sheddingstat.go:61","content":"(rpc) shedding_stat [1m], cpu: 18, total: 0, pass: 0, drop: 0","level":"stat"}
{"@timestamp":"2025-02-16T08:59:12.229+08:00","caller":"stat/usage.go:61","content":"CPU: 16m, MEMORY: Alloc=9.8Mi, TotalAlloc=1854.9Mi, Sys=30.8Mi, NumGC=313","level":"stat"}
{"@timestamp":"2025-02-16T08:59:12.286+08:00","caller":"load/sheddingstat.go:61","content":"(rpc) shedding_stat [1m], cpu: 16, total: 0, pass: 0, drop: 0","level":"stat"}
{"@timestamp":"2025-02-16T09:00:12.230+08:00","caller":"stat/usage.go:61","content":"CPU: 16m, MEMORY: Alloc=10.8Mi, TotalAlloc=1861.2Mi, Sys=30.8Mi, NumGC=314","level":"stat"}
{"@timestamp":"2025-02-16T09:00:12.286+08:00","caller":"load/sheddingstat.go:61","content":"(rpc) shedding_stat [1m], cpu: 16, total: 0, pass: 0, drop: 0","level":"stat"}
{"@timestamp":"2025-02-16T09:01:12.231+08:00","caller":"stat/usage.go:61","content":"CPU: 15m, MEMORY: Alloc=10.9Mi, TotalAlloc=1866.7Mi, Sys=30.8Mi, NumGC=315","level":"stat"}
{"@timestamp":"2025-02-16T09:01:12.285+08:00","caller":"load/sheddingstat.go:61","content":"(rpc) shedding_stat [1m], cpu: 15, total: 0, pass: 0, drop: 0","level":"stat"}
{"@timestamp":"2025-02-16T09:02:12.230+08:00","caller":"stat/usage.go:61","content":"CPU: 16m, MEMORY: Alloc=8.0Mi, TotalAlloc=1873.9Mi, Sys=30.8Mi, NumGC=317","level":"stat"}
{"@timestamp":"2025-02-16T09:02:12.286+08:00","caller":"load/sheddingstat.go:61","content":"(rpc) shedding_stat [1m], cpu: 16, total: 0, pass: 0, drop: 0","level":"stat"}
{"@timestamp":"2025-02-16T09:03:12.229+08:00","caller":"stat/usage.go:61","content":"CPU: 17m, MEMORY: Alloc=7.0Mi, TotalAlloc=1880.1Mi, Sys=30.8Mi, NumGC=318","level":"stat"}
{"@timestamp":"2025-02-16T09:03:12.285+08:00","caller":"load/sheddingstat.go:61","content":"(rpc) shedding_stat [1m], cpu: 17, total: 0, pass: 0, drop: 0","level":"stat"}
{"@timestamp":"2025-02-16T09:04:12.230+08:00","caller":"stat/usage.go:61","content":"CPU: 17m, MEMORY: Alloc=6.7Mi, TotalAlloc=1886.4Mi, Sys=30.8Mi, NumGC=319","level":"stat"}
{"@timestamp":"2025-02-16T09:04:12.286+08:00","caller":"load/sheddingstat.go:61","content":"(rpc) shedding_stat [1m], cpu: 17, total: 0, pass: 0, drop: 0","level":"stat"}
{"@timestamp":"2025-02-16T09:05:12.230+08:00","caller":"stat/usage.go:61","content":"CPU: 20m, MEMORY: Alloc=7.0Mi, TotalAlloc=1891.9Mi, Sys=30.8Mi, NumGC=320","level":"stat"}
{"@timestamp":"2025-02-16T09:05:12.285+08:00","caller":"load/sheddingstat.go:61","content":"(rpc) shedding_stat [1m], cpu: 20, total: 0, pass: 0, drop: 0","level":"stat"}
{"@timestamp":"2025-02-16T09:06:12.230+08:00","caller":"stat/usage.go:61","content":"CPU: 17m, MEMORY: Alloc=6.5Mi, TotalAlloc=1897.4Mi, Sys=30.8Mi, NumGC=321","level":"stat"}
{"@timestamp":"2025-02-16T09:06:12.285+08:00","caller":"load/sheddingstat.go:61","content":"(rpc) shedding_stat [1m], cpu: 17, total: 0, pass: 0, drop: 0","level":"stat"}
{"@timestamp":"2025-02-16T09:07:12.229+08:00","caller":"stat/usage.go:61","content":"CPU: 16m, MEMORY: Alloc=11.2Mi, TotalAlloc=1905.4Mi, Sys=30.8Mi, NumGC=322","level":"stat"}
{"@timestamp":"2025-02-16T09:07:12.286+08:00","caller":"load/sheddingstat.go:61","content":"(rpc) shedding_stat [1m], cpu: 16, total: 0, pass: 0, drop: 0","level":"stat"}
{"@timestamp":"2025-02-16T09:08:12.230+08:00","caller":"stat/usage.go:61","content":"CPU: 17m, MEMORY: Alloc=9.8Mi, TotalAlloc=1910.2Mi, Sys=30.8Mi, NumGC=323","level":"stat"}
{"@timestamp":"2025-02-16T09:08:12.285+08:00","caller":"load/sheddingstat.go:61","content":"(rpc) shedding_stat [1m], cpu: 17, total: 0, pass: 0, drop: 0","level":"stat"}
{"@timestamp":"2025-02-16T09:09:12.231+08:00","caller":"stat/usage.go:61","content":"CPU: 16m, MEMORY: Alloc=8.3Mi, TotalAlloc=1915.7Mi, Sys=30.8Mi, NumGC=324","level":"stat"}
{"@timestamp":"2025-02-16T09:09:12.286+08:00","caller":"load/sheddingstat.go:61","content":"(rpc) shedding_stat [1m], cpu: 16, total: 0, pass: 0, drop: 0","level":"stat"}
{"@timestamp":"2025-02-16T09:10:12.230+08:00","caller":"stat/usage.go:61","content":"CPU: 17m, MEMORY: Alloc=9.6Mi, TotalAlloc=1922.0Mi, Sys=30.8Mi, NumGC=325","level":"stat"}
{"@timestamp":"2025-02-16T09:10:12.286+08:00","caller":"load/sheddingstat.go:61","content":"(rpc) shedding_stat [1m], cpu: 17, total: 0, pass: 0, drop: 0","level":"stat"}
{"@timestamp":"2025-02-16T09:11:12.230+08:00","caller":"stat/usage.go:61","content":"CPU: 17m, MEMORY: Alloc=10.5Mi, TotalAlloc=1928.3Mi, Sys=30.8Mi, NumGC=326","level":"stat"}
{"@timestamp":"2025-02-16T09:11:12.286+08:00","caller":"load/sheddingstat.go:61","content":"(rpc) shedding_stat [1m], cpu: 17, total: 0, pass: 0, drop: 0","level":"stat"}
{"@timestamp":"2025-02-16T09:12:12.230+08:00","caller":"stat/usage.go:61","content":"CPU: 16m, MEMORY: Alloc=10.8Mi, TotalAlloc=1933.8Mi, Sys=30.8Mi, NumGC=327","level":"stat"}
{"@timestamp":"2025-02-16T09:12:12.285+08:00","caller":"load/sheddingstat.go:61","content":"(rpc) shedding_stat [1m], cpu: 16, total: 0, pass: 0, drop: 0","level":"stat"}
{"@timestamp":"2025-02-16T09:13:12.230+08:00","caller":"stat/usage.go:61","content":"CPU: 16m, MEMORY: Alloc=7.7Mi, TotalAlloc=1941.0Mi, Sys=30.8Mi, NumGC=329","level":"stat"}
{"@timestamp":"2025-02-16T09:13:12.285+08:00","caller":"load/sheddingstat.go:61","content":"(rpc) shedding_stat [1m], cpu: 16, total: 0, pass: 0, drop: 0","level":"stat"}
{"@timestamp":"2025-02-16T09:14:12.231+08:00","caller":"stat/usage.go:61","content":"CPU: 16m, MEMORY: Alloc=9.4Mi, TotalAlloc=1948.1Mi, Sys=30.8Mi, NumGC=330","level":"stat"}
{"@timestamp":"2025-02-16T09:14:12.286+08:00","caller":"load/sheddingstat.go:61","content":"(rpc) shedding_stat [1m], cpu: 16, total: 0, pass: 0, drop: 0","level":"stat"}
{"@timestamp":"2025-02-16T09:15:12.231+08:00","caller":"stat/usage.go:61","content":"CPU: 17m, MEMORY: Alloc=8.5Mi, TotalAlloc=1956.0Mi, Sys=30.8Mi, NumGC=332","level":"stat"}
{"@timestamp":"2025-02-16T09:15:12.285+08:00","caller":"load/sheddingstat.go:61","content":"(rpc) shedding_stat [1m], cpu: 17, total: 0, pass: 0, drop: 0","level":"stat"}
{"@timestamp":"2025-02-16T09:16:12.230+08:00","caller":"stat/usage.go:61","content":"CPU: 16m, MEMORY: Alloc=6.3Mi, TotalAlloc=1963.1Mi, Sys=30.8Mi, NumGC=334","level":"stat"}
{"@timestamp":"2025-02-16T09:16:12.286+08:00","caller":"load/sheddingstat.go:61","content":"(rpc) shedding_stat [1m], cpu: 16, total: 0, pass: 0, drop: 0","level":"stat"}
{"@timestamp":"2025-02-16T09:17:12.230+08:00","caller":"stat/usage.go:61","content":"CPU: 16m, MEMORY: Alloc=8.2Mi, TotalAlloc=1969.5Mi, Sys=30.8Mi, NumGC=335","level":"stat"}
{"@timestamp":"2025-02-16T09:17:12.286+08:00","caller":"load/sheddingstat.go:61","content":"(rpc) shedding_stat [1m], cpu: 16, total: 0, pass: 0, drop: 0","level":"stat"}
{"@timestamp":"2025-02-16T09:18:12.229+08:00","caller":"stat/usage.go:61","content":"CPU: 21m, MEMORY: Alloc=8.2Mi, TotalAlloc=1975.0Mi, Sys=30.8Mi, NumGC=336","level":"stat"}
{"@timestamp":"2025-02-16T09:18:12.285+08:00","caller":"load/sheddingstat.go:61","content":"(rpc) shedding_stat [1m], cpu: 21, total: 0, pass: 0, drop: 0","level":"stat"}
{"@timestamp":"2025-02-16T09:19:12.231+08:00","caller":"stat/usage.go:61","content":"CPU: 17m, MEMORY: Alloc=6.2Mi, TotalAlloc=1981.3Mi, Sys=30.8Mi, NumGC=338","level":"stat"}
{"@timestamp":"2025-02-16T09:19:12.286+08:00","caller":"load/sheddingstat.go:61","content":"(rpc) shedding_stat [1m], cpu: 17, total: 0, pass: 0, drop: 0","level":"stat"}
{"@timestamp":"2025-02-16T09:20:12.230+08:00","caller":"stat/usage.go:61","content":"CPU: 17m, MEMORY: Alloc=8.4Mi, TotalAlloc=1988.4Mi, Sys=30.8Mi, NumGC=339","level":"stat"}
{"@timestamp":"2025-02-16T09:20:12.286+08:00","caller":"load/sheddingstat.go:61","content":"(rpc) shedding_stat [1m], cpu: 17, total: 0, pass: 0, drop: 0","level":"stat"}
{"@timestamp":"2025-02-16T09:21:12.230+08:00","caller":"stat/usage.go:61","content":"CPU: 17m, MEMORY: Alloc=10.0Mi, TotalAlloc=1995.5Mi, Sys=30.8Mi, NumGC=340","level":"stat"}
{"@timestamp":"2025-02-16T09:21:12.285+08:00","caller":"load/sheddingstat.go:61","content":"(rpc) shedding_stat [1m], cpu: 17, total: 0, pass: 0, drop: 0","level":"stat"}
{"@timestamp":"2025-02-16T09:22:12.230+08:00","caller":"stat/usage.go:61","content":"CPU: 16m, MEMORY: Alloc=9.2Mi, TotalAlloc=2001.9Mi, Sys=30.8Mi, NumGC=341","level":"stat"}
{"@timestamp":"2025-02-16T09:22:12.285+08:00","caller":"load/sheddingstat.go:61","content":"(rpc) shedding_stat [1m], cpu: 16, total: 0, pass: 0, drop: 0","level":"stat"}
{"@timestamp":"2025-02-16T09:23:12.229+08:00","caller":"stat/usage.go:61","content":"CPU: 16m, MEMORY: Alloc=8.2Mi, TotalAlloc=2008.2Mi, Sys=30.8Mi, NumGC=342","level":"stat"}
{"@timestamp":"2025-02-16T09:23:12.285+08:00","caller":"load/sheddingstat.go:61","content":"(rpc) shedding_stat [1m], cpu: 16, total: 0, pass: 0, drop: 0","level":"stat"}
{"@timestamp":"2025-02-16T09:24:12.229+08:00","caller":"stat/usage.go:61","content":"CPU: 17m, MEMORY: Alloc=6.8Mi, TotalAlloc=2012.8Mi, Sys=30.8Mi, NumGC=343","level":"stat"}
{"@timestamp":"2025-02-16T09:24:12.286+08:00","caller":"load/sheddingstat.go:61","content":"(rpc) shedding_stat [1m], cpu: 17, total: 0, pass: 0, drop: 0","level":"stat"}
{"@timestamp":"2025-02-16T09:25:12.230+08:00","caller":"stat/usage.go:61","content":"CPU: 16m, MEMORY: Alloc=8.0Mi, TotalAlloc=2020.0Mi, Sys=30.8Mi, NumGC=344","level":"stat"}
{"@timestamp":"2025-02-16T09:25:12.285+08:00","caller":"load/sheddingstat.go:61","content":"(rpc) shedding_stat [1m], cpu: 16, total: 0, pass: 0, drop: 0","level":"stat"}
{"@timestamp":"2025-02-16T09:26:12.230+08:00","caller":"stat/usage.go:61","content":"CPU: 16m, MEMORY: Alloc=8.3Mi, TotalAlloc=2026.3Mi, Sys=30.8Mi, NumGC=345","level":"stat"}
{"@timestamp":"2025-02-16T09:26:12.285+08:00","caller":"load/sheddingstat.go:61","content":"(rpc) shedding_stat [1m], cpu: 16, total: 0, pass: 0, drop: 0","level":"stat"}
{"@timestamp":"2025-02-16T09:27:12.231+08:00","caller":"stat/usage.go:61","content":"CPU: 16m, MEMORY: Alloc=9.4Mi, TotalAlloc=2033.4Mi, Sys=30.8Mi, NumGC=346","level":"stat"}
{"@timestamp":"2025-02-16T09:27:12.286+08:00","caller":"load/sheddingstat.go:61","content":"(rpc) shedding_stat [1m], cpu: 16, total: 0, pass: 0, drop: 0","level":"stat"}
{"@timestamp":"2025-02-16T09:28:12.230+08:00","caller":"stat/usage.go:61","content":"CPU: 18m, MEMORY: Alloc=9.4Mi, TotalAlloc=2040.6Mi, Sys=30.8Mi, NumGC=347","level":"stat"}
{"@timestamp":"2025-02-16T09:28:12.285+08:00","caller":"load/sheddingstat.go:61","content":"(rpc) shedding_stat [1m], cpu: 18, total: 0, pass: 0, drop: 0","level":"stat"}
{"@timestamp":"2025-02-16T09:29:12.230+08:00","caller":"stat/usage.go:61","content":"CPU: 18m, MEMORY: Alloc=11.1Mi, TotalAlloc=2047.7Mi, Sys=30.8Mi, NumGC=348","level":"stat"}
{"@timestamp":"2025-02-16T09:29:12.286+08:00","caller":"load/sheddingstat.go:61","content":"(rpc) shedding_stat [1m], cpu: 18, total: 0, pass: 0, drop: 0","level":"stat"}
{"@timestamp":"2025-02-16T09:30:12.230+08:00","caller":"stat/usage.go:61","content":"CPU: 17m, MEMORY: Alloc=9.5Mi, TotalAlloc=2052.4Mi, Sys=30.8Mi, NumGC=349","level":"stat"}
{"@timestamp":"2025-02-16T09:30:12.285+08:00","caller":"load/sheddingstat.go:61","content":"(rpc) shedding_stat [1m], cpu: 17, total: 0, pass: 0, drop: 0","level":"stat"}
{"@timestamp":"2025-02-16T09:31:12.230+08:00","caller":"stat/usage.go:61","content":"CPU: 21m, MEMORY: Alloc=9.4Mi, TotalAlloc=2058.7Mi, Sys=30.8Mi, NumGC=350","level":"stat"}
{"@timestamp":"2025-02-16T09:31:12.285+08:00","caller":"load/sheddingstat.go:61","content":"(rpc) shedding_stat [1m], cpu: 21, total: 0, pass: 0, drop: 0","level":"stat"}
{"@timestamp":"2025-02-16T09:32:12.230+08:00","caller":"stat/usage.go:61","content":"CPU: 16m, MEMORY: Alloc=9.4Mi, TotalAlloc=2065.8Mi, Sys=30.8Mi, NumGC=351","level":"stat"}
{"@timestamp":"2025-02-16T09:32:12.286+08:00","caller":"load/sheddingstat.go:61","content":"(rpc) shedding_stat [1m], cpu: 16, total: 0, pass: 0, drop: 0","level":"stat"}
{"@timestamp":"2025-02-16T09:33:12.230+08:00","caller":"stat/usage.go:61","content":"CPU: 15m, MEMORY: Alloc=11.8Mi, TotalAlloc=2072.9Mi, Sys=30.8Mi, NumGC=352","level":"stat"}
{"@timestamp":"2025-02-16T09:33:12.286+08:00","caller":"load/sheddingstat.go:61","content":"(rpc) shedding_stat [1m], cpu: 15, total: 0, pass: 0, drop: 0","level":"stat"}
{"@timestamp":"2025-02-16T09:34:12.230+08:00","caller":"stat/usage.go:61","content":"CPU: 17m, MEMORY: Alloc=11.5Mi, TotalAlloc=2079.2Mi, Sys=30.8Mi, NumGC=353","level":"stat"}
{"@timestamp":"2025-02-16T09:34:12.286+08:00","caller":"load/sheddingstat.go:61","content":"(rpc) shedding_stat [1m], cpu: 17, total: 0, pass: 0, drop: 0","level":"stat"}
{"@timestamp":"2025-02-16T09:35:12.230+08:00","caller":"stat/usage.go:61","content":"CPU: 16m, MEMORY: Alloc=10.5Mi, TotalAlloc=2084.7Mi, Sys=30.8Mi, NumGC=354","level":"stat"}
{"@timestamp":"2025-02-16T09:35:12.285+08:00","caller":"load/sheddingstat.go:61","content":"(rpc) shedding_stat [1m], cpu: 16, total: 0, pass: 0, drop: 0","level":"stat"}
{"@timestamp":"2025-02-16T09:36:12.230+08:00","caller":"stat/usage.go:61","content":"CPU: 17m, MEMORY: Alloc=12.0Mi, TotalAlloc=2092.5Mi, Sys=30.8Mi, NumGC=355","level":"stat"}
{"@timestamp":"2025-02-16T09:36:12.285+08:00","caller":"load/sheddingstat.go:61","content":"(rpc) shedding_stat [1m], cpu: 17, total: 0, pass: 0, drop: 0","level":"stat"}
{"@timestamp":"2025-02-16T09:37:12.230+08:00","caller":"stat/usage.go:61","content":"CPU: 16m, MEMORY: Alloc=11.6Mi, TotalAlloc=2098.9Mi, Sys=30.8Mi, NumGC=356","level":"stat"}
{"@timestamp":"2025-02-16T09:37:12.286+08:00","caller":"load/sheddingstat.go:61","content":"(rpc) shedding_stat [1m], cpu: 16, total: 0, pass: 0, drop: 0","level":"stat"}
{"@timestamp":"2025-02-16T09:38:12.230+08:00","caller":"stat/usage.go:61","content":"CPU: 15m, MEMORY: Alloc=7.1Mi, TotalAlloc=2106.9Mi, Sys=30.8Mi, NumGC=358","level":"stat"}
{"@timestamp":"2025-02-16T09:38:12.286+08:00","caller":"load/sheddingstat.go:61","content":"(rpc) shedding_stat [1m], cpu: 15, total: 0, pass: 0, drop: 0","level":"stat"}
{"@timestamp":"2025-02-16T09:39:12.230+08:00","caller":"stat/usage.go:61","content":"CPU: 16m, MEMORY: Alloc=11.7Mi, TotalAlloc=2111.5Mi, Sys=30.8Mi, NumGC=358","level":"stat"}
{"@timestamp":"2025-02-16T09:39:12.286+08:00","caller":"load/sheddingstat.go:61","content":"(rpc) shedding_stat [1m], cpu: 16, total: 0, pass: 0, drop: 0","level":"stat"}
{"@timestamp":"2025-02-16T09:40:12.230+08:00","caller":"stat/usage.go:61","content":"CPU: 16m, MEMORY: Alloc=11.4Mi, TotalAlloc=2117.8Mi, Sys=30.8Mi, NumGC=359","level":"stat"}
{"@timestamp":"2025-02-16T09:40:12.286+08:00","caller":"load/sheddingstat.go:61","content":"(rpc) shedding_stat [1m], cpu: 16, total: 0, pass: 0, drop: 0","level":"stat"}
{"@timestamp":"2025-02-16T09:41:12.230+08:00","caller":"stat/usage.go:61","content":"CPU: 17m, MEMORY: Alloc=9.7Mi, TotalAlloc=2122.5Mi, Sys=30.8Mi, NumGC=360","level":"stat"}
{"@timestamp":"2025-02-16T09:41:12.286+08:00","caller":"load/sheddingstat.go:61","content":"(rpc) shedding_stat [1m], cpu: 17, total: 0, pass: 0, drop: 0","level":"stat"}
{"@timestamp":"2025-02-16T09:42:12.230+08:00","caller":"stat/usage.go:61","content":"CPU: 17m, MEMORY: Alloc=9.0Mi, TotalAlloc=2127.9Mi, Sys=30.8Mi, NumGC=361","level":"stat"}
{"@timestamp":"2025-02-16T09:42:12.286+08:00","caller":"load/sheddingstat.go:61","content":"(rpc) shedding_stat [1m], cpu: 17, total: 0, pass: 0, drop: 0","level":"stat"}
{"@timestamp":"2025-02-16T09:43:12.230+08:00","caller":"stat/usage.go:61","content":"CPU: 17m, MEMORY: Alloc=7.3Mi, TotalAlloc=2133.4Mi, Sys=30.8Mi, NumGC=362","level":"stat"}
{"@timestamp":"2025-02-16T09:43:12.285+08:00","caller":"load/sheddingstat.go:61","content":"(rpc) shedding_stat [1m], cpu: 17, total: 0, pass: 0, drop: 0","level":"stat"}
{"@timestamp":"2025-02-16T09:44:12.230+08:00","caller":"stat/usage.go:61","content":"CPU: 20m, MEMORY: Alloc=10.3Mi, TotalAlloc=2141.3Mi, Sys=30.8Mi, NumGC=363","level":"stat"}
{"@timestamp":"2025-02-16T09:44:12.286+08:00","caller":"load/sheddingstat.go:61","content":"(rpc) shedding_stat [1m], cpu: 20, total: 0, pass: 0, drop: 0","level":"stat"}
{"@timestamp":"2025-02-16T09:45:12.230+08:00","caller":"stat/usage.go:61","content":"CPU: 16m, MEMORY: Alloc=11.3Mi, TotalAlloc=2148.4Mi, Sys=30.8Mi, NumGC=364","level":"stat"}
{"@timestamp":"2025-02-16T09:45:12.286+08:00","caller":"load/sheddingstat.go:61","content":"(rpc) shedding_stat [1m], cpu: 16, total: 0, pass: 0, drop: 0","level":"stat"}
{"@timestamp":"2025-02-16T09:46:12.230+08:00","caller":"stat/usage.go:61","content":"CPU: 16m, MEMORY: Alloc=12.1Mi, TotalAlloc=2155.5Mi, Sys=30.8Mi, NumGC=365","level":"stat"}
{"@timestamp":"2025-02-16T09:46:12.285+08:00","caller":"load/sheddingstat.go:61","content":"(rpc) shedding_stat [1m], cpu: 16, total: 0, pass: 0, drop: 0","level":"stat"}
{"@timestamp":"2025-02-16T09:47:12.230+08:00","caller":"stat/usage.go:61","content":"CPU: 17m, MEMORY: Alloc=11.6Mi, TotalAlloc=2161.1Mi, Sys=30.8Mi, NumGC=366","level":"stat"}
{"@timestamp":"2025-02-16T09:47:12.286+08:00","caller":"load/sheddingstat.go:61","content":"(rpc) shedding_stat [1m], cpu: 17, total: 0, pass: 0, drop: 0","level":"stat"}
{"@timestamp":"2025-02-16T09:48:12.230+08:00","caller":"stat/usage.go:61","content":"CPU: 17m, MEMORY: Alloc=10.1Mi, TotalAlloc=2165.8Mi, Sys=30.8Mi, NumGC=367","level":"stat"}
{"@timestamp":"2025-02-16T09:48:12.286+08:00","caller":"load/sheddingstat.go:61","content":"(rpc) shedding_stat [1m], cpu: 17, total: 0, pass: 0, drop: 0","level":"stat"}
{"@timestamp":"2025-02-16T09:49:12.230+08:00","caller":"stat/usage.go:61","content":"CPU: 17m, MEMORY: Alloc=10.3Mi, TotalAlloc=2171.3Mi, Sys=30.8Mi, NumGC=368","level":"stat"}
{"@timestamp":"2025-02-16T09:49:12.286+08:00","caller":"load/sheddingstat.go:61","content":"(rpc) shedding_stat [1m], cpu: 17, total: 0, pass: 0, drop: 0","level":"stat"}
{"@timestamp":"2025-02-16T09:50:12.230+08:00","caller":"stat/usage.go:61","content":"CPU: 16m, MEMORY: Alloc=7.4Mi, TotalAlloc=2176.0Mi, Sys=30.8Mi, NumGC=369","level":"stat"}
{"@timestamp":"2025-02-16T09:50:12.286+08:00","caller":"load/sheddingstat.go:61","content":"(rpc) shedding_stat [1m], cpu: 16, total: 0, pass: 0, drop: 0","level":"stat"}
{"@timestamp":"2025-02-16T09:51:12.230+08:00","caller":"stat/usage.go:61","content":"CPU: 17m, MEMORY: Alloc=12.1Mi, TotalAlloc=2180.7Mi, Sys=30.8Mi, NumGC=369","level":"stat"}
{"@timestamp":"2025-02-16T09:51:12.285+08:00","caller":"load/sheddingstat.go:61","content":"(rpc) shedding_stat [1m], cpu: 17, total: 0, pass: 0, drop: 0","level":"stat"}
{"@timestamp":"2025-02-16T09:52:12.230+08:00","caller":"stat/usage.go:61","content":"CPU: 18m, MEMORY: Alloc=13.1Mi, TotalAlloc=2187.8Mi, Sys=30.8Mi, NumGC=370","level":"stat"}
{"@timestamp":"2025-02-16T09:52:12.285+08:00","caller":"load/sheddingstat.go:61","content":"(rpc) shedding_stat [1m], cpu: 18, total: 0, pass: 0, drop: 0","level":"stat"}
{"@timestamp":"2025-02-16T09:53:12.231+08:00","caller":"stat/usage.go:61","content":"CPU: 16m, MEMORY: Alloc=12.3Mi, TotalAlloc=2194.1Mi, Sys=30.8Mi, NumGC=371","level":"stat"}
{"@timestamp":"2025-02-16T09:53:12.286+08:00","caller":"load/sheddingstat.go:61","content":"(rpc) shedding_stat [1m], cpu: 16, total: 0, pass: 0, drop: 0","level":"stat"}
{"@timestamp":"2025-02-16T09:54:12.230+08:00","caller":"stat/usage.go:61","content":"CPU: 18m, MEMORY: Alloc=10.5Mi, TotalAlloc=2200.4Mi, Sys=30.8Mi, NumGC=372","level":"stat"}
{"@timestamp":"2025-02-16T09:54:12.286+08:00","caller":"load/sheddingstat.go:61","content":"(rpc) shedding_stat [1m], cpu: 18, total: 0, pass: 0, drop: 0","level":"stat"}
{"@timestamp":"2025-02-16T09:55:12.230+08:00","caller":"stat/usage.go:61","content":"CPU: 20m, MEMORY: Alloc=8.7Mi, TotalAlloc=2205.9Mi, Sys=30.8Mi, NumGC=373","level":"stat"}
{"@timestamp":"2025-02-16T09:55:12.285+08:00","caller":"load/sheddingstat.go:61","content":"(rpc) shedding_stat [1m], cpu: 20, total: 0, pass: 0, drop: 0","level":"stat"}
{"@timestamp":"2025-02-16T09:56:12.230+08:00","caller":"stat/usage.go:61","content":"CPU: 18m, MEMORY: Alloc=10.4Mi, TotalAlloc=2213.0Mi, Sys=30.8Mi, NumGC=374","level":"stat"}
{"@timestamp":"2025-02-16T09:56:12.286+08:00","caller":"load/sheddingstat.go:61","content":"(rpc) shedding_stat [1m], cpu: 18, total: 0, pass: 0, drop: 0","level":"stat"}
{"@timestamp":"2025-02-16T09:57:12.230+08:00","caller":"stat/usage.go:61","content":"CPU: 21m, MEMORY: Alloc=13.1Mi, TotalAlloc=2220.1Mi, Sys=30.8Mi, NumGC=375","level":"stat"}
{"@timestamp":"2025-02-16T09:57:12.286+08:00","caller":"load/sheddingstat.go:61","content":"(rpc) shedding_stat [1m], cpu: 21, total: 0, pass: 0, drop: 0","level":"stat"}
{"@timestamp":"2025-02-16T09:58:12.230+08:00","caller":"stat/usage.go:61","content":"CPU: 17m, MEMORY: Alloc=11.4Mi, TotalAlloc=2225.6Mi, Sys=30.8Mi, NumGC=376","level":"stat"}
{"@timestamp":"2025-02-16T09:58:12.286+08:00","caller":"load/sheddingstat.go:61","content":"(rpc) shedding_stat [1m], cpu: 17, total: 0, pass: 0, drop: 0","level":"stat"}
{"@timestamp":"2025-02-16T09:59:12.230+08:00","caller":"stat/usage.go:61","content":"CPU: 17m, MEMORY: Alloc=7.4Mi, TotalAlloc=2230.2Mi, Sys=30.8Mi, NumGC=377","level":"stat"}
{"@timestamp":"2025-02-16T09:59:12.285+08:00","caller":"load/sheddingstat.go:61","content":"(rpc) shedding_stat [1m], cpu: 17, total: 0, pass: 0, drop: 0","level":"stat"}
{"@timestamp":"2025-02-16T10:00:12.230+08:00","caller":"stat/usage.go:61","content":"CPU: 16m, MEMORY: Alloc=9.2Mi, TotalAlloc=2236.6Mi, Sys=30.8Mi, NumGC=378","level":"stat"}
{"@timestamp":"2025-02-16T10:00:12.285+08:00","caller":"load/sheddingstat.go:61","content":"(rpc) shedding_stat [1m], cpu: 16, total: 0, pass: 0, drop: 0","level":"stat"}
{"@timestamp":"2025-02-16T10:01:12.229+08:00","caller":"stat/usage.go:61","content":"CPU: 18m, MEMORY: Alloc=8.5Mi, TotalAlloc=2242.9Mi, Sys=30.8Mi, NumGC=379","level":"stat"}
{"@timestamp":"2025-02-16T10:01:12.286+08:00","caller":"load/sheddingstat.go:61","content":"(rpc) shedding_stat [1m], cpu: 18, total: 0, pass: 0, drop: 0","level":"stat"}
{"@timestamp":"2025-02-16T10:02:12.230+08:00","caller":"stat/usage.go:61","content":"CPU: 16m, MEMORY: Alloc=10.4Mi, TotalAlloc=2250.0Mi, Sys=30.8Mi, NumGC=380","level":"stat"}
{"@timestamp":"2025-02-16T10:02:12.285+08:00","caller":"load/sheddingstat.go:61","content":"(rpc) shedding_stat [1m], cpu: 16, total: 0, pass: 0, drop: 0","level":"stat"}
{"@timestamp":"2025-02-16T10:03:12.230+08:00","caller":"stat/usage.go:61","content":"CPU: 18m, MEMORY: Alloc=11.3Mi, TotalAlloc=2257.2Mi, Sys=30.8Mi, NumGC=381","level":"stat"}
{"@timestamp":"2025-02-16T10:03:12.285+08:00","caller":"load/sheddingstat.go:61","content":"(rpc) shedding_stat [1m], cpu: 18, total: 0, pass: 0, drop: 0","level":"stat"}
{"@timestamp":"2025-02-16T10:04:12.230+08:00","caller":"stat/usage.go:61","content":"CPU: 19m, MEMORY: Alloc=10.4Mi, TotalAlloc=2263.6Mi, Sys=30.8Mi, NumGC=382","level":"stat"}
{"@timestamp":"2025-02-16T10:04:12.285+08:00","caller":"load/sheddingstat.go:61","content":"(rpc) shedding_stat [1m], cpu: 19, total: 0, pass: 0, drop: 0","level":"stat"}
{"@timestamp":"2025-02-16T10:05:12.231+08:00","caller":"stat/usage.go:61","content":"CPU: 18m, MEMORY: Alloc=6.9Mi, TotalAlloc=2269.9Mi, Sys=30.8Mi, NumGC=384","level":"stat"}
{"@timestamp":"2025-02-16T10:05:12.286+08:00","caller":"load/sheddingstat.go:61","content":"(rpc) shedding_stat [1m], cpu: 18, total: 0, pass: 0, drop: 0","level":"stat"}
{"@timestamp":"2025-02-16T10:06:12.229+08:00","caller":"stat/usage.go:61","content":"CPU: 15m, MEMORY: Alloc=9.2Mi, TotalAlloc=2276.2Mi, Sys=30.8Mi, NumGC=385","level":"stat"}
{"@timestamp":"2025-02-16T10:06:12.286+08:00","caller":"load/sheddingstat.go:61","content":"(rpc) shedding_stat [1m], cpu: 15, total: 0, pass: 0, drop: 0","level":"stat"}
{"@timestamp":"2025-02-16T10:07:12.230+08:00","caller":"stat/usage.go:61","content":"CPU: 16m, MEMORY: Alloc=7.3Mi, TotalAlloc=2282.5Mi, Sys=30.8Mi, NumGC=387","level":"stat"}
{"@timestamp":"2025-02-16T10:07:12.285+08:00","caller":"load/sheddingstat.go:61","content":"(rpc) shedding_stat [1m], cpu: 16, total: 0, pass: 0, drop: 0","level":"stat"}
{"@timestamp":"2025-02-16T10:08:12.230+08:00","caller":"stat/usage.go:61","content":"CPU: 16m, MEMORY: Alloc=9.6Mi, TotalAlloc=2288.8Mi, Sys=30.8Mi, NumGC=388","level":"stat"}
{"@timestamp":"2025-02-16T10:08:12.286+08:00","caller":"load/sheddingstat.go:61","content":"(rpc) shedding_stat [1m], cpu: 16, total: 0, pass: 0, drop: 0","level":"stat"}
{"@timestamp":"2025-02-16T10:09:12.230+08:00","caller":"stat/usage.go:61","content":"CPU: 16m, MEMORY: Alloc=10.3Mi, TotalAlloc=2294.3Mi, Sys=30.8Mi, NumGC=389","level":"stat"}
{"@timestamp":"2025-02-16T10:09:12.285+08:00","caller":"load/sheddingstat.go:61","content":"(rpc) shedding_stat [1m], cpu: 16, total: 0, pass: 0, drop: 0","level":"stat"}
{"@timestamp":"2025-02-16T10:10:12.230+08:00","caller":"stat/usage.go:61","content":"CPU: 19m, MEMORY: Alloc=10.4Mi, TotalAlloc=2300.6Mi, Sys=30.8Mi, NumGC=390","level":"stat"}
{"@timestamp":"2025-02-16T10:10:12.285+08:00","caller":"load/sheddingstat.go:61","content":"(rpc) shedding_stat [1m], cpu: 19, total: 0, pass: 0, drop: 0","level":"stat"}
{"@timestamp":"2025-02-16T10:11:12.230+08:00","caller":"stat/usage.go:61","content":"CPU: 16m, MEMORY: Alloc=9.5Mi, TotalAlloc=2306.1Mi, Sys=30.8Mi, NumGC=391","level":"stat"}
{"@timestamp":"2025-02-16T10:11:12.286+08:00","caller":"load/sheddingstat.go:61","content":"(rpc) shedding_stat [1m], cpu: 16, total: 0, pass: 0, drop: 0","level":"stat"}
{"@timestamp":"2025-02-16T10:12:12.231+08:00","caller":"stat/usage.go:61","content":"CPU: 16m, MEMORY: Alloc=9.5Mi, TotalAlloc=2313.2Mi, Sys=30.8Mi, NumGC=392","level":"stat"}
{"@timestamp":"2025-02-16T10:12:12.286+08:00","caller":"load/sheddingstat.go:61","content":"(rpc) shedding_stat [1m], cpu: 16, total: 0, pass: 0, drop: 0","level":"stat"}
{"@timestamp":"2025-02-16T10:13:12.229+08:00","caller":"stat/usage.go:61","content":"CPU: 16m, MEMORY: Alloc=9.5Mi, TotalAlloc=2318.7Mi, Sys=30.8Mi, NumGC=393","level":"stat"}
{"@timestamp":"2025-02-16T10:13:12.286+08:00","caller":"load/sheddingstat.go:61","content":"(rpc) shedding_stat [1m], cpu: 16, total: 0, pass: 0, drop: 0","level":"stat"}
{"@timestamp":"2025-02-16T10:14:12.230+08:00","caller":"stat/usage.go:61","content":"CPU: 17m, MEMORY: Alloc=7.1Mi, TotalAlloc=2325.9Mi, Sys=30.8Mi, NumGC=395","level":"stat"}
{"@timestamp":"2025-02-16T10:14:12.286+08:00","caller":"load/sheddingstat.go:61","content":"(rpc) shedding_stat [1m], cpu: 17, total: 0, pass: 0, drop: 0","level":"stat"}
{"@timestamp":"2025-02-16T10:15:12.230+08:00","caller":"stat/usage.go:61","content":"CPU: 16m, MEMORY: Alloc=7.3Mi, TotalAlloc=2333.0Mi, Sys=30.8Mi, NumGC=396","level":"stat"}
{"@timestamp":"2025-02-16T10:15:12.286+08:00","caller":"load/sheddingstat.go:61","content":"(rpc) shedding_stat [1m], cpu: 16, total: 0, pass: 0, drop: 0","level":"stat"}
{"@timestamp":"2025-02-16T10:16:12.230+08:00","caller":"stat/usage.go:61","content":"CPU: 16m, MEMORY: Alloc=9.1Mi, TotalAlloc=2340.1Mi, Sys=30.8Mi, NumGC=397","level":"stat"}
{"@timestamp":"2025-02-16T10:16:12.286+08:00","caller":"load/sheddingstat.go:61","content":"(rpc) shedding_stat [1m], cpu: 16, total: 0, pass: 0, drop: 0","level":"stat"}
{"@timestamp":"2025-02-16T10:17:12.230+08:00","caller":"stat/usage.go:61","content":"CPU: 17m, MEMORY: Alloc=10.8Mi, TotalAlloc=2346.4Mi, Sys=30.8Mi, NumGC=398","level":"stat"}
{"@timestamp":"2025-02-16T10:17:12.286+08:00","caller":"load/sheddingstat.go:61","content":"(rpc) shedding_stat [1m], cpu: 17, total: 0, pass: 0, drop: 0","level":"stat"}
{"@timestamp":"2025-02-16T10:18:12.229+08:00","caller":"stat/usage.go:61","content":"CPU: 17m, MEMORY: Alloc=10.2Mi, TotalAlloc=2352.7Mi, Sys=30.8Mi, NumGC=399","level":"stat"}
{"@timestamp":"2025-02-16T10:18:12.286+08:00","caller":"load/sheddingstat.go:61","content":"(rpc) shedding_stat [1m], cpu: 17, total: 0, pass: 0, drop: 0","level":"stat"}
{"@timestamp":"2025-02-16T10:19:12.230+08:00","caller":"stat/usage.go:61","content":"CPU: 15m, MEMORY: Alloc=9.5Mi, TotalAlloc=2357.4Mi, Sys=30.8Mi, NumGC=400","level":"stat"}
{"@timestamp":"2025-02-16T10:19:12.286+08:00","caller":"load/sheddingstat.go:61","content":"(rpc) shedding_stat [1m], cpu: 15, total: 0, pass: 0, drop: 0","level":"stat"}
{"@timestamp":"2025-02-16T10:20:12.230+08:00","caller":"stat/usage.go:61","content":"CPU: 16m, MEMORY: Alloc=9.7Mi, TotalAlloc=2362.8Mi, Sys=30.8Mi, NumGC=401","level":"stat"}
{"@timestamp":"2025-02-16T10:20:12.286+08:00","caller":"load/sheddingstat.go:61","content":"(rpc) shedding_stat [1m], cpu: 16, total: 0, pass: 0, drop: 0","level":"stat"}
{"@timestamp":"2025-02-16T10:21:12.231+08:00","caller":"stat/usage.go:61","content":"CPU: 15m, MEMORY: Alloc=8.1Mi, TotalAlloc=2367.5Mi, Sys=30.8Mi, NumGC=402","level":"stat"}
{"@timestamp":"2025-02-16T10:21:12.286+08:00","caller":"load/sheddingstat.go:61","content":"(rpc) shedding_stat [1m], cpu: 15, total: 0, pass: 0, drop: 0","level":"stat"}
{"@timestamp":"2025-02-16T10:22:12.229+08:00","caller":"stat/usage.go:61","content":"CPU: 16m, MEMORY: Alloc=6.4Mi, TotalAlloc=2373.8Mi, Sys=30.8Mi, NumGC=404","level":"stat"}
{"@timestamp":"2025-02-16T10:22:12.286+08:00","caller":"load/sheddingstat.go:61","content":"(rpc) shedding_stat [1m], cpu: 16, total: 0, pass: 0, drop: 0","level":"stat"}
{"@timestamp":"2025-02-16T10:23:12.229+08:00","caller":"stat/usage.go:61","content":"CPU: 20m, MEMORY: Alloc=7.7Mi, TotalAlloc=2380.1Mi, Sys=30.8Mi, NumGC=405","level":"stat"}
{"@timestamp":"2025-02-16T10:23:12.285+08:00","caller":"load/sheddingstat.go:61","content":"(rpc) shedding_stat [1m], cpu: 20, total: 0, pass: 0, drop: 0","level":"stat"}
{"@timestamp":"2025-02-16T10:24:12.230+08:00","caller":"stat/usage.go:61","content":"CPU: 17m, MEMORY: Alloc=9.7Mi, TotalAlloc=2387.3Mi, Sys=30.8Mi, NumGC=406","level":"stat"}
{"@timestamp":"2025-02-16T10:24:12.286+08:00","caller":"load/sheddingstat.go:61","content":"(rpc) shedding_stat [1m], cpu: 17, total: 0, pass: 0, drop: 0","level":"stat"}
{"@timestamp":"2025-02-16T10:25:12.230+08:00","caller":"stat/usage.go:61","content":"CPU: 15m, MEMORY: Alloc=10.8Mi, TotalAlloc=2393.6Mi, Sys=30.8Mi, NumGC=407","level":"stat"}
{"@timestamp":"2025-02-16T10:25:12.285+08:00","caller":"load/sheddingstat.go:61","content":"(rpc) shedding_stat [1m], cpu: 15, total: 0, pass: 0, drop: 0","level":"stat"}
{"@timestamp":"2025-02-16T10:26:12.230+08:00","caller":"stat/usage.go:61","content":"CPU: 17m, MEMORY: Alloc=7.7Mi, TotalAlloc=2400.7Mi, Sys=30.8Mi, NumGC=409","level":"stat"}
{"@timestamp":"2025-02-16T10:26:12.285+08:00","caller":"load/sheddingstat.go:61","content":"(rpc) shedding_stat [1m], cpu: 17, total: 0, pass: 0, drop: 0","level":"stat"}
{"@timestamp":"2025-02-16T10:27:12.230+08:00","caller":"stat/usage.go:61","content":"CPU: 17m, MEMORY: Alloc=6.7Mi, TotalAlloc=2405.5Mi, Sys=30.8Mi, NumGC=410","level":"stat"}
{"@timestamp":"2025-02-16T10:27:12.285+08:00","caller":"load/sheddingstat.go:61","content":"(rpc) shedding_stat [1m], cpu: 17, total: 0, pass: 0, drop: 0","level":"stat"}
{"@timestamp":"2025-02-16T10:28:12.230+08:00","caller":"stat/usage.go:61","content":"CPU: 17m, MEMORY: Alloc=11.4Mi, TotalAlloc=2410.1Mi, Sys=30.8Mi, NumGC=410","level":"stat"}
{"@timestamp":"2025-02-16T10:28:12.286+08:00","caller":"load/sheddingstat.go:61","content":"(rpc) shedding_stat [1m], cpu: 17, total: 0, pass: 0, drop: 0","level":"stat"}
{"@timestamp":"2025-02-16T10:29:12.230+08:00","caller":"stat/usage.go:61","content":"CPU: 17m, MEMORY: Alloc=10.6Mi, TotalAlloc=2416.4Mi, Sys=30.8Mi, NumGC=411","level":"stat"}
{"@timestamp":"2025-02-16T10:29:12.285+08:00","caller":"load/sheddingstat.go:61","content":"(rpc) shedding_stat [1m], cpu: 17, total: 0, pass: 0, drop: 0","level":"stat"}
{"@timestamp":"2025-02-16T10:30:12.230+08:00","caller":"stat/usage.go:61","content":"CPU: 16m, MEMORY: Alloc=10.6Mi, TotalAlloc=2421.1Mi, Sys=30.8Mi, NumGC=412","level":"stat"}
{"@timestamp":"2025-02-16T10:30:12.286+08:00","caller":"load/sheddingstat.go:61","content":"(rpc) shedding_stat [1m], cpu: 16, total: 0, pass: 0, drop: 0","level":"stat"}
{"@timestamp":"2025-02-16T10:31:12.230+08:00","caller":"stat/usage.go:61","content":"CPU: 17m, MEMORY: Alloc=9.9Mi, TotalAlloc=2427.4Mi, Sys=30.8Mi, NumGC=413","level":"stat"}
{"@timestamp":"2025-02-16T10:31:12.286+08:00","caller":"load/sheddingstat.go:61","content":"(rpc) shedding_stat [1m], cpu: 17, total: 0, pass: 0, drop: 0","level":"stat"}
{"@timestamp":"2025-02-16T10:32:12.230+08:00","caller":"stat/usage.go:61","content":"CPU: 17m, MEMORY: Alloc=10.9Mi, TotalAlloc=2433.7Mi, Sys=30.8Mi, NumGC=414","level":"stat"}
{"@timestamp":"2025-02-16T10:32:12.286+08:00","caller":"load/sheddingstat.go:61","content":"(rpc) shedding_stat [1m], cpu: 17, total: 0, pass: 0, drop: 0","level":"stat"}
{"@timestamp":"2025-02-16T10:33:12.230+08:00","caller":"stat/usage.go:61","content":"CPU: 17m, MEMORY: Alloc=8.0Mi, TotalAlloc=2440.8Mi, Sys=30.8Mi, NumGC=416","level":"stat"}
{"@timestamp":"2025-02-16T10:33:12.285+08:00","caller":"load/sheddingstat.go:61","content":"(rpc) shedding_stat [1m], cpu: 17, total: 0, pass: 0, drop: 0","level":"stat"}
{"@timestamp":"2025-02-16T10:34:12.230+08:00","caller":"stat/usage.go:61","content":"CPU: 17m, MEMORY: Alloc=12.7Mi, TotalAlloc=2445.5Mi, Sys=30.8Mi, NumGC=416","level":"stat"}
{"@timestamp":"2025-02-16T10:34:12.286+08:00","caller":"load/sheddingstat.go:61","content":"(rpc) shedding_stat [1m], cpu: 17, total: 0, pass: 0, drop: 0","level":"stat"}
{"@timestamp":"2025-02-16T10:35:12.230+08:00","caller":"stat/usage.go:61","content":"CPU: 17m, MEMORY: Alloc=11.4Mi, TotalAlloc=2451.8Mi, Sys=30.8Mi, NumGC=417","level":"stat"}
{"@timestamp":"2025-02-16T10:35:12.285+08:00","caller":"load/sheddingstat.go:61","content":"(rpc) shedding_stat [1m], cpu: 17, total: 0, pass: 0, drop: 0","level":"stat"}
{"@timestamp":"2025-02-16T10:36:12.230+08:00","caller":"stat/usage.go:61","content":"CPU: 17m, MEMORY: Alloc=11.5Mi, TotalAlloc=2457.3Mi, Sys=30.8Mi, NumGC=418","level":"stat"}
{"@timestamp":"2025-02-16T10:36:12.286+08:00","caller":"load/sheddingstat.go:61","content":"(rpc) shedding_stat [1m], cpu: 17, total: 0, pass: 0, drop: 0","level":"stat"}
{"@timestamp":"2025-02-16T10:37:12.230+08:00","caller":"stat/usage.go:61","content":"CPU: 17m, MEMORY: Alloc=9.4Mi, TotalAlloc=2462.8Mi, Sys=30.8Mi, NumGC=419","level":"stat"}
{"@timestamp":"2025-02-16T10:37:12.285+08:00","caller":"load/sheddingstat.go:61","content":"(rpc) shedding_stat [1m], cpu: 17, total: 0, pass: 0, drop: 0","level":"stat"}
{"@timestamp":"2025-02-16T10:38:12.230+08:00","caller":"stat/usage.go:61","content":"CPU: 21m, MEMORY: Alloc=9.6Mi, TotalAlloc=2470.0Mi, Sys=30.8Mi, NumGC=420","level":"stat"}
{"@timestamp":"2025-02-16T10:38:12.286+08:00","caller":"load/sheddingstat.go:61","content":"(rpc) shedding_stat [1m], cpu: 21, total: 0, pass: 0, drop: 0","level":"stat"}
{"@timestamp":"2025-02-16T10:39:12.230+08:00","caller":"stat/usage.go:61","content":"CPU: 17m, MEMORY: Alloc=9.7Mi, TotalAlloc=2475.5Mi, Sys=30.8Mi, NumGC=421","level":"stat"}
{"@timestamp":"2025-02-16T10:39:12.286+08:00","caller":"load/sheddingstat.go:61","content":"(rpc) shedding_stat [1m], cpu: 17, total: 0, pass: 0, drop: 0","level":"stat"}
{"@timestamp":"2025-02-16T10:40:12.230+08:00","caller":"stat/usage.go:61","content":"CPU: 18m, MEMORY: Alloc=7.2Mi, TotalAlloc=2482.6Mi, Sys=30.8Mi, NumGC=423","level":"stat"}
{"@timestamp":"2025-02-16T10:40:12.286+08:00","caller":"load/sheddingstat.go:61","content":"(rpc) shedding_stat [1m], cpu: 18, total: 0, pass: 0, drop: 0","level":"stat"}
{"@timestamp":"2025-02-16T10:41:12.230+08:00","caller":"stat/usage.go:61","content":"CPU: 16m, MEMORY: Alloc=7.3Mi, TotalAlloc=2488.8Mi, Sys=30.8Mi, NumGC=424","level":"stat"}
{"@timestamp":"2025-02-16T10:41:12.286+08:00","caller":"load/sheddingstat.go:61","content":"(rpc) shedding_stat [1m], cpu: 16, total: 0, pass: 0, drop: 0","level":"stat"}
{"@timestamp":"2025-02-16T10:42:12.230+08:00","caller":"stat/usage.go:61","content":"CPU: 15m, MEMORY: Alloc=12.8Mi, TotalAlloc=2494.3Mi, Sys=30.8Mi, NumGC=424","level":"stat"}
{"@timestamp":"2025-02-16T10:42:12.286+08:00","caller":"load/sheddingstat.go:61","content":"(rpc) shedding_stat [1m], cpu: 15, total: 0, pass: 0, drop: 0","level":"stat"}
{"@timestamp":"2025-02-16T10:43:12.230+08:00","caller":"stat/usage.go:61","content":"CPU: 16m, MEMORY: Alloc=10.8Mi, TotalAlloc=2499.8Mi, Sys=30.8Mi, NumGC=425","level":"stat"}
{"@timestamp":"2025-02-16T10:43:12.286+08:00","caller":"load/sheddingstat.go:61","content":"(rpc) shedding_stat [1m], cpu: 16, total: 0, pass: 0, drop: 0","level":"stat"}
{"@timestamp":"2025-02-16T10:44:12.230+08:00","caller":"stat/usage.go:61","content":"CPU: 17m, MEMORY: Alloc=9.5Mi, TotalAlloc=2504.4Mi, Sys=30.8Mi, NumGC=426","level":"stat"}
{"@timestamp":"2025-02-16T10:44:12.285+08:00","caller":"load/sheddingstat.go:61","content":"(rpc) shedding_stat [1m], cpu: 17, total: 0, pass: 0, drop: 0","level":"stat"}
{"@timestamp":"2025-02-16T10:45:12.230+08:00","caller":"stat/usage.go:61","content":"CPU: 17m, MEMORY: Alloc=10.3Mi, TotalAlloc=2510.7Mi, Sys=30.8Mi, NumGC=427","level":"stat"}
{"@timestamp":"2025-02-16T10:45:12.285+08:00","caller":"load/sheddingstat.go:61","content":"(rpc) shedding_stat [1m], cpu: 17, total: 0, pass: 0, drop: 0","level":"stat"}
{"@timestamp":"2025-02-16T10:46:12.230+08:00","caller":"stat/usage.go:61","content":"CPU: 17m, MEMORY: Alloc=10.5Mi, TotalAlloc=2517.1Mi, Sys=30.8Mi, NumGC=428","level":"stat"}
{"@timestamp":"2025-02-16T10:46:12.286+08:00","caller":"load/sheddingstat.go:61","content":"(rpc) shedding_stat [1m], cpu: 17, total: 0, pass: 0, drop: 0","level":"stat"}
{"@timestamp":"2025-02-16T10:47:12.230+08:00","caller":"stat/usage.go:61","content":"CPU: 16m, MEMORY: Alloc=9.6Mi, TotalAlloc=2522.7Mi, Sys=30.8Mi, NumGC=429","level":"stat"}
{"@timestamp":"2025-02-16T10:47:12.286+08:00","caller":"load/sheddingstat.go:61","content":"(rpc) shedding_stat [1m], cpu: 16, total: 0, pass: 0, drop: 0","level":"stat"}
{"@timestamp":"2025-02-16T10:48:12.230+08:00","caller":"stat/usage.go:61","content":"CPU: 16m, MEMORY: Alloc=8.9Mi, TotalAlloc=2529.0Mi, Sys=30.8Mi, NumGC=430","level":"stat"}
{"@timestamp":"2025-02-16T10:48:12.285+08:00","caller":"load/sheddingstat.go:61","content":"(rpc) shedding_stat [1m], cpu: 16, total: 0, pass: 0, drop: 0","level":"stat"}
{"@timestamp":"2025-02-16T10:49:12.230+08:00","caller":"stat/usage.go:61","content":"CPU: 16m, MEMORY: Alloc=7.2Mi, TotalAlloc=2533.6Mi, Sys=30.8Mi, NumGC=431","level":"stat"}
{"@timestamp":"2025-02-16T10:49:12.286+08:00","caller":"load/sheddingstat.go:61","content":"(rpc) shedding_stat [1m], cpu: 16, total: 0, pass: 0, drop: 0","level":"stat"}
{"@timestamp":"2025-02-16T10:50:12.230+08:00","caller":"stat/usage.go:61","content":"CPU: 15m, MEMORY: Alloc=9.7Mi, TotalAlloc=2540.0Mi, Sys=30.8Mi, NumGC=432","level":"stat"}
{"@timestamp":"2025-02-16T10:50:12.286+08:00","caller":"load/sheddingstat.go:61","content":"(rpc) shedding_stat [1m], cpu: 15, total: 0, pass: 0, drop: 0","level":"stat"}
{"@timestamp":"2025-02-16T10:51:12.230+08:00","caller":"stat/usage.go:61","content":"CPU: 20m, MEMORY: Alloc=10.6Mi, TotalAlloc=2545.5Mi, Sys=30.8Mi, NumGC=433","level":"stat"}
{"@timestamp":"2025-02-16T10:51:12.286+08:00","caller":"load/sheddingstat.go:61","content":"(rpc) shedding_stat [1m], cpu: 20, total: 0, pass: 0, drop: 0","level":"stat"}
{"@timestamp":"2025-02-16T10:52:12.230+08:00","caller":"stat/usage.go:61","content":"CPU: 15m, MEMORY: Alloc=9.5Mi, TotalAlloc=2551.0Mi, Sys=30.8Mi, NumGC=434","level":"stat"}
{"@timestamp":"2025-02-16T10:52:12.286+08:00","caller":"load/sheddingstat.go:61","content":"(rpc) shedding_stat [1m], cpu: 15, total: 0, pass: 0, drop: 0","level":"stat"}
{"@timestamp":"2025-02-16T10:53:12.230+08:00","caller":"stat/usage.go:61","content":"CPU: 16m, MEMORY: Alloc=9.9Mi, TotalAlloc=2556.5Mi, Sys=30.8Mi, NumGC=435","level":"stat"}
{"@timestamp":"2025-02-16T10:53:12.285+08:00","caller":"load/sheddingstat.go:61","content":"(rpc) shedding_stat [1m], cpu: 16, total: 0, pass: 0, drop: 0","level":"stat"}
{"@timestamp":"2025-02-16T10:54:12.230+08:00","caller":"stat/usage.go:61","content":"CPU: 17m, MEMORY: Alloc=6.6Mi, TotalAlloc=2561.1Mi, Sys=30.8Mi, NumGC=436","level":"stat"}
{"@timestamp":"2025-02-16T10:54:12.286+08:00","caller":"load/sheddingstat.go:61","content":"(rpc) shedding_stat [1m], cpu: 17, total: 0, pass: 0, drop: 0","level":"stat"}
{"@timestamp":"2025-02-16T10:55:12.230+08:00","caller":"stat/usage.go:61","content":"CPU: 17m, MEMORY: Alloc=8.1Mi, TotalAlloc=2567.4Mi, Sys=30.8Mi, NumGC=437","level":"stat"}
{"@timestamp":"2025-02-16T10:55:12.285+08:00","caller":"load/sheddingstat.go:61","content":"(rpc) shedding_stat [1m], cpu: 17, total: 0, pass: 0, drop: 0","level":"stat"}
{"@timestamp":"2025-02-16T10:56:12.230+08:00","caller":"stat/usage.go:61","content":"CPU: 16m, MEMORY: Alloc=10.3Mi, TotalAlloc=2574.6Mi, Sys=30.8Mi, NumGC=438","level":"stat"}
{"@timestamp":"2025-02-16T10:56:12.286+08:00","caller":"load/sheddingstat.go:61","content":"(rpc) shedding_stat [1m], cpu: 16, total: 0, pass: 0, drop: 0","level":"stat"}
{"@timestamp":"2025-02-16T10:57:12.229+08:00","caller":"stat/usage.go:61","content":"CPU: 15m, MEMORY: Alloc=5.9Mi, TotalAlloc=2580.9Mi, Sys=30.8Mi, NumGC=440","level":"stat"}
{"@timestamp":"2025-02-16T10:57:12.286+08:00","caller":"load/sheddingstat.go:61","content":"(rpc) shedding_stat [1m], cpu: 15, total: 0, pass: 0, drop: 0","level":"stat"}
{"@timestamp":"2025-02-16T10:58:12.230+08:00","caller":"stat/usage.go:61","content":"CPU: 16m, MEMORY: Alloc=7.9Mi, TotalAlloc=2588.1Mi, Sys=30.8Mi, NumGC=441","level":"stat"}
{"@timestamp":"2025-02-16T10:58:12.286+08:00","caller":"load/sheddingstat.go:61","content":"(rpc) shedding_stat [1m], cpu: 16, total: 0, pass: 0, drop: 0","level":"stat"}
{"@timestamp":"2025-02-16T10:59:12.230+08:00","caller":"stat/usage.go:61","content":"CPU: 15m, MEMORY: Alloc=10.3Mi, TotalAlloc=2595.2Mi, Sys=30.8Mi, NumGC=442","level":"stat"}
{"@timestamp":"2025-02-16T10:59:12.285+08:00","caller":"load/sheddingstat.go:61","content":"(rpc) shedding_stat [1m], cpu: 15, total: 0, pass: 0, drop: 0","level":"stat"}
{"@timestamp":"2025-02-16T11:00:12.230+08:00","caller":"stat/usage.go:61","content":"CPU: 16m, MEMORY: Alloc=8.7Mi, TotalAlloc=2600.7Mi, Sys=30.8Mi, NumGC=443","level":"stat"}
{"@timestamp":"2025-02-16T11:00:12.286+08:00","caller":"load/sheddingstat.go:61","content":"(rpc) shedding_stat [1m], cpu: 16, total: 0, pass: 0, drop: 0","level":"stat"}
{"@timestamp":"2025-02-16T11:01:12.230+08:00","caller":"stat/usage.go:61","content":"CPU: 17m, MEMORY: Alloc=10.2Mi, TotalAlloc=2607.9Mi, Sys=30.8Mi, NumGC=444","level":"stat"}
{"@timestamp":"2025-02-16T11:01:12.286+08:00","caller":"load/sheddingstat.go:61","content":"(rpc) shedding_stat [1m], cpu: 17, total: 0, pass: 0, drop: 0","level":"stat"}
{"@timestamp":"2025-02-16T11:02:12.230+08:00","caller":"stat/usage.go:61","content":"CPU: 17m, MEMORY: Alloc=11.5Mi, TotalAlloc=2614.2Mi, Sys=30.8Mi, NumGC=445","level":"stat"}
{"@timestamp":"2025-02-16T11:02:12.285+08:00","caller":"load/sheddingstat.go:61","content":"(rpc) shedding_stat [1m], cpu: 17, total: 0, pass: 0, drop: 0","level":"stat"}
{"@timestamp":"2025-02-16T11:03:12.230+08:00","caller":"stat/usage.go:61","content":"CPU: 16m, MEMORY: Alloc=6.9Mi, TotalAlloc=2621.3Mi, Sys=30.8Mi, NumGC=447","level":"stat"}
{"@timestamp":"2025-02-16T11:03:12.286+08:00","caller":"load/sheddingstat.go:61","content":"(rpc) shedding_stat [1m], cpu: 16, total: 0, pass: 0, drop: 0","level":"stat"}
{"@timestamp":"2025-02-16T11:04:12.231+08:00","caller":"stat/usage.go:61","content":"CPU: 21m, MEMORY: Alloc=8.0Mi, TotalAlloc=2628.5Mi, Sys=30.8Mi, NumGC=448","level":"stat"}
{"@timestamp":"2025-02-16T11:04:12.286+08:00","caller":"load/sheddingstat.go:61","content":"(rpc) shedding_stat [1m], cpu: 21, total: 0, pass: 0, drop: 0","level":"stat"}
{"@timestamp":"2025-02-16T11:05:12.230+08:00","caller":"stat/usage.go:61","content":"CPU: 16m, MEMORY: Alloc=8.4Mi, TotalAlloc=2634.0Mi, Sys=30.8Mi, NumGC=449","level":"stat"}
{"@timestamp":"2025-02-16T11:05:12.286+08:00","caller":"load/sheddingstat.go:61","content":"(rpc) shedding_stat [1m], cpu: 16, total: 0, pass: 0, drop: 0","level":"stat"}
{"@timestamp":"2025-02-16T11:06:12.230+08:00","caller":"stat/usage.go:61","content":"CPU: 16m, MEMORY: Alloc=7.3Mi, TotalAlloc=2640.3Mi, Sys=30.8Mi, NumGC=450","level":"stat"}
{"@timestamp":"2025-02-16T11:06:12.285+08:00","caller":"load/sheddingstat.go:61","content":"(rpc) shedding_stat [1m], cpu: 16, total: 0, pass: 0, drop: 0","level":"stat"}
{"@timestamp":"2025-02-16T11:07:12.230+08:00","caller":"stat/usage.go:61","content":"CPU: 19m, MEMORY: Alloc=7.7Mi, TotalAlloc=2646.7Mi, Sys=30.8Mi, NumGC=451","level":"stat"}
{"@timestamp":"2025-02-16T11:07:12.286+08:00","caller":"load/sheddingstat.go:61","content":"(rpc) shedding_stat [1m], cpu: 19, total: 0, pass: 0, drop: 0","level":"stat"}
{"@timestamp":"2025-02-16T11:08:12.230+08:00","caller":"stat/usage.go:61","content":"CPU: 17m, MEMORY: Alloc=9.0Mi, TotalAlloc=2653.8Mi, Sys=30.8Mi, NumGC=452","level":"stat"}
{"@timestamp":"2025-02-16T11:08:12.286+08:00","caller":"load/sheddingstat.go:61","content":"(rpc) shedding_stat [1m], cpu: 17, total: 0, pass: 0, drop: 0","level":"stat"}
{"@timestamp":"2025-02-16T11:09:12.231+08:00","caller":"stat/usage.go:61","content":"CPU: 17m, MEMORY: Alloc=8.3Mi, TotalAlloc=2660.1Mi, Sys=30.8Mi, NumGC=453","level":"stat"}
{"@timestamp":"2025-02-16T11:09:12.286+08:00","caller":"load/sheddingstat.go:61","content":"(rpc) shedding_stat [1m], cpu: 17, total: 0, pass: 0, drop: 0","level":"stat"}
{"@timestamp":"2025-02-16T11:10:12.230+08:00","caller":"stat/usage.go:61","content":"CPU: 17m, MEMORY: Alloc=10.3Mi, TotalAlloc=2666.5Mi, Sys=30.8Mi, NumGC=454","level":"stat"}
{"@timestamp":"2025-02-16T11:10:12.286+08:00","caller":"load/sheddingstat.go:61","content":"(rpc) shedding_stat [1m], cpu: 17, total: 0, pass: 0, drop: 0","level":"stat"}
{"@timestamp":"2025-02-16T11:11:12.230+08:00","caller":"stat/usage.go:61","content":"CPU: 18m, MEMORY: Alloc=11.3Mi, TotalAlloc=2673.6Mi, Sys=30.8Mi, NumGC=455","level":"stat"}
{"@timestamp":"2025-02-16T11:11:12.286+08:00","caller":"load/sheddingstat.go:61","content":"(rpc) shedding_stat [1m], cpu: 18, total: 0, pass: 0, drop: 0","level":"stat"}
{"@timestamp":"2025-02-16T11:12:12.229+08:00","caller":"stat/usage.go:61","content":"CPU: 18m, MEMORY: Alloc=9.5Mi, TotalAlloc=2678.3Mi, Sys=30.8Mi, NumGC=456","level":"stat"}
{"@timestamp":"2025-02-16T11:12:12.286+08:00","caller":"load/sheddingstat.go:61","content":"(rpc) shedding_stat [1m], cpu: 18, total: 0, pass: 0, drop: 0","level":"stat"}
{"@timestamp":"2025-02-16T11:13:12.230+08:00","caller":"stat/usage.go:61","content":"CPU: 17m, MEMORY: Alloc=9.8Mi, TotalAlloc=2684.6Mi, Sys=30.8Mi, NumGC=457","level":"stat"}
{"@timestamp":"2025-02-16T11:13:12.286+08:00","caller":"load/sheddingstat.go:61","content":"(rpc) shedding_stat [1m], cpu: 17, total: 0, pass: 0, drop: 0","level":"stat"}
{"@timestamp":"2025-02-16T11:14:12.231+08:00","caller":"stat/usage.go:61","content":"CPU: 18m, MEMORY: Alloc=10.7Mi, TotalAlloc=2691.7Mi, Sys=30.8Mi, NumGC=458","level":"stat"}
{"@timestamp":"2025-02-16T11:14:12.286+08:00","caller":"load/sheddingstat.go:61","content":"(rpc) shedding_stat [1m], cpu: 18, total: 0, pass: 0, drop: 0","level":"stat"}
{"@timestamp":"2025-02-16T11:15:12.230+08:00","caller":"stat/usage.go:61","content":"CPU: 17m, MEMORY: Alloc=10.0Mi, TotalAlloc=2698.0Mi, Sys=30.8Mi, NumGC=459","level":"stat"}
{"@timestamp":"2025-02-16T11:15:12.286+08:00","caller":"load/sheddingstat.go:61","content":"(rpc) shedding_stat [1m], cpu: 17, total: 0, pass: 0, drop: 0","level":"stat"}
{"@timestamp":"2025-02-16T11:16:12.230+08:00","caller":"stat/usage.go:61","content":"CPU: 18m, MEMORY: Alloc=9.1Mi, TotalAlloc=2702.7Mi, Sys=30.8Mi, NumGC=460","level":"stat"}
{"@timestamp":"2025-02-16T11:16:12.285+08:00","caller":"load/sheddingstat.go:61","content":"(rpc) shedding_stat [1m], cpu: 18, total: 0, pass: 0, drop: 0","level":"stat"}
{"@timestamp":"2025-02-16T11:17:12.230+08:00","caller":"stat/usage.go:61","content":"CPU: 23m, MEMORY: Alloc=9.5Mi, TotalAlloc=2709.0Mi, Sys=30.8Mi, NumGC=461","level":"stat"}
{"@timestamp":"2025-02-16T11:17:12.285+08:00","caller":"load/sheddingstat.go:61","content":"(rpc) shedding_stat [1m], cpu: 23, total: 0, pass: 0, drop: 0","level":"stat"}
{"@timestamp":"2025-02-16T11:18:12.230+08:00","caller":"stat/usage.go:61","content":"CPU: 16m, MEMORY: Alloc=11.4Mi, TotalAlloc=2715.3Mi, Sys=30.8Mi, NumGC=462","level":"stat"}
{"@timestamp":"2025-02-16T11:18:12.286+08:00","caller":"load/sheddingstat.go:61","content":"(rpc) shedding_stat [1m], cpu: 16, total: 0, pass: 0, drop: 0","level":"stat"}
{"@timestamp":"2025-02-16T11:19:12.230+08:00","caller":"stat/usage.go:61","content":"CPU: 16m, MEMORY: Alloc=12.2Mi, TotalAlloc=2722.5Mi, Sys=30.8Mi, NumGC=463","level":"stat"}
{"@timestamp":"2025-02-16T11:19:12.285+08:00","caller":"load/sheddingstat.go:61","content":"(rpc) shedding_stat [1m], cpu: 16, total: 0, pass: 0, drop: 0","level":"stat"}
{"@timestamp":"2025-02-16T11:20:12.230+08:00","caller":"stat/usage.go:61","content":"CPU: 16m, MEMORY: Alloc=11.5Mi, TotalAlloc=2728.8Mi, Sys=30.8Mi, NumGC=464","level":"stat"}
{"@timestamp":"2025-02-16T11:20:12.286+08:00","caller":"load/sheddingstat.go:61","content":"(rpc) shedding_stat [1m], cpu: 16, total: 0, pass: 0, drop: 0","level":"stat"}
{"@timestamp":"2025-02-16T11:21:12.230+08:00","caller":"stat/usage.go:61","content":"CPU: 17m, MEMORY: Alloc=11.6Mi, TotalAlloc=2735.1Mi, Sys=30.8Mi, NumGC=465","level":"stat"}
{"@timestamp":"2025-02-16T11:21:12.286+08:00","caller":"load/sheddingstat.go:61","content":"(rpc) shedding_stat [1m], cpu: 17, total: 0, pass: 0, drop: 0","level":"stat"}
{"@timestamp":"2025-02-16T11:22:12.230+08:00","caller":"stat/usage.go:61","content":"CPU: 14m, MEMORY: Alloc=9.9Mi, TotalAlloc=2740.6Mi, Sys=30.8Mi, NumGC=466","level":"stat"}
{"@timestamp":"2025-02-16T11:22:12.285+08:00","caller":"load/sheddingstat.go:61","content":"(rpc) shedding_stat [1m], cpu: 14, total: 0, pass: 0, drop: 0","level":"stat"}
{"@timestamp":"2025-02-16T11:23:12.230+08:00","caller":"stat/usage.go:61","content":"CPU: 16m, MEMORY: Alloc=10.6Mi, TotalAlloc=2746.1Mi, Sys=30.8Mi, NumGC=467","level":"stat"}
{"@timestamp":"2025-02-16T11:23:12.285+08:00","caller":"load/sheddingstat.go:61","content":"(rpc) shedding_stat [1m], cpu: 16, total: 0, pass: 0, drop: 0","level":"stat"}
{"@timestamp":"2025-02-16T11:24:12.229+08:00","caller":"stat/usage.go:61","content":"CPU: 17m, MEMORY: Alloc=8.1Mi, TotalAlloc=2750.7Mi, Sys=30.8Mi, NumGC=468","level":"stat"}
{"@timestamp":"2025-02-16T11:24:12.286+08:00","caller":"load/sheddingstat.go:61","content":"(rpc) shedding_stat [1m], cpu: 17, total: 0, pass: 0, drop: 0","level":"stat"}
{"@timestamp":"2025-02-16T11:25:12.230+08:00","caller":"stat/usage.go:61","content":"CPU: 15m, MEMORY: Alloc=8.4Mi, TotalAlloc=2756.2Mi, Sys=30.8Mi, NumGC=469","level":"stat"}
{"@timestamp":"2025-02-16T11:25:12.285+08:00","caller":"load/sheddingstat.go:61","content":"(rpc) shedding_stat [1m], cpu: 15, total: 0, pass: 0, drop: 0","level":"stat"}
{"@timestamp":"2025-02-16T11:26:12.230+08:00","caller":"stat/usage.go:61","content":"CPU: 17m, MEMORY: Alloc=8.3Mi, TotalAlloc=2760.9Mi, Sys=30.8Mi, NumGC=470","level":"stat"}
{"@timestamp":"2025-02-16T11:26:12.285+08:00","caller":"load/sheddingstat.go:61","content":"(rpc) shedding_stat [1m], cpu: 17, total: 0, pass: 0, drop: 0","level":"stat"}
{"@timestamp":"2025-02-16T11:27:12.229+08:00","caller":"stat/usage.go:61","content":"CPU: 15m, MEMORY: Alloc=10.2Mi, TotalAlloc=2768.8Mi, Sys=30.8Mi, NumGC=471","level":"stat"}
{"@timestamp":"2025-02-16T11:27:12.285+08:00","caller":"load/sheddingstat.go:61","content":"(rpc) shedding_stat [1m], cpu: 15, total: 0, pass: 0, drop: 0","level":"stat"}
{"@timestamp":"2025-02-16T11:28:12.230+08:00","caller":"stat/usage.go:61","content":"CPU: 16m, MEMORY: Alloc=9.6Mi, TotalAlloc=2774.4Mi, Sys=30.8Mi, NumGC=472","level":"stat"}
{"@timestamp":"2025-02-16T11:28:12.285+08:00","caller":"load/sheddingstat.go:61","content":"(rpc) shedding_stat [1m], cpu: 16, total: 0, pass: 0, drop: 0","level":"stat"}
{"@timestamp":"2025-02-16T11:29:12.230+08:00","caller":"stat/usage.go:61","content":"CPU: 16m, MEMORY: Alloc=8.6Mi, TotalAlloc=2779.9Mi, Sys=30.8Mi, NumGC=473","level":"stat"}
{"@timestamp":"2025-02-16T11:29:12.285+08:00","caller":"load/sheddingstat.go:61","content":"(rpc) shedding_stat [1m], cpu: 16, total: 0, pass: 0, drop: 0","level":"stat"}
{"@timestamp":"2025-02-16T11:30:12.230+08:00","caller":"stat/usage.go:61","content":"CPU: 20m, MEMORY: Alloc=9.7Mi, TotalAlloc=2786.2Mi, Sys=30.8Mi, NumGC=474","level":"stat"}
{"@timestamp":"2025-02-16T11:30:12.285+08:00","caller":"load/sheddingstat.go:61","content":"(rpc) shedding_stat [1m], cpu: 20, total: 0, pass: 0, drop: 0","level":"stat"}
{"@timestamp":"2025-02-16T11:31:12.230+08:00","caller":"stat/usage.go:61","content":"CPU: 19m, MEMORY: Alloc=8.0Mi, TotalAlloc=2791.7Mi, Sys=30.8Mi, NumGC=475","level":"stat"}
{"@timestamp":"2025-02-16T11:31:12.286+08:00","caller":"load/sheddingstat.go:61","content":"(rpc) shedding_stat [1m], cpu: 19, total: 0, pass: 0, drop: 0","level":"stat"}
{"@timestamp":"2025-02-16T11:32:12.230+08:00","caller":"stat/usage.go:61","content":"CPU: 15m, MEMORY: Alloc=12.7Mi, TotalAlloc=2796.3Mi, Sys=30.8Mi, NumGC=475","level":"stat"}
{"@timestamp":"2025-02-16T11:32:12.286+08:00","caller":"load/sheddingstat.go:61","content":"(rpc) shedding_stat [1m], cpu: 15, total: 0, pass: 0, drop: 0","level":"stat"}
{"@timestamp":"2025-02-16T11:33:12.230+08:00","caller":"stat/usage.go:61","content":"CPU: 17m, MEMORY: Alloc=10.4Mi, TotalAlloc=2801.8Mi, Sys=30.8Mi, NumGC=476","level":"stat"}
{"@timestamp":"2025-02-16T11:33:12.285+08:00","caller":"load/sheddingstat.go:61","content":"(rpc) shedding_stat [1m], cpu: 17, total: 0, pass: 0, drop: 0","level":"stat"}
{"@timestamp":"2025-02-16T11:34:12.230+08:00","caller":"stat/usage.go:61","content":"CPU: 16m, MEMORY: Alloc=11.1Mi, TotalAlloc=2808.1Mi, Sys=30.8Mi, NumGC=477","level":"stat"}
{"@timestamp":"2025-02-16T11:34:12.286+08:00","caller":"load/sheddingstat.go:61","content":"(rpc) shedding_stat [1m], cpu: 16, total: 0, pass: 0, drop: 0","level":"stat"}
{"@timestamp":"2025-02-16T11:35:12.230+08:00","caller":"stat/usage.go:61","content":"CPU: 17m, MEMORY: Alloc=8.6Mi, TotalAlloc=2813.6Mi, Sys=30.8Mi, NumGC=478","level":"stat"}
{"@timestamp":"2025-02-16T11:35:12.286+08:00","caller":"load/sheddingstat.go:61","content":"(rpc) shedding_stat [1m], cpu: 17, total: 0, pass: 0, drop: 0","level":"stat"}
{"@timestamp":"2025-02-16T11:36:12.230+08:00","caller":"stat/usage.go:61","content":"CPU: 17m, MEMORY: Alloc=7.1Mi, TotalAlloc=2819.0Mi, Sys=30.8Mi, NumGC=479","level":"stat"}
{"@timestamp":"2025-02-16T11:36:12.285+08:00","caller":"load/sheddingstat.go:61","content":"(rpc) shedding_stat [1m], cpu: 17, total: 0, pass: 0, drop: 0","level":"stat"}
{"@timestamp":"2025-02-16T11:37:12.230+08:00","caller":"stat/usage.go:61","content":"CPU: 16m, MEMORY: Alloc=7.4Mi, TotalAlloc=2824.6Mi, Sys=30.8Mi, NumGC=480","level":"stat"}
{"@timestamp":"2025-02-16T11:37:12.286+08:00","caller":"load/sheddingstat.go:61","content":"(rpc) shedding_stat [1m], cpu: 16, total: 0, pass: 0, drop: 0","level":"stat"}
{"@timestamp":"2025-02-16T11:38:12.229+08:00","caller":"stat/usage.go:61","content":"CPU: 15m, MEMORY: Alloc=8.2Mi, TotalAlloc=2830.9Mi, Sys=30.8Mi, NumGC=481","level":"stat"}
{"@timestamp":"2025-02-16T11:38:12.286+08:00","caller":"load/sheddingstat.go:61","content":"(rpc) shedding_stat [1m], cpu: 15, total: 0, pass: 0, drop: 0","level":"stat"}
{"@timestamp":"2025-02-16T11:39:12.230+08:00","caller":"stat/usage.go:61","content":"CPU: 17m, MEMORY: Alloc=10.3Mi, TotalAlloc=2838.0Mi, Sys=30.8Mi, NumGC=482","level":"stat"}
{"@timestamp":"2025-02-16T11:39:12.286+08:00","caller":"load/sheddingstat.go:61","content":"(rpc) shedding_stat [1m], cpu: 17, total: 0, pass: 0, drop: 0","level":"stat"}
{"@timestamp":"2025-02-16T11:40:12.230+08:00","caller":"stat/usage.go:61","content":"CPU: 17m, MEMORY: Alloc=9.5Mi, TotalAlloc=2843.4Mi, Sys=30.8Mi, NumGC=483","level":"stat"}
{"@timestamp":"2025-02-16T11:40:12.286+08:00","caller":"load/sheddingstat.go:61","content":"(rpc) shedding_stat [1m], cpu: 17, total: 0, pass: 0, drop: 0","level":"stat"}
{"@timestamp":"2025-02-16T11:41:12.230+08:00","caller":"stat/usage.go:61","content":"CPU: 16m, MEMORY: Alloc=9.6Mi, TotalAlloc=2848.9Mi, Sys=30.8Mi, NumGC=484","level":"stat"}
{"@timestamp":"2025-02-16T11:41:12.286+08:00","caller":"load/sheddingstat.go:61","content":"(rpc) shedding_stat [1m], cpu: 16, total: 0, pass: 0, drop: 0","level":"stat"}
{"@timestamp":"2025-02-16T11:42:12.230+08:00","caller":"stat/usage.go:61","content":"CPU: 16m, MEMORY: Alloc=9.2Mi, TotalAlloc=2855.2Mi, Sys=30.8Mi, NumGC=485","level":"stat"}
{"@timestamp":"2025-02-16T11:42:12.286+08:00","caller":"load/sheddingstat.go:61","content":"(rpc) shedding_stat [1m], cpu: 16, total: 0, pass: 0, drop: 0","level":"stat"}
{"@timestamp":"2025-02-16T11:43:12.230+08:00","caller":"stat/usage.go:61","content":"CPU: 22m, MEMORY: Alloc=13.8Mi, TotalAlloc=2859.8Mi, Sys=30.8Mi, NumGC=485","level":"stat"}
{"@timestamp":"2025-02-16T11:43:12.285+08:00","caller":"load/sheddingstat.go:61","content":"(rpc) shedding_stat [1m], cpu: 22, total: 0, pass: 0, drop: 0","level":"stat"}
{"@timestamp":"2025-02-16T11:44:12.230+08:00","caller":"stat/usage.go:61","content":"CPU: 18m, MEMORY: Alloc=11.5Mi, TotalAlloc=2865.3Mi, Sys=30.8Mi, NumGC=486","level":"stat"}
{"@timestamp":"2025-02-16T11:44:12.286+08:00","caller":"load/sheddingstat.go:61","content":"(rpc) shedding_stat [1m], cpu: 18, total: 0, pass: 0, drop: 0","level":"stat"}
{"@timestamp":"2025-02-16T11:45:12.230+08:00","caller":"stat/usage.go:61","content":"CPU: 17m, MEMORY: Alloc=9.2Mi, TotalAlloc=2870.7Mi, Sys=30.8Mi, NumGC=487","level":"stat"}
{"@timestamp":"2025-02-16T11:45:12.286+08:00","caller":"load/sheddingstat.go:61","content":"(rpc) shedding_stat [1m], cpu: 17, total: 0, pass: 0, drop: 0","level":"stat"}
{"@timestamp":"2025-02-16T11:46:12.231+08:00","caller":"stat/usage.go:61","content":"CPU: 17m, MEMORY: Alloc=8.2Mi, TotalAlloc=2877.1Mi, Sys=30.8Mi, NumGC=488","level":"stat"}
{"@timestamp":"2025-02-16T11:46:12.285+08:00","caller":"load/sheddingstat.go:61","content":"(rpc) shedding_stat [1m], cpu: 17, total: 0, pass: 0, drop: 0","level":"stat"}
{"@timestamp":"2025-02-16T11:47:12.230+08:00","caller":"stat/usage.go:61","content":"CPU: 18m, MEMORY: Alloc=6.4Mi, TotalAlloc=2882.6Mi, Sys=30.8Mi, NumGC=489","level":"stat"}
{"@timestamp":"2025-02-16T11:47:12.286+08:00","caller":"load/sheddingstat.go:61","content":"(rpc) shedding_stat [1m], cpu: 18, total: 0, pass: 0, drop: 0","level":"stat"}
{"@timestamp":"2025-02-16T11:48:12.229+08:00","caller":"stat/usage.go:61","content":"CPU: 17m, MEMORY: Alloc=6.7Mi, TotalAlloc=2888.1Mi, Sys=30.8Mi, NumGC=490","level":"stat"}
{"@timestamp":"2025-02-16T11:48:12.286+08:00","caller":"load/sheddingstat.go:61","content":"(rpc) shedding_stat [1m], cpu: 17, total: 0, pass: 0, drop: 0","level":"stat"}
{"@timestamp":"2025-02-16T11:49:12.231+08:00","caller":"stat/usage.go:61","content":"CPU: 17m, MEMORY: Alloc=7.1Mi, TotalAlloc=2893.6Mi, Sys=30.8Mi, NumGC=491","level":"stat"}
{"@timestamp":"2025-02-16T11:49:12.285+08:00","caller":"load/sheddingstat.go:61","content":"(rpc) shedding_stat [1m], cpu: 17, total: 0, pass: 0, drop: 0","level":"stat"}
{"@timestamp":"2025-02-16T11:50:12.230+08:00","caller":"stat/usage.go:61","content":"CPU: 17m, MEMORY: Alloc=6.5Mi, TotalAlloc=2898.3Mi, Sys=30.8Mi, NumGC=492","level":"stat"}
{"@timestamp":"2025-02-16T11:50:12.286+08:00","caller":"load/sheddingstat.go:61","content":"(rpc) shedding_stat [1m], cpu: 17, total: 0, pass: 0, drop: 0","level":"stat"}
{"@timestamp":"2025-02-16T11:51:12.229+08:00","caller":"stat/usage.go:61","content":"CPU: 17m, MEMORY: Alloc=8.0Mi, TotalAlloc=2904.6Mi, Sys=30.8Mi, NumGC=493","level":"stat"}
{"@timestamp":"2025-02-16T11:51:12.285+08:00","caller":"load/sheddingstat.go:61","content":"(rpc) shedding_stat [1m], cpu: 17, total: 0, pass: 0, drop: 0","level":"stat"}
{"@timestamp":"2025-02-16T11:52:12.231+08:00","caller":"stat/usage.go:61","content":"CPU: 16m, MEMORY: Alloc=6.8Mi, TotalAlloc=2909.3Mi, Sys=30.8Mi, NumGC=494","level":"stat"}
{"@timestamp":"2025-02-16T11:52:12.286+08:00","caller":"load/sheddingstat.go:61","content":"(rpc) shedding_stat [1m], cpu: 16, total: 0, pass: 0, drop: 0","level":"stat"}
{"@timestamp":"2025-02-16T11:53:12.230+08:00","caller":"stat/usage.go:61","content":"CPU: 15m, MEMORY: Alloc=12.3Mi, TotalAlloc=2914.8Mi, Sys=30.8Mi, NumGC=494","level":"stat"}
{"@timestamp":"2025-02-16T11:53:12.286+08:00","caller":"load/sheddingstat.go:61","content":"(rpc) shedding_stat [1m], cpu: 15, total: 0, pass: 0, drop: 0","level":"stat"}
{"@timestamp":"2025-02-16T11:54:12.230+08:00","caller":"stat/usage.go:61","content":"CPU: 16m, MEMORY: Alloc=11.5Mi, TotalAlloc=2920.3Mi, Sys=30.8Mi, NumGC=495","level":"stat"}
{"@timestamp":"2025-02-16T11:54:12.285+08:00","caller":"load/sheddingstat.go:61","content":"(rpc) shedding_stat [1m], cpu: 16, total: 0, pass: 0, drop: 0","level":"stat"}
{"@timestamp":"2025-02-16T11:55:12.230+08:00","caller":"stat/usage.go:61","content":"CPU: 15m, MEMORY: Alloc=8.5Mi, TotalAlloc=2925.0Mi, Sys=30.8Mi, NumGC=496","level":"stat"}
{"@timestamp":"2025-02-16T11:55:12.286+08:00","caller":"load/sheddingstat.go:61","content":"(rpc) shedding_stat [1m], cpu: 15, total: 0, pass: 0, drop: 0","level":"stat"}
{"@timestamp":"2025-02-16T11:56:12.230+08:00","caller":"stat/usage.go:61","content":"CPU: 20m, MEMORY: Alloc=9.7Mi, TotalAlloc=2931.3Mi, Sys=30.8Mi, NumGC=497","level":"stat"}
{"@timestamp":"2025-02-16T11:56:12.286+08:00","caller":"load/sheddingstat.go:61","content":"(rpc) shedding_stat [1m], cpu: 20, total: 0, pass: 0, drop: 0","level":"stat"}
{"@timestamp":"2025-02-16T11:57:12.230+08:00","caller":"stat/usage.go:61","content":"CPU: 17m, MEMORY: Alloc=9.2Mi, TotalAlloc=2938.5Mi, Sys=30.8Mi, NumGC=498","level":"stat"}
{"@timestamp":"2025-02-16T11:57:12.285+08:00","caller":"load/sheddingstat.go:61","content":"(rpc) shedding_stat [1m], cpu: 17, total: 0, pass: 0, drop: 0","level":"stat"}
{"@timestamp":"2025-02-16T11:58:12.230+08:00","caller":"stat/usage.go:61","content":"CPU: 17m, MEMORY: Alloc=9.5Mi, TotalAlloc=2944.8Mi, Sys=30.8Mi, NumGC=499","level":"stat"}
{"@timestamp":"2025-02-16T11:58:12.285+08:00","caller":"load/sheddingstat.go:61","content":"(rpc) shedding_stat [1m], cpu: 17, total: 0, pass: 0, drop: 0","level":"stat"}
{"@timestamp":"2025-02-16T11:59:12.230+08:00","caller":"stat/usage.go:61","content":"CPU: 19m, MEMORY: Alloc=9.9Mi, TotalAlloc=2951.9Mi, Sys=30.8Mi, NumGC=500","level":"stat"}
{"@timestamp":"2025-02-16T11:59:12.285+08:00","caller":"load/sheddingstat.go:61","content":"(rpc) shedding_stat [1m], cpu: 19, total: 0, pass: 0, drop: 0","level":"stat"}
{"@timestamp":"2025-02-16T12:00:12.229+08:00","caller":"stat/usage.go:61","content":"CPU: 17m, MEMORY: Alloc=6.9Mi, TotalAlloc=2959.1Mi, Sys=30.8Mi, NumGC=502","level":"stat"}
{"@timestamp":"2025-02-16T12:00:12.285+08:00","caller":"load/sheddingstat.go:61","content":"(rpc) shedding_stat [1m], cpu: 17, total: 0, pass: 0, drop: 0","level":"stat"}
{"@timestamp":"2025-02-16T12:01:12.230+08:00","caller":"stat/usage.go:61","content":"CPU: 16m, MEMORY: Alloc=12.4Mi, TotalAlloc=2964.6Mi, Sys=30.8Mi, NumGC=502","level":"stat"}
{"@timestamp":"2025-02-16T12:01:12.286+08:00","caller":"load/sheddingstat.go:61","content":"(rpc) shedding_stat [1m], cpu: 16, total: 0, pass: 0, drop: 0","level":"stat"}
{"@timestamp":"2025-02-16T12:02:12.230+08:00","caller":"stat/usage.go:61","content":"CPU: 16m, MEMORY: Alloc=13.2Mi, TotalAlloc=2971.7Mi, Sys=30.8Mi, NumGC=503","level":"stat"}
{"@timestamp":"2025-02-16T12:02:12.285+08:00","caller":"load/sheddingstat.go:61","content":"(rpc) shedding_stat [1m], cpu: 16, total: 0, pass: 0, drop: 0","level":"stat"}
{"@timestamp":"2025-02-16T12:03:12.230+08:00","caller":"stat/usage.go:61","content":"CPU: 16m, MEMORY: Alloc=10.1Mi, TotalAlloc=2976.4Mi, Sys=30.8Mi, NumGC=504","level":"stat"}
{"@timestamp":"2025-02-16T12:03:12.286+08:00","caller":"load/sheddingstat.go:61","content":"(rpc) shedding_stat [1m], cpu: 16, total: 0, pass: 0, drop: 0","level":"stat"}
{"@timestamp":"2025-02-16T12:04:12.229+08:00","caller":"stat/usage.go:61","content":"CPU: 15m, MEMORY: Alloc=11.9Mi, TotalAlloc=2984.3Mi, Sys=30.8Mi, NumGC=505","level":"stat"}
{"@timestamp":"2025-02-16T12:04:12.285+08:00","caller":"load/sheddingstat.go:61","content":"(rpc) shedding_stat [1m], cpu: 15, total: 0, pass: 0, drop: 0","level":"stat"}
{"@timestamp":"2025-02-16T12:05:12.230+08:00","caller":"stat/usage.go:61","content":"CPU: 17m, MEMORY: Alloc=9.0Mi, TotalAlloc=2989.0Mi, Sys=30.8Mi, NumGC=506","level":"stat"}
{"@timestamp":"2025-02-16T12:05:12.286+08:00","caller":"load/sheddingstat.go:61","content":"(rpc) shedding_stat [1m], cpu: 17, total: 0, pass: 0, drop: 0","level":"stat"}
{"@timestamp":"2025-02-16T12:06:12.230+08:00","caller":"stat/usage.go:61","content":"CPU: 16m, MEMORY: Alloc=9.1Mi, TotalAlloc=2995.3Mi, Sys=30.8Mi, NumGC=507","level":"stat"}
{"@timestamp":"2025-02-16T12:06:12.286+08:00","caller":"load/sheddingstat.go:61","content":"(rpc) shedding_stat [1m], cpu: 16, total: 0, pass: 0, drop: 0","level":"stat"}
{"@timestamp":"2025-02-16T12:07:12.230+08:00","caller":"stat/usage.go:61","content":"CPU: 18m, MEMORY: Alloc=8.3Mi, TotalAlloc=3001.6Mi, Sys=30.8Mi, NumGC=508","level":"stat"}
{"@timestamp":"2025-02-16T12:07:12.286+08:00","caller":"load/sheddingstat.go:61","content":"(rpc) shedding_stat [1m], cpu: 18, total: 0, pass: 0, drop: 0","level":"stat"}
{"@timestamp":"2025-02-16T12:08:12.230+08:00","caller":"stat/usage.go:61","content":"CPU: 17m, MEMORY: Alloc=9.0Mi, TotalAlloc=3007.1Mi, Sys=30.8Mi, NumGC=509","level":"stat"}
{"@timestamp":"2025-02-16T12:08:12.286+08:00","caller":"load/sheddingstat.go:61","content":"(rpc) shedding_stat [1m], cpu: 17, total: 0, pass: 0, drop: 0","level":"stat"}
{"@timestamp":"2025-02-16T12:09:12.230+08:00","caller":"stat/usage.go:61","content":"CPU: 21m, MEMORY: Alloc=6.6Mi, TotalAlloc=3011.7Mi, Sys=30.8Mi, NumGC=510","level":"stat"}
{"@timestamp":"2025-02-16T12:09:12.286+08:00","caller":"load/sheddingstat.go:61","content":"(rpc) shedding_stat [1m], cpu: 21, total: 0, pass: 0, drop: 0","level":"stat"}
{"@timestamp":"2025-02-16T12:10:12.230+08:00","caller":"stat/usage.go:61","content":"CPU: 16m, MEMORY: Alloc=7.2Mi, TotalAlloc=3017.2Mi, Sys=30.8Mi, NumGC=511","level":"stat"}
{"@timestamp":"2025-02-16T12:10:12.285+08:00","caller":"load/sheddingstat.go:61","content":"(rpc) shedding_stat [1m], cpu: 16, total: 0, pass: 0, drop: 0","level":"stat"}
{"@timestamp":"2025-02-16T12:11:12.230+08:00","caller":"stat/usage.go:61","content":"CPU: 17m, MEMORY: Alloc=8.7Mi, TotalAlloc=3024.3Mi, Sys=30.8Mi, NumGC=512","level":"stat"}
{"@timestamp":"2025-02-16T12:11:12.286+08:00","caller":"load/sheddingstat.go:61","content":"(rpc) shedding_stat [1m], cpu: 17, total: 0, pass: 0, drop: 0","level":"stat"}
{"@timestamp":"2025-02-16T12:12:12.230+08:00","caller":"stat/usage.go:61","content":"CPU: 17m, MEMORY: Alloc=9.5Mi, TotalAlloc=3031.5Mi, Sys=30.8Mi, NumGC=513","level":"stat"}
{"@timestamp":"2025-02-16T12:12:12.286+08:00","caller":"load/sheddingstat.go:61","content":"(rpc) shedding_stat [1m], cpu: 17, total: 0, pass: 0, drop: 0","level":"stat"}
{"@timestamp":"2025-02-16T12:13:12.230+08:00","caller":"stat/usage.go:61","content":"CPU: 16m, MEMORY: Alloc=7.9Mi, TotalAlloc=3037.0Mi, Sys=30.8Mi, NumGC=514","level":"stat"}
{"@timestamp":"2025-02-16T12:13:12.285+08:00","caller":"load/sheddingstat.go:61","content":"(rpc) shedding_stat [1m], cpu: 16, total: 0, pass: 0, drop: 0","level":"stat"}
{"@timestamp":"2025-02-16T12:14:12.230+08:00","caller":"stat/usage.go:61","content":"CPU: 17m, MEMORY: Alloc=10.3Mi, TotalAlloc=3044.1Mi, Sys=30.8Mi, NumGC=515","level":"stat"}
{"@timestamp":"2025-02-16T12:14:12.285+08:00","caller":"load/sheddingstat.go:61","content":"(rpc) shedding_stat [1m], cpu: 17, total: 0, pass: 0, drop: 0","level":"stat"}
{"@timestamp":"2025-02-16T12:15:12.230+08:00","caller":"stat/usage.go:61","content":"CPU: 18m, MEMORY: Alloc=7.9Mi, TotalAlloc=3048.7Mi, Sys=30.8Mi, NumGC=516","level":"stat"}
{"@timestamp":"2025-02-16T12:15:12.286+08:00","caller":"load/sheddingstat.go:61","content":"(rpc) shedding_stat [1m], cpu: 18, total: 0, pass: 0, drop: 0","level":"stat"}
{"@timestamp":"2025-02-16T12:16:12.230+08:00","caller":"stat/usage.go:61","content":"CPU: 16m, MEMORY: Alloc=8.6Mi, TotalAlloc=3055.0Mi, Sys=30.8Mi, NumGC=517","level":"stat"}
{"@timestamp":"2025-02-16T12:16:12.286+08:00","caller":"load/sheddingstat.go:61","content":"(rpc) shedding_stat [1m], cpu: 16, total: 0, pass: 0, drop: 0","level":"stat"}
{"@timestamp":"2025-02-16T12:17:12.230+08:00","caller":"stat/usage.go:61","content":"CPU: 18m, MEMORY: Alloc=10.4Mi, TotalAlloc=3061.4Mi, Sys=30.8Mi, NumGC=518","level":"stat"}
{"@timestamp":"2025-02-16T12:17:12.286+08:00","caller":"load/sheddingstat.go:61","content":"(rpc) shedding_stat [1m], cpu: 18, total: 0, pass: 0, drop: 0","level":"stat"}
{"@timestamp":"2025-02-16T12:18:12.230+08:00","caller":"stat/usage.go:61","content":"CPU: 71m, MEMORY: Alloc=9.6Mi, TotalAlloc=3067.0Mi, Sys=30.8Mi, NumGC=519","level":"stat"}
{"@timestamp":"2025-02-16T12:18:12.286+08:00","caller":"load/sheddingstat.go:61","content":"(rpc) shedding_stat [1m], cpu: 71, total: 0, pass: 0, drop: 0","level":"stat"}
{"@timestamp":"2025-02-16T12:19:12.229+08:00","caller":"stat/usage.go:61","content":"CPU: 18m, MEMORY: Alloc=7.8Mi, TotalAlloc=3072.5Mi, Sys=30.8Mi, NumGC=520","level":"stat"}
{"@timestamp":"2025-02-16T12:19:12.286+08:00","caller":"load/sheddingstat.go:61","content":"(rpc) shedding_stat [1m], cpu: 18, total: 0, pass: 0, drop: 0","level":"stat"}
{"@timestamp":"2025-02-16T12:20:12.230+08:00","caller":"stat/usage.go:61","content":"CPU: 20m, MEMORY: Alloc=8.5Mi, TotalAlloc=3078.0Mi, Sys=30.8Mi, NumGC=521","level":"stat"}
{"@timestamp":"2025-02-16T12:20:12.285+08:00","caller":"load/sheddingstat.go:61","content":"(rpc) shedding_stat [1m], cpu: 20, total: 0, pass: 0, drop: 0","level":"stat"}
{"@timestamp":"2025-02-16T12:21:12.229+08:00","caller":"stat/usage.go:61","content":"CPU: 20m, MEMORY: Alloc=8.5Mi, TotalAlloc=3084.3Mi, Sys=30.8Mi, NumGC=522","level":"stat"}
{"@timestamp":"2025-02-16T12:21:12.285+08:00","caller":"load/sheddingstat.go:61","content":"(rpc) shedding_stat [1m], cpu: 20, total: 0, pass: 0, drop: 0","level":"stat"}
{"@timestamp":"2025-02-16T12:22:12.230+08:00","caller":"stat/usage.go:61","content":"CPU: 19m, MEMORY: Alloc=8.7Mi, TotalAlloc=3090.6Mi, Sys=30.8Mi, NumGC=523","level":"stat"}
{"@timestamp":"2025-02-16T12:22:12.286+08:00","caller":"load/sheddingstat.go:61","content":"(rpc) shedding_stat [1m], cpu: 19, total: 0, pass: 0, drop: 0","level":"stat"}
{"@timestamp":"2025-02-16T12:23:12.229+08:00","caller":"stat/usage.go:61","content":"CPU: 20m, MEMORY: Alloc=7.3Mi, TotalAlloc=3096.0Mi, Sys=30.8Mi, NumGC=524","level":"stat"}
{"@timestamp":"2025-02-16T12:23:12.286+08:00","caller":"load/sheddingstat.go:61","content":"(rpc) shedding_stat [1m], cpu: 20, total: 0, pass: 0, drop: 0","level":"stat"}
{"@timestamp":"2025-02-16T12:24:12.230+08:00","caller":"stat/usage.go:61","content":"CPU: 17m, MEMORY: Alloc=8.8Mi, TotalAlloc=3102.3Mi, Sys=30.8Mi, NumGC=525","level":"stat"}
{"@timestamp":"2025-02-16T12:24:12.286+08:00","caller":"load/sheddingstat.go:61","content":"(rpc) shedding_stat [1m], cpu: 17, total: 0, pass: 0, drop: 0","level":"stat"}
{"@timestamp":"2025-02-16T12:25:12.231+08:00","caller":"stat/usage.go:61","content":"CPU: 18m, MEMORY: Alloc=8.2Mi, TotalAlloc=3107.7Mi, Sys=30.8Mi, NumGC=526","level":"stat"}
{"@timestamp":"2025-02-16T12:25:12.286+08:00","caller":"load/sheddingstat.go:61","content":"(rpc) shedding_stat [1m], cpu: 18, total: 0, pass: 0, drop: 0","level":"stat"}
{"@timestamp":"2025-02-16T12:26:12.229+08:00","caller":"stat/usage.go:61","content":"CPU: 20m, MEMORY: Alloc=8.4Mi, TotalAlloc=3114.0Mi, Sys=30.8Mi, NumGC=527","level":"stat"}
{"@timestamp":"2025-02-16T12:26:12.285+08:00","caller":"load/sheddingstat.go:61","content":"(rpc) shedding_stat [1m], cpu: 20, total: 0, pass: 0, drop: 0","level":"stat"}
{"@timestamp":"2025-02-16T12:27:12.230+08:00","caller":"stat/usage.go:61","content":"CPU: 17m, MEMORY: Alloc=10.8Mi, TotalAlloc=3121.9Mi, Sys=30.8Mi, NumGC=528","level":"stat"}
{"@timestamp":"2025-02-16T12:27:12.286+08:00","caller":"load/sheddingstat.go:61","content":"(rpc) shedding_stat [1m], cpu: 17, total: 0, pass: 0, drop: 0","level":"stat"}
{"@timestamp":"2025-02-16T12:28:12.230+08:00","caller":"stat/usage.go:61","content":"CPU: 16m, MEMORY: Alloc=8.3Mi, TotalAlloc=3127.4Mi, Sys=30.8Mi, NumGC=529","level":"stat"}
{"@timestamp":"2025-02-16T12:28:12.286+08:00","caller":"load/sheddingstat.go:61","content":"(rpc) shedding_stat [1m], cpu: 16, total: 0, pass: 0, drop: 0","level":"stat"}
{"@timestamp":"2025-02-16T12:29:12.230+08:00","caller":"stat/usage.go:61","content":"CPU: 17m, MEMORY: Alloc=9.3Mi, TotalAlloc=3134.5Mi, Sys=30.8Mi, NumGC=530","level":"stat"}
{"@timestamp":"2025-02-16T12:29:12.285+08:00","caller":"load/sheddingstat.go:61","content":"(rpc) shedding_stat [1m], cpu: 17, total: 0, pass: 0, drop: 0","level":"stat"}
{"@timestamp":"2025-02-16T12:30:12.229+08:00","caller":"stat/usage.go:61","content":"CPU: 16m, MEMORY: Alloc=10.0Mi, TotalAlloc=3141.5Mi, Sys=30.8Mi, NumGC=531","level":"stat"}
{"@timestamp":"2025-02-16T12:30:12.286+08:00","caller":"load/sheddingstat.go:61","content":"(rpc) shedding_stat [1m], cpu: 16, total: 0, pass: 0, drop: 0","level":"stat"}
{"@timestamp":"2025-02-16T12:31:12.230+08:00","caller":"stat/usage.go:61","content":"CPU: 20m, MEMORY: Alloc=9.2Mi, TotalAlloc=3147.8Mi, Sys=30.8Mi, NumGC=532","level":"stat"}
{"@timestamp":"2025-02-16T12:31:12.285+08:00","caller":"load/sheddingstat.go:61","content":"(rpc) shedding_stat [1m], cpu: 20, total: 0, pass: 0, drop: 0","level":"stat"}
{"@timestamp":"2025-02-16T12:32:12.230+08:00","caller":"stat/usage.go:61","content":"CPU: 17m, MEMORY: Alloc=9.7Mi, TotalAlloc=3154.1Mi, Sys=30.8Mi, NumGC=533","level":"stat"}
{"@timestamp":"2025-02-16T12:32:12.286+08:00","caller":"load/sheddingstat.go:61","content":"(rpc) shedding_stat [1m], cpu: 17, total: 0, pass: 0, drop: 0","level":"stat"}
{"@timestamp":"2025-02-16T12:33:12.229+08:00","caller":"stat/usage.go:61","content":"CPU: 21m, MEMORY: Alloc=11.2Mi, TotalAlloc=3160.4Mi, Sys=30.8Mi, NumGC=534","level":"stat"}
{"@timestamp":"2025-02-16T12:33:12.285+08:00","caller":"load/sheddingstat.go:61","content":"(rpc) shedding_stat [1m], cpu: 21, total: 0, pass: 0, drop: 0","level":"stat"}
{"@timestamp":"2025-02-16T12:34:12.230+08:00","caller":"stat/usage.go:61","content":"CPU: 17m, MEMORY: Alloc=11.0Mi, TotalAlloc=3166.7Mi, Sys=30.8Mi, NumGC=535","level":"stat"}
{"@timestamp":"2025-02-16T12:34:12.286+08:00","caller":"load/sheddingstat.go:61","content":"(rpc) shedding_stat [1m], cpu: 17, total: 0, pass: 0, drop: 0","level":"stat"}
{"@timestamp":"2025-02-16T12:35:12.230+08:00","caller":"stat/usage.go:61","content":"CPU: 17m, MEMORY: Alloc=10.0Mi, TotalAlloc=3172.2Mi, Sys=30.8Mi, NumGC=536","level":"stat"}
{"@timestamp":"2025-02-16T12:35:12.286+08:00","caller":"load/sheddingstat.go:61","content":"(rpc) shedding_stat [1m], cpu: 17, total: 0, pass: 0, drop: 0","level":"stat"}
{"@timestamp":"2025-02-16T12:36:12.229+08:00","caller":"stat/usage.go:61","content":"CPU: 14m, MEMORY: Alloc=10.2Mi, TotalAlloc=3178.5Mi, Sys=30.8Mi, NumGC=537","level":"stat"}
{"@timestamp":"2025-02-16T12:36:12.286+08:00","caller":"load/sheddingstat.go:61","content":"(rpc) shedding_stat [1m], cpu: 14, total: 0, pass: 0, drop: 0","level":"stat"}
{"@timestamp":"2025-02-16T12:37:12.230+08:00","caller":"stat/usage.go:61","content":"CPU: 18m, MEMORY: Alloc=9.1Mi, TotalAlloc=3184.0Mi, Sys=30.8Mi, NumGC=538","level":"stat"}
{"@timestamp":"2025-02-16T12:37:12.286+08:00","caller":"load/sheddingstat.go:61","content":"(rpc) shedding_stat [1m], cpu: 18, total: 0, pass: 0, drop: 0","level":"stat"}
{"@timestamp":"2025-02-16T12:38:12.230+08:00","caller":"stat/usage.go:61","content":"CPU: 15m, MEMORY: Alloc=7.8Mi, TotalAlloc=3188.6Mi, Sys=30.8Mi, NumGC=539","level":"stat"}
{"@timestamp":"2025-02-16T12:38:12.286+08:00","caller":"load/sheddingstat.go:61","content":"(rpc) shedding_stat [1m], cpu: 15, total: 0, pass: 0, drop: 0","level":"stat"}
{"@timestamp":"2025-02-16T12:39:12.230+08:00","caller":"stat/usage.go:61","content":"CPU: 16m, MEMORY: Alloc=12.4Mi, TotalAlloc=3193.3Mi, Sys=30.8Mi, NumGC=539","level":"stat"}
{"@timestamp":"2025-02-16T12:39:12.286+08:00","caller":"load/sheddingstat.go:61","content":"(rpc) shedding_stat [1m], cpu: 16, total: 0, pass: 0, drop: 0","level":"stat"}
{"@timestamp":"2025-02-16T12:40:12.230+08:00","caller":"stat/usage.go:61","content":"CPU: 16m, MEMORY: Alloc=11.5Mi, TotalAlloc=3198.8Mi, Sys=30.8Mi, NumGC=540","level":"stat"}
{"@timestamp":"2025-02-16T12:40:12.285+08:00","caller":"load/sheddingstat.go:61","content":"(rpc) shedding_stat [1m], cpu: 16, total: 0, pass: 0, drop: 0","level":"stat"}
{"@timestamp":"2025-02-16T12:41:12.230+08:00","caller":"stat/usage.go:61","content":"CPU: 16m, MEMORY: Alloc=8.7Mi, TotalAlloc=3203.4Mi, Sys=30.8Mi, NumGC=541","level":"stat"}
{"@timestamp":"2025-02-16T12:41:12.285+08:00","caller":"load/sheddingstat.go:61","content":"(rpc) shedding_stat [1m], cpu: 16, total: 0, pass: 0, drop: 0","level":"stat"}
{"@timestamp":"2025-02-16T12:42:12.230+08:00","caller":"stat/usage.go:61","content":"CPU: 17m, MEMORY: Alloc=8.2Mi, TotalAlloc=3208.9Mi, Sys=30.8Mi, NumGC=542","level":"stat"}
{"@timestamp":"2025-02-16T12:42:12.286+08:00","caller":"load/sheddingstat.go:61","content":"(rpc) shedding_stat [1m], cpu: 17, total: 0, pass: 0, drop: 0","level":"stat"}
{"@timestamp":"2025-02-16T12:43:12.230+08:00","caller":"stat/usage.go:61","content":"CPU: 16m, MEMORY: Alloc=8.7Mi, TotalAlloc=3216.0Mi, Sys=30.8Mi, NumGC=543","level":"stat"}
{"@timestamp":"2025-02-16T12:43:12.285+08:00","caller":"load/sheddingstat.go:61","content":"(rpc) shedding_stat [1m], cpu: 16, total: 0, pass: 0, drop: 0","level":"stat"}
{"@timestamp":"2025-02-16T12:44:12.230+08:00","caller":"stat/usage.go:61","content":"CPU: 16m, MEMORY: Alloc=9.7Mi, TotalAlloc=3223.2Mi, Sys=30.8Mi, NumGC=544","level":"stat"}
{"@timestamp":"2025-02-16T12:44:12.286+08:00","caller":"load/sheddingstat.go:61","content":"(rpc) shedding_stat [1m], cpu: 16, total: 0, pass: 0, drop: 0","level":"stat"}
{"@timestamp":"2025-02-16T12:45:12.230+08:00","caller":"stat/usage.go:61","content":"CPU: 17m, MEMORY: Alloc=9.6Mi, TotalAlloc=3229.5Mi, Sys=30.8Mi, NumGC=545","level":"stat"}
{"@timestamp":"2025-02-16T12:45:12.286+08:00","caller":"load/sheddingstat.go:61","content":"(rpc) shedding_stat [1m], cpu: 17, total: 0, pass: 0, drop: 0","level":"stat"}
{"@timestamp":"2025-02-16T12:46:12.230+08:00","caller":"stat/usage.go:61","content":"CPU: 18m, MEMORY: Alloc=10.6Mi, TotalAlloc=3236.6Mi, Sys=30.8Mi, NumGC=546","level":"stat"}
{"@timestamp":"2025-02-16T12:46:12.286+08:00","caller":"load/sheddingstat.go:61","content":"(rpc) shedding_stat [1m], cpu: 18, total: 0, pass: 0, drop: 0","level":"stat"}
{"@timestamp":"2025-02-16T12:47:12.230+08:00","caller":"stat/usage.go:61","content":"CPU: 22m, MEMORY: Alloc=10.4Mi, TotalAlloc=3243.0Mi, Sys=30.8Mi, NumGC=547","level":"stat"}
{"@timestamp":"2025-02-16T12:47:12.286+08:00","caller":"load/sheddingstat.go:61","content":"(rpc) shedding_stat [1m], cpu: 22, total: 0, pass: 0, drop: 0","level":"stat"}
{"@timestamp":"2025-02-16T12:48:12.230+08:00","caller":"stat/usage.go:61","content":"CPU: 24m, MEMORY: Alloc=8.6Mi, TotalAlloc=3248.5Mi, Sys=30.8Mi, NumGC=548","level":"stat"}
{"@timestamp":"2025-02-16T12:48:12.286+08:00","caller":"load/sheddingstat.go:61","content":"(rpc) shedding_stat [1m], cpu: 24, total: 0, pass: 0, drop: 0","level":"stat"}
{"@timestamp":"2025-02-16T12:49:12.231+08:00","caller":"stat/usage.go:61","content":"CPU: 17m, MEMORY: Alloc=11.2Mi, TotalAlloc=3255.6Mi, Sys=30.8Mi, NumGC=549","level":"stat"}
{"@timestamp":"2025-02-16T12:49:12.286+08:00","caller":"load/sheddingstat.go:61","content":"(rpc) shedding_stat [1m], cpu: 17, total: 0, pass: 0, drop: 0","level":"stat"}
{"@timestamp":"2025-02-16T12:50:12.230+08:00","caller":"stat/usage.go:61","content":"CPU: 28m, MEMORY: Alloc=11.7Mi, TotalAlloc=3262.7Mi, Sys=30.8Mi, NumGC=550","level":"stat"}
{"@timestamp":"2025-02-16T12:50:12.286+08:00","caller":"load/sheddingstat.go:61","content":"(rpc) shedding_stat [1m], cpu: 28, total: 0, pass: 0, drop: 0","level":"stat"}
{"@timestamp":"2025-02-16T12:51:12.231+08:00","caller":"stat/usage.go:61","content":"CPU: 45m, MEMORY: Alloc=9.9Mi, TotalAlloc=3268.2Mi, Sys=30.8Mi, NumGC=551","level":"stat"}
{"@timestamp":"2025-02-16T12:51:12.286+08:00","caller":"load/sheddingstat.go:61","content":"(rpc) shedding_stat [1m], cpu: 45, total: 0, pass: 0, drop: 0","level":"stat"}
{"@timestamp":"2025-02-16T12:52:12.230+08:00","caller":"stat/usage.go:61","content":"CPU: 17m, MEMORY: Alloc=12.3Mi, TotalAlloc=3274.5Mi, Sys=30.8Mi, NumGC=552","level":"stat"}
{"@timestamp":"2025-02-16T12:52:12.285+08:00","caller":"load/sheddingstat.go:61","content":"(rpc) shedding_stat [1m], cpu: 17, total: 0, pass: 0, drop: 0","level":"stat"}
{"@timestamp":"2025-02-16T12:53:12.230+08:00","caller":"stat/usage.go:61","content":"CPU: 42m, MEMORY: Alloc=10.5Mi, TotalAlloc=3280.0Mi, Sys=30.8Mi, NumGC=553","level":"stat"}
{"@timestamp":"2025-02-16T12:53:12.285+08:00","caller":"load/sheddingstat.go:61","content":"(rpc) shedding_stat [1m], cpu: 42, total: 0, pass: 0, drop: 0","level":"stat"}
{"@timestamp":"2025-02-16T12:54:12.229+08:00","caller":"stat/usage.go:61","content":"CPU: 19m, MEMORY: Alloc=8.9Mi, TotalAlloc=3285.4Mi, Sys=30.8Mi, NumGC=554","level":"stat"}
{"@timestamp":"2025-02-16T12:54:12.286+08:00","caller":"load/sheddingstat.go:61","content":"(rpc) shedding_stat [1m], cpu: 19, total: 0, pass: 0, drop: 0","level":"stat"}
{"@timestamp":"2025-02-16T12:55:12.230+08:00","caller":"stat/usage.go:61","content":"CPU: 17m, MEMORY: Alloc=14.4Mi, TotalAlloc=3290.9Mi, Sys=30.8Mi, NumGC=554","level":"stat"}
{"@timestamp":"2025-02-16T12:55:12.285+08:00","caller":"load/sheddingstat.go:61","content":"(rpc) shedding_stat [1m], cpu: 17, total: 0, pass: 0, drop: 0","level":"stat"}
{"@timestamp":"2025-02-16T12:56:12.231+08:00","caller":"stat/usage.go:61","content":"CPU: 22m, MEMORY: Alloc=11.7Mi, TotalAlloc=3296.4Mi, Sys=30.8Mi, NumGC=555","level":"stat"}
{"@timestamp":"2025-02-16T12:56:12.286+08:00","caller":"load/sheddingstat.go:61","content":"(rpc) shedding_stat [1m], cpu: 22, total: 0, pass: 0, drop: 0","level":"stat"}
{"@timestamp":"2025-02-16T12:57:12.230+08:00","caller":"stat/usage.go:61","content":"CPU: 18m, MEMORY: Alloc=7.2Mi, TotalAlloc=3303.6Mi, Sys=30.8Mi, NumGC=557","level":"stat"}
{"@timestamp":"2025-02-16T12:57:12.286+08:00","caller":"load/sheddingstat.go:61","content":"(rpc) shedding_stat [1m], cpu: 18, total: 0, pass: 0, drop: 0","level":"stat"}
{"@timestamp":"2025-02-16T12:58:12.231+08:00","caller":"stat/usage.go:61","content":"CPU: 18m, MEMORY: Alloc=7.5Mi, TotalAlloc=3309.9Mi, Sys=30.8Mi, NumGC=558","level":"stat"}
{"@timestamp":"2025-02-16T12:58:12.285+08:00","caller":"load/sheddingstat.go:61","content":"(rpc) shedding_stat [1m], cpu: 18, total: 0, pass: 0, drop: 0","level":"stat"}
{"@timestamp":"2025-02-16T12:59:12.230+08:00","caller":"stat/usage.go:61","content":"CPU: 19m, MEMORY: Alloc=12.2Mi, TotalAlloc=3314.6Mi, Sys=30.8Mi, NumGC=558","level":"stat"}
{"@timestamp":"2025-02-16T12:59:12.286+08:00","caller":"load/sheddingstat.go:61","content":"(rpc) shedding_stat [1m], cpu: 19, total: 0, pass: 0, drop: 0","level":"stat"}
{"@timestamp":"2025-02-16T13:00:12.230+08:00","caller":"stat/usage.go:61","content":"CPU: 17m, MEMORY: Alloc=12.2Mi, TotalAlloc=3320.9Mi, Sys=30.8Mi, NumGC=559","level":"stat"}
{"@timestamp":"2025-02-16T13:00:12.285+08:00","caller":"load/sheddingstat.go:61","content":"(rpc) shedding_stat [1m], cpu: 17, total: 0, pass: 0, drop: 0","level":"stat"}
{"@timestamp":"2025-02-16T13:01:12.229+08:00","caller":"stat/usage.go:61","content":"CPU: 18m, MEMORY: Alloc=5.9Mi, TotalAlloc=3327.2Mi, Sys=30.8Mi, NumGC=561","level":"stat"}
{"@timestamp":"2025-02-16T13:01:12.285+08:00","caller":"load/sheddingstat.go:61","content":"(rpc) shedding_stat [1m], cpu: 18, total: 0, pass: 0, drop: 0","level":"stat"}
{"@timestamp":"2025-02-16T13:02:12.229+08:00","caller":"stat/usage.go:61","content":"CPU: 17m, MEMORY: Alloc=9.2Mi, TotalAlloc=3335.2Mi, Sys=30.8Mi, NumGC=562","level":"stat"}
{"@timestamp":"2025-02-16T13:02:12.286+08:00","caller":"load/sheddingstat.go:61","content":"(rpc) shedding_stat [1m], cpu: 17, total: 0, pass: 0, drop: 0","level":"stat"}
{"@timestamp":"2025-02-16T13:03:12.230+08:00","caller":"stat/usage.go:61","content":"CPU: 32m, MEMORY: Alloc=11.8Mi, TotalAlloc=3343.1Mi, Sys=30.8Mi, NumGC=563","level":"stat"}
{"@timestamp":"2025-02-16T13:03:12.286+08:00","caller":"load/sheddingstat.go:61","content":"(rpc) shedding_stat [1m], cpu: 32, total: 0, pass: 0, drop: 0","level":"stat"}
{"@timestamp":"2025-02-16T13:04:12.230+08:00","caller":"stat/usage.go:61","content":"CPU: 22m, MEMORY: Alloc=9.5Mi, TotalAlloc=3349.4Mi, Sys=30.8Mi, NumGC=564","level":"stat"}
{"@timestamp":"2025-02-16T13:04:12.285+08:00","caller":"load/sheddingstat.go:61","content":"(rpc) shedding_stat [1m], cpu: 22, total: 0, pass: 0, drop: 0","level":"stat"}
{"@timestamp":"2025-02-16T13:05:12.230+08:00","caller":"stat/usage.go:61","content":"CPU: 23m, MEMORY: Alloc=10.4Mi, TotalAlloc=3355.7Mi, Sys=30.8Mi, NumGC=565","level":"stat"}
{"@timestamp":"2025-02-16T13:05:12.286+08:00","caller":"load/sheddingstat.go:61","content":"(rpc) shedding_stat [1m], cpu: 23, total: 0, pass: 0, drop: 0","level":"stat"}
{"@timestamp":"2025-02-16T13:06:12.230+08:00","caller":"stat/usage.go:61","content":"CPU: 35m, MEMORY: Alloc=11.6Mi, TotalAlloc=3362.0Mi, Sys=30.8Mi, NumGC=566","level":"stat"}
{"@timestamp":"2025-02-16T13:06:12.286+08:00","caller":"load/sheddingstat.go:61","content":"(rpc) shedding_stat [1m], cpu: 35, total: 0, pass: 0, drop: 0","level":"stat"}
{"@timestamp":"2025-02-16T13:07:12.230+08:00","caller":"stat/usage.go:61","content":"CPU: 21m, MEMORY: Alloc=9.9Mi, TotalAlloc=3367.6Mi, Sys=30.8Mi, NumGC=567","level":"stat"}
{"@timestamp":"2025-02-16T13:07:12.286+08:00","caller":"load/sheddingstat.go:61","content":"(rpc) shedding_stat [1m], cpu: 21, total: 0, pass: 0, drop: 0","level":"stat"}
{"@timestamp":"2025-02-16T13:08:12.230+08:00","caller":"stat/usage.go:61","content":"CPU: 19m, MEMORY: Alloc=10.7Mi, TotalAlloc=3373.0Mi, Sys=30.8Mi, NumGC=568","level":"stat"}
{"@timestamp":"2025-02-16T13:08:12.286+08:00","caller":"load/sheddingstat.go:61","content":"(rpc) shedding_stat [1m], cpu: 19, total: 0, pass: 0, drop: 0","level":"stat"}
{"@timestamp":"2025-02-16T13:09:12.230+08:00","caller":"stat/usage.go:61","content":"CPU: 31m, MEMORY: Alloc=10.0Mi, TotalAlloc=3379.3Mi, Sys=30.8Mi, NumGC=569","level":"stat"}
{"@timestamp":"2025-02-16T13:09:12.285+08:00","caller":"load/sheddingstat.go:61","content":"(rpc) shedding_stat [1m], cpu: 31, total: 0, pass: 0, drop: 0","level":"stat"}
{"@timestamp":"2025-02-16T13:10:12.230+08:00","caller":"stat/usage.go:61","content":"CPU: 16m, MEMORY: Alloc=10.8Mi, TotalAlloc=3384.9Mi, Sys=30.8Mi, NumGC=570","level":"stat"}
{"@timestamp":"2025-02-16T13:10:12.285+08:00","caller":"load/sheddingstat.go:61","content":"(rpc) shedding_stat [1m], cpu: 16, total: 0, pass: 0, drop: 0","level":"stat"}
{"@timestamp":"2025-02-16T13:11:12.229+08:00","caller":"stat/usage.go:61","content":"CPU: 16m, MEMORY: Alloc=10.7Mi, TotalAlloc=3391.2Mi, Sys=30.8Mi, NumGC=571","level":"stat"}
{"@timestamp":"2025-02-16T13:11:12.286+08:00","caller":"load/sheddingstat.go:61","content":"(rpc) shedding_stat [1m], cpu: 16, total: 0, pass: 0, drop: 0","level":"stat"}
{"@timestamp":"2025-02-16T13:12:12.230+08:00","caller":"stat/usage.go:61","content":"CPU: 17m, MEMORY: Alloc=10.4Mi, TotalAlloc=3396.7Mi, Sys=30.8Mi, NumGC=572","level":"stat"}
{"@timestamp":"2025-02-16T13:12:12.286+08:00","caller":"load/sheddingstat.go:61","content":"(rpc) shedding_stat [1m], cpu: 17, total: 0, pass: 0, drop: 0","level":"stat"}
{"@timestamp":"2025-02-16T13:13:12.230+08:00","caller":"stat/usage.go:61","content":"CPU: 69m, MEMORY: Alloc=7.5Mi, TotalAlloc=3401.3Mi, Sys=30.8Mi, NumGC=573","level":"stat"}
{"@timestamp":"2025-02-16T13:13:12.285+08:00","caller":"load/sheddingstat.go:61","content":"(rpc) shedding_stat [1m], cpu: 69, total: 0, pass: 0, drop: 0","level":"stat"}
{"@timestamp":"2025-02-16T13:14:12.230+08:00","caller":"stat/usage.go:61","content":"CPU: 16m, MEMORY: Alloc=8.0Mi, TotalAlloc=3407.7Mi, Sys=30.8Mi, NumGC=574","level":"stat"}
{"@timestamp":"2025-02-16T13:14:12.285+08:00","caller":"load/sheddingstat.go:61","content":"(rpc) shedding_stat [1m], cpu: 16, total: 0, pass: 0, drop: 0","level":"stat"}
{"@timestamp":"2025-02-16T13:15:12.230+08:00","caller":"stat/usage.go:61","content":"CPU: 18m, MEMORY: Alloc=14.3Mi, TotalAlloc=3414.0Mi, Sys=30.8Mi, NumGC=574","level":"stat"}
{"@timestamp":"2025-02-16T13:15:12.285+08:00","caller":"load/sheddingstat.go:61","content":"(rpc) shedding_stat [1m], cpu: 18, total: 0, pass: 0, drop: 0","level":"stat"}
{"@timestamp":"2025-02-16T13:16:12.230+08:00","caller":"stat/usage.go:61","content":"CPU: 30m, MEMORY: Alloc=13.2Mi, TotalAlloc=3420.2Mi, Sys=30.8Mi, NumGC=575","level":"stat"}
{"@timestamp":"2025-02-16T13:16:12.286+08:00","caller":"load/sheddingstat.go:61","content":"(rpc) shedding_stat [1m], cpu: 30, total: 0, pass: 0, drop: 0","level":"stat"}
{"@timestamp":"2025-02-16T13:17:12.230+08:00","caller":"stat/usage.go:61","content":"CPU: 15m, MEMORY: Alloc=9.0Mi, TotalAlloc=3425.0Mi, Sys=30.8Mi, NumGC=576","level":"stat"}
{"@timestamp":"2025-02-16T13:17:12.285+08:00","caller":"load/sheddingstat.go:61","content":"(rpc) shedding_stat [1m], cpu: 15, total: 0, pass: 0, drop: 0","level":"stat"}
{"@timestamp":"2025-02-16T13:18:12.230+08:00","caller":"stat/usage.go:61","content":"CPU: 28m, MEMORY: Alloc=9.0Mi, TotalAlloc=3430.5Mi, Sys=30.8Mi, NumGC=577","level":"stat"}
{"@timestamp":"2025-02-16T13:18:12.286+08:00","caller":"load/sheddingstat.go:61","content":"(rpc) shedding_stat [1m], cpu: 28, total: 0, pass: 0, drop: 0","level":"stat"}
{"@timestamp":"2025-02-16T13:19:12.230+08:00","caller":"stat/usage.go:61","content":"CPU: 17m, MEMORY: Alloc=9.7Mi, TotalAlloc=3435.9Mi, Sys=30.8Mi, NumGC=578","level":"stat"}
{"@timestamp":"2025-02-16T13:19:12.286+08:00","caller":"load/sheddingstat.go:61","content":"(rpc) shedding_stat [1m], cpu: 17, total: 0, pass: 0, drop: 0","level":"stat"}
{"@timestamp":"2025-02-16T13:20:12.230+08:00","caller":"stat/usage.go:61","content":"CPU: 16m, MEMORY: Alloc=9.9Mi, TotalAlloc=3442.3Mi, Sys=30.8Mi, NumGC=579","level":"stat"}
{"@timestamp":"2025-02-16T13:20:12.286+08:00","caller":"load/sheddingstat.go:61","content":"(rpc) shedding_stat [1m], cpu: 16, total: 0, pass: 0, drop: 0","level":"stat"}
{"@timestamp":"2025-02-16T13:21:12.231+08:00","caller":"stat/usage.go:61","content":"CPU: 17m, MEMORY: Alloc=10.3Mi, TotalAlloc=3449.3Mi, Sys=30.8Mi, NumGC=580","level":"stat"}
{"@timestamp":"2025-02-16T13:21:12.285+08:00","caller":"load/sheddingstat.go:61","content":"(rpc) shedding_stat [1m], cpu: 17, total: 0, pass: 0, drop: 0","level":"stat"}
{"@timestamp":"2025-02-16T13:22:12.230+08:00","caller":"stat/usage.go:61","content":"CPU: 17m, MEMORY: Alloc=10.5Mi, TotalAlloc=3455.7Mi, Sys=30.8Mi, NumGC=581","level":"stat"}
{"@timestamp":"2025-02-16T13:22:12.285+08:00","caller":"load/sheddingstat.go:61","content":"(rpc) shedding_stat [1m], cpu: 17, total: 0, pass: 0, drop: 0","level":"stat"}
{"@timestamp":"2025-02-16T13:23:12.230+08:00","caller":"stat/usage.go:61","content":"CPU: 17m, MEMORY: Alloc=9.6Mi, TotalAlloc=3461.3Mi, Sys=30.8Mi, NumGC=582","level":"stat"}
{"@timestamp":"2025-02-16T13:23:12.286+08:00","caller":"load/sheddingstat.go:61","content":"(rpc) shedding_stat [1m], cpu: 17, total: 0, pass: 0, drop: 0","level":"stat"}
{"@timestamp":"2025-02-16T13:24:12.229+08:00","caller":"stat/usage.go:61","content":"CPU: 18m, MEMORY: Alloc=10.0Mi, TotalAlloc=3467.6Mi, Sys=30.8Mi, NumGC=583","level":"stat"}
{"@timestamp":"2025-02-16T13:24:12.286+08:00","caller":"load/sheddingstat.go:61","content":"(rpc) shedding_stat [1m], cpu: 18, total: 0, pass: 0, drop: 0","level":"stat"}
{"@timestamp":"2025-02-16T13:25:12.230+08:00","caller":"stat/usage.go:61","content":"CPU: 16m, MEMORY: Alloc=9.6Mi, TotalAlloc=3473.9Mi, Sys=30.8Mi, NumGC=584","level":"stat"}
{"@timestamp":"2025-02-16T13:25:12.285+08:00","caller":"load/sheddingstat.go:61","content":"(rpc) shedding_stat [1m], cpu: 16, total: 0, pass: 0, drop: 0","level":"stat"}
{"@timestamp":"2025-02-16T13:26:12.230+08:00","caller":"stat/usage.go:61","content":"CPU: 22m, MEMORY: Alloc=12.2Mi, TotalAlloc=3481.0Mi, Sys=30.8Mi, NumGC=585","level":"stat"}
{"@timestamp":"2025-02-16T13:26:12.286+08:00","caller":"load/sheddingstat.go:61","content":"(rpc) shedding_stat [1m], cpu: 22, total: 0, pass: 0, drop: 0","level":"stat"}
{"@timestamp":"2025-02-16T13:27:12.230+08:00","caller":"stat/usage.go:61","content":"CPU: 16m, MEMORY: Alloc=6.1Mi, TotalAlloc=3487.4Mi, Sys=30.8Mi, NumGC=587","level":"stat"}
{"@timestamp":"2025-02-16T13:27:12.286+08:00","caller":"load/sheddingstat.go:61","content":"(rpc) shedding_stat [1m], cpu: 16, total: 0, pass: 0, drop: 0","level":"stat"}
{"@timestamp":"2025-02-16T13:28:12.229+08:00","caller":"stat/usage.go:61","content":"CPU: 18m, MEMORY: Alloc=10.9Mi, TotalAlloc=3492.1Mi, Sys=30.8Mi, NumGC=587","level":"stat"}
{"@timestamp":"2025-02-16T13:28:12.286+08:00","caller":"load/sheddingstat.go:61","content":"(rpc) shedding_stat [1m], cpu: 18, total: 0, pass: 0, drop: 0","level":"stat"}
{"@timestamp":"2025-02-16T13:29:12.230+08:00","caller":"stat/usage.go:61","content":"CPU: 63m, MEMORY: Alloc=10.9Mi, TotalAlloc=3497.6Mi, Sys=30.8Mi, NumGC=588","level":"stat"}
{"@timestamp":"2025-02-16T13:29:12.286+08:00","caller":"load/sheddingstat.go:61","content":"(rpc) shedding_stat [1m], cpu: 63, total: 0, pass: 0, drop: 0","level":"stat"}
{"@timestamp":"2025-02-16T13:30:12.230+08:00","caller":"stat/usage.go:61","content":"CPU: 21m, MEMORY: Alloc=8.0Mi, TotalAlloc=3505.5Mi, Sys=30.8Mi, NumGC=590","level":"stat"}
{"@timestamp":"2025-02-16T13:30:12.286+08:00","caller":"load/sheddingstat.go:61","content":"(rpc) shedding_stat [1m], cpu: 21, total: 0, pass: 0, drop: 0","level":"stat"}
{"@timestamp":"2025-02-16T13:31:12.230+08:00","caller":"stat/usage.go:61","content":"CPU: 23m, MEMORY: Alloc=8.5Mi, TotalAlloc=3512.6Mi, Sys=30.8Mi, NumGC=591","level":"stat"}
{"@timestamp":"2025-02-16T13:31:12.286+08:00","caller":"load/sheddingstat.go:61","content":"(rpc) shedding_stat [1m], cpu: 23, total: 0, pass: 0, drop: 0","level":"stat"}
{"@timestamp":"2025-02-16T13:32:12.230+08:00","caller":"stat/usage.go:61","content":"CPU: 17m, MEMORY: Alloc=7.8Mi, TotalAlloc=3518.1Mi, Sys=30.8Mi, NumGC=592","level":"stat"}
{"@timestamp":"2025-02-16T13:32:12.285+08:00","caller":"load/sheddingstat.go:61","content":"(rpc) shedding_stat [1m], cpu: 17, total: 0, pass: 0, drop: 0","level":"stat"}
{"@timestamp":"2025-02-16T13:33:12.230+08:00","caller":"stat/usage.go:61","content":"CPU: 54m, MEMORY: Alloc=8.8Mi, TotalAlloc=3523.6Mi, Sys=30.8Mi, NumGC=593","level":"stat"}
{"@timestamp":"2025-02-16T13:33:12.286+08:00","caller":"load/sheddingstat.go:61","content":"(rpc) shedding_stat [1m], cpu: 54, total: 0, pass: 0, drop: 0","level":"stat"}
{"@timestamp":"2025-02-16T13:34:12.230+08:00","caller":"stat/usage.go:61","content":"CPU: 34m, MEMORY: Alloc=6.1Mi, TotalAlloc=3529.9Mi, Sys=30.8Mi, NumGC=595","level":"stat"}
{"@timestamp":"2025-02-16T13:34:12.286+08:00","caller":"load/sheddingstat.go:61","content":"(rpc) shedding_stat [1m], cpu: 34, total: 0, pass: 0, drop: 0","level":"stat"}
{"@timestamp":"2025-02-16T13:35:12.229+08:00","caller":"stat/usage.go:61","content":"CPU: 18m, MEMORY: Alloc=7.6Mi, TotalAlloc=3536.3Mi, Sys=30.8Mi, NumGC=596","level":"stat"}
{"@timestamp":"2025-02-16T13:35:12.286+08:00","caller":"load/sheddingstat.go:61","content":"(rpc) shedding_stat [1m], cpu: 18, total: 0, pass: 0, drop: 0","level":"stat"}
{"@timestamp":"2025-02-16T13:36:12.230+08:00","caller":"stat/usage.go:61","content":"CPU: 20m, MEMORY: Alloc=10.4Mi, TotalAlloc=3543.4Mi, Sys=30.8Mi, NumGC=597","level":"stat"}
{"@timestamp":"2025-02-16T13:36:12.286+08:00","caller":"load/sheddingstat.go:61","content":"(rpc) shedding_stat [1m], cpu: 20, total: 0, pass: 0, drop: 0","level":"stat"}
{"@timestamp":"2025-02-16T13:37:12.230+08:00","caller":"stat/usage.go:61","content":"CPU: 18m, MEMORY: Alloc=9.8Mi, TotalAlloc=3549.1Mi, Sys=30.8Mi, NumGC=598","level":"stat"}
{"@timestamp":"2025-02-16T13:37:12.286+08:00","caller":"load/sheddingstat.go:61","content":"(rpc) shedding_stat [1m], cpu: 18, total: 0, pass: 0, drop: 0","level":"stat"}
{"@timestamp":"2025-02-16T13:38:12.230+08:00","caller":"stat/usage.go:61","content":"CPU: 35m, MEMORY: Alloc=8.2Mi, TotalAlloc=3554.6Mi, Sys=30.8Mi, NumGC=599","level":"stat"}
{"@timestamp":"2025-02-16T13:38:12.286+08:00","caller":"load/sheddingstat.go:61","content":"(rpc) shedding_stat [1m], cpu: 35, total: 0, pass: 0, drop: 0","level":"stat"}
{"@timestamp":"2025-02-16T13:39:12.230+08:00","caller":"stat/usage.go:61","content":"CPU: 17m, MEMORY: Alloc=8.9Mi, TotalAlloc=3560.9Mi, Sys=30.8Mi, NumGC=600","level":"stat"}
{"@timestamp":"2025-02-16T13:39:12.286+08:00","caller":"load/sheddingstat.go:61","content":"(rpc) shedding_stat [1m], cpu: 17, total: 0, pass: 0, drop: 0","level":"stat"}
{"@timestamp":"2025-02-16T13:40:12.230+08:00","caller":"stat/usage.go:61","content":"CPU: 17m, MEMORY: Alloc=10.0Mi, TotalAlloc=3567.2Mi, Sys=30.8Mi, NumGC=601","level":"stat"}
{"@timestamp":"2025-02-16T13:40:12.286+08:00","caller":"load/sheddingstat.go:61","content":"(rpc) shedding_stat [1m], cpu: 17, total: 0, pass: 0, drop: 0","level":"stat"}
{"@timestamp":"2025-02-16T13:41:12.229+08:00","caller":"stat/usage.go:61","content":"CPU: 17m, MEMORY: Alloc=10.9Mi, TotalAlloc=3573.5Mi, Sys=30.8Mi, NumGC=602","level":"stat"}
{"@timestamp":"2025-02-16T13:41:12.285+08:00","caller":"load/sheddingstat.go:61","content":"(rpc) shedding_stat [1m], cpu: 17, total: 0, pass: 0, drop: 0","level":"stat"}
{"@timestamp":"2025-02-16T13:42:12.230+08:00","caller":"stat/usage.go:61","content":"CPU: 17m, MEMORY: Alloc=7.0Mi, TotalAlloc=3579.8Mi, Sys=30.8Mi, NumGC=604","level":"stat"}
{"@timestamp":"2025-02-16T13:42:12.286+08:00","caller":"load/sheddingstat.go:61","content":"(rpc) shedding_stat [1m], cpu: 17, total: 0, pass: 0, drop: 0","level":"stat"}
{"@timestamp":"2025-02-16T13:43:12.230+08:00","caller":"stat/usage.go:61","content":"CPU: 20m, MEMORY: Alloc=8.0Mi, TotalAlloc=3586.1Mi, Sys=30.8Mi, NumGC=605","level":"stat"}
{"@timestamp":"2025-02-16T13:43:12.286+08:00","caller":"load/sheddingstat.go:61","content":"(rpc) shedding_stat [1m], cpu: 20, total: 0, pass: 0, drop: 0","level":"stat"}
{"@timestamp":"2025-02-16T13:44:12.229+08:00","caller":"stat/usage.go:61","content":"CPU: 16m, MEMORY: Alloc=13.5Mi, TotalAlloc=3591.5Mi, Sys=30.8Mi, NumGC=605","level":"stat"}
{"@timestamp":"2025-02-16T13:44:12.285+08:00","caller":"load/sheddingstat.go:61","content":"(rpc) shedding_stat [1m], cpu: 16, total: 0, pass: 0, drop: 0","level":"stat"}
{"@timestamp":"2025-02-16T13:45:12.230+08:00","caller":"stat/usage.go:61","content":"CPU: 16m, MEMORY: Alloc=12.4Mi, TotalAlloc=3597.9Mi, Sys=30.8Mi, NumGC=606","level":"stat"}
{"@timestamp":"2025-02-16T13:45:12.286+08:00","caller":"load/sheddingstat.go:61","content":"(rpc) shedding_stat [1m], cpu: 16, total: 0, pass: 0, drop: 0","level":"stat"}
{"@timestamp":"2025-02-16T13:46:12.230+08:00","caller":"stat/usage.go:61","content":"CPU: 28m, MEMORY: Alloc=9.9Mi, TotalAlloc=3603.4Mi, Sys=30.8Mi, NumGC=607","level":"stat"}
{"@timestamp":"2025-02-16T13:46:12.286+08:00","caller":"load/sheddingstat.go:61","content":"(rpc) shedding_stat [1m], cpu: 28, total: 0, pass: 0, drop: 0","level":"stat"}
{"@timestamp":"2025-02-16T13:47:12.230+08:00","caller":"stat/usage.go:61","content":"CPU: 21m, MEMORY: Alloc=9.3Mi, TotalAlloc=3608.9Mi, Sys=30.8Mi, NumGC=608","level":"stat"}
{"@timestamp":"2025-02-16T13:47:12.286+08:00","caller":"load/sheddingstat.go:61","content":"(rpc) shedding_stat [1m], cpu: 21, total: 0, pass: 0, drop: 0","level":"stat"}
{"@timestamp":"2025-02-16T13:48:12.230+08:00","caller":"stat/usage.go:61","content":"CPU: 16m, MEMORY: Alloc=8.4Mi, TotalAlloc=3614.4Mi, Sys=30.8Mi, NumGC=609","level":"stat"}
{"@timestamp":"2025-02-16T13:48:12.285+08:00","caller":"load/sheddingstat.go:61","content":"(rpc) shedding_stat [1m], cpu: 16, total: 0, pass: 0, drop: 0","level":"stat"}
{"@timestamp":"2025-02-16T13:49:12.230+08:00","caller":"stat/usage.go:61","content":"CPU: 20m, MEMORY: Alloc=8.3Mi, TotalAlloc=3620.6Mi, Sys=30.8Mi, NumGC=610","level":"stat"}
{"@timestamp":"2025-02-16T13:49:12.285+08:00","caller":"load/sheddingstat.go:61","content":"(rpc) shedding_stat [1m], cpu: 20, total: 0, pass: 0, drop: 0","level":"stat"}
{"@timestamp":"2025-02-16T13:50:12.230+08:00","caller":"stat/usage.go:61","content":"CPU: 17m, MEMORY: Alloc=9.2Mi, TotalAlloc=3626.9Mi, Sys=30.8Mi, NumGC=611","level":"stat"}
{"@timestamp":"2025-02-16T13:50:12.285+08:00","caller":"load/sheddingstat.go:61","content":"(rpc) shedding_stat [1m], cpu: 17, total: 0, pass: 0, drop: 0","level":"stat"}
{"@timestamp":"2025-02-16T13:51:12.230+08:00","caller":"stat/usage.go:61","content":"CPU: 19m, MEMORY: Alloc=7.8Mi, TotalAlloc=3632.4Mi, Sys=30.8Mi, NumGC=612","level":"stat"}
{"@timestamp":"2025-02-16T13:51:12.285+08:00","caller":"load/sheddingstat.go:61","content":"(rpc) shedding_stat [1m], cpu: 19, total: 0, pass: 0, drop: 0","level":"stat"}
{"@timestamp":"2025-02-16T13:52:12.230+08:00","caller":"stat/usage.go:61","content":"CPU: 16m, MEMORY: Alloc=14.1Mi, TotalAlloc=3638.7Mi, Sys=30.8Mi, NumGC=612","level":"stat"}
{"@timestamp":"2025-02-16T13:52:12.286+08:00","caller":"load/sheddingstat.go:61","content":"(rpc) shedding_stat [1m], cpu: 16, total: 0, pass: 0, drop: 0","level":"stat"}
{"@timestamp":"2025-02-16T13:53:12.230+08:00","caller":"stat/usage.go:61","content":"CPU: 16m, MEMORY: Alloc=11.5Mi, TotalAlloc=3644.9Mi, Sys=30.8Mi, NumGC=613","level":"stat"}
{"@timestamp":"2025-02-16T13:53:12.286+08:00","caller":"load/sheddingstat.go:61","content":"(rpc) shedding_stat [1m], cpu: 16, total: 0, pass: 0, drop: 0","level":"stat"}
{"@timestamp":"2025-02-16T13:54:12.230+08:00","caller":"stat/usage.go:61","content":"CPU: 16m, MEMORY: Alloc=8.1Mi, TotalAlloc=3652.8Mi, Sys=30.8Mi, NumGC=615","level":"stat"}
{"@timestamp":"2025-02-16T13:54:12.286+08:00","caller":"load/sheddingstat.go:61","content":"(rpc) shedding_stat [1m], cpu: 16, total: 0, pass: 0, drop: 0","level":"stat"}
{"@timestamp":"2025-02-16T13:55:12.230+08:00","caller":"stat/usage.go:61","content":"CPU: 17m, MEMORY: Alloc=9.2Mi, TotalAlloc=3659.9Mi, Sys=30.8Mi, NumGC=616","level":"stat"}
{"@timestamp":"2025-02-16T13:55:12.285+08:00","caller":"load/sheddingstat.go:61","content":"(rpc) shedding_stat [1m], cpu: 17, total: 0, pass: 0, drop: 0","level":"stat"}
{"@timestamp":"2025-02-16T13:56:12.230+08:00","caller":"stat/usage.go:61","content":"CPU: 17m, MEMORY: Alloc=7.1Mi, TotalAlloc=3664.5Mi, Sys=30.8Mi, NumGC=617","level":"stat"}
{"@timestamp":"2025-02-16T13:56:12.286+08:00","caller":"load/sheddingstat.go:61","content":"(rpc) shedding_stat [1m], cpu: 17, total: 0, pass: 0, drop: 0","level":"stat"}
{"@timestamp":"2025-02-16T13:57:12.230+08:00","caller":"stat/usage.go:61","content":"CPU: 16m, MEMORY: Alloc=9.2Mi, TotalAlloc=3672.5Mi, Sys=30.8Mi, NumGC=618","level":"stat"}
{"@timestamp":"2025-02-16T13:57:12.286+08:00","caller":"load/sheddingstat.go:61","content":"(rpc) shedding_stat [1m], cpu: 16, total: 0, pass: 0, drop: 0","level":"stat"}
{"@timestamp":"2025-02-16T13:58:12.229+08:00","caller":"stat/usage.go:61","content":"CPU: 16m, MEMORY: Alloc=9.3Mi, TotalAlloc=3678.0Mi, Sys=30.8Mi, NumGC=619","level":"stat"}
{"@timestamp":"2025-02-16T13:58:12.286+08:00","caller":"load/sheddingstat.go:61","content":"(rpc) shedding_stat [1m], cpu: 16, total: 0, pass: 0, drop: 0","level":"stat"}
{"@timestamp":"2025-02-16T13:59:12.230+08:00","caller":"stat/usage.go:61","content":"CPU: 15m, MEMORY: Alloc=8.8Mi, TotalAlloc=3683.5Mi, Sys=30.8Mi, NumGC=620","level":"stat"}
{"@timestamp":"2025-02-16T13:59:12.285+08:00","caller":"load/sheddingstat.go:61","content":"(rpc) shedding_stat [1m], cpu: 15, total: 0, pass: 0, drop: 0","level":"stat"}
{"@timestamp":"2025-02-16T14:00:12.230+08:00","caller":"stat/usage.go:61","content":"CPU: 17m, MEMORY: Alloc=7.2Mi, TotalAlloc=3691.5Mi, Sys=30.8Mi, NumGC=622","level":"stat"}
{"@timestamp":"2025-02-16T14:00:12.285+08:00","caller":"load/sheddingstat.go:61","content":"(rpc) shedding_stat [1m], cpu: 17, total: 0, pass: 0, drop: 0","level":"stat"}
{"@timestamp":"2025-02-16T14:01:12.230+08:00","caller":"stat/usage.go:61","content":"CPU: 17m, MEMORY: Alloc=10.0Mi, TotalAlloc=3699.4Mi, Sys=30.8Mi, NumGC=623","level":"stat"}
{"@timestamp":"2025-02-16T14:01:12.285+08:00","caller":"load/sheddingstat.go:61","content":"(rpc) shedding_stat [1m], cpu: 17, total: 0, pass: 0, drop: 0","level":"stat"}
{"@timestamp":"2025-02-16T14:02:12.230+08:00","caller":"stat/usage.go:61","content":"CPU: 16m, MEMORY: Alloc=9.1Mi, TotalAlloc=3705.6Mi, Sys=30.8Mi, NumGC=624","level":"stat"}
{"@timestamp":"2025-02-16T14:02:12.285+08:00","caller":"load/sheddingstat.go:61","content":"(rpc) shedding_stat [1m], cpu: 16, total: 0, pass: 0, drop: 0","level":"stat"}
{"@timestamp":"2025-02-16T14:03:12.230+08:00","caller":"stat/usage.go:61","content":"CPU: 16m, MEMORY: Alloc=8.1Mi, TotalAlloc=3710.3Mi, Sys=30.8Mi, NumGC=625","level":"stat"}
{"@timestamp":"2025-02-16T14:03:12.285+08:00","caller":"load/sheddingstat.go:61","content":"(rpc) shedding_stat [1m], cpu: 16, total: 0, pass: 0, drop: 0","level":"stat"}
{"@timestamp":"2025-02-16T14:04:12.230+08:00","caller":"stat/usage.go:61","content":"CPU: 16m, MEMORY: Alloc=9.5Mi, TotalAlloc=3716.6Mi, Sys=30.8Mi, NumGC=626","level":"stat"}
{"@timestamp":"2025-02-16T14:04:12.285+08:00","caller":"load/sheddingstat.go:61","content":"(rpc) shedding_stat [1m], cpu: 16, total: 0, pass: 0, drop: 0","level":"stat"}
{"@timestamp":"2025-02-16T14:05:12.230+08:00","caller":"stat/usage.go:61","content":"CPU: 17m, MEMORY: Alloc=8.1Mi, TotalAlloc=3723.7Mi, Sys=30.8Mi, NumGC=628","level":"stat"}
{"@timestamp":"2025-02-16T14:05:12.286+08:00","caller":"load/sheddingstat.go:61","content":"(rpc) shedding_stat [1m], cpu: 17, total: 0, pass: 0, drop: 0","level":"stat"}
{"@timestamp":"2025-02-16T14:06:12.230+08:00","caller":"stat/usage.go:61","content":"CPU: 19m, MEMORY: Alloc=10.1Mi, TotalAlloc=3730.0Mi, Sys=30.8Mi, NumGC=629","level":"stat"}
{"@timestamp":"2025-02-16T14:06:12.285+08:00","caller":"load/sheddingstat.go:61","content":"(rpc) shedding_stat [1m], cpu: 19, total: 0, pass: 0, drop: 0","level":"stat"}
{"@timestamp":"2025-02-16T14:07:12.230+08:00","caller":"stat/usage.go:61","content":"CPU: 18m, MEMORY: Alloc=6.7Mi, TotalAlloc=3735.5Mi, Sys=30.8Mi, NumGC=631","level":"stat"}
{"@timestamp":"2025-02-16T14:07:12.285+08:00","caller":"load/sheddingstat.go:61","content":"(rpc) shedding_stat [1m], cpu: 18, total: 0, pass: 0, drop: 0","level":"stat"}
{"@timestamp":"2025-02-16T14:08:12.230+08:00","caller":"stat/usage.go:61","content":"CPU: 23m, MEMORY: Alloc=9.6Mi, TotalAlloc=3742.7Mi, Sys=30.8Mi, NumGC=632","level":"stat"}
{"@timestamp":"2025-02-16T14:08:12.286+08:00","caller":"load/sheddingstat.go:61","content":"(rpc) shedding_stat [1m], cpu: 23, total: 0, pass: 0, drop: 0","level":"stat"}
{"@timestamp":"2025-02-16T14:09:12.230+08:00","caller":"stat/usage.go:61","content":"CPU: 21m, MEMORY: Alloc=10.6Mi, TotalAlloc=3748.2Mi, Sys=30.8Mi, NumGC=633","level":"stat"}
{"@timestamp":"2025-02-16T14:09:12.286+08:00","caller":"load/sheddingstat.go:61","content":"(rpc) shedding_stat [1m], cpu: 21, total: 0, pass: 0, drop: 0","level":"stat"}
{"@timestamp":"2025-02-16T14:10:12.230+08:00","caller":"stat/usage.go:61","content":"CPU: 19m, MEMORY: Alloc=10.4Mi, TotalAlloc=3752.8Mi, Sys=30.8Mi, NumGC=634","level":"stat"}
{"@timestamp":"2025-02-16T14:10:12.286+08:00","caller":"load/sheddingstat.go:61","content":"(rpc) shedding_stat [1m], cpu: 19, total: 0, pass: 0, drop: 0","level":"stat"}
{"@timestamp":"2025-02-16T14:11:12.231+08:00","caller":"stat/usage.go:61","content":"CPU: 19m, MEMORY: Alloc=8.0Mi, TotalAlloc=3757.5Mi, Sys=30.8Mi, NumGC=635","level":"stat"}
{"@timestamp":"2025-02-16T14:11:12.285+08:00","caller":"load/sheddingstat.go:61","content":"(rpc) shedding_stat [1m], cpu: 19, total: 0, pass: 0, drop: 0","level":"stat"}
{"@timestamp":"2025-02-16T14:12:12.230+08:00","caller":"stat/usage.go:61","content":"CPU: 19m, MEMORY: Alloc=8.1Mi, TotalAlloc=3762.9Mi, Sys=30.8Mi, NumGC=636","level":"stat"}
{"@timestamp":"2025-02-16T14:12:12.286+08:00","caller":"load/sheddingstat.go:61","content":"(rpc) shedding_stat [1m], cpu: 19, total: 0, pass: 0, drop: 0","level":"stat"}
{"@timestamp":"2025-02-16T14:13:12.230+08:00","caller":"stat/usage.go:61","content":"CPU: 19m, MEMORY: Alloc=9.7Mi, TotalAlloc=3770.1Mi, Sys=30.8Mi, NumGC=637","level":"stat"}
{"@timestamp":"2025-02-16T14:13:12.286+08:00","caller":"load/sheddingstat.go:61","content":"(rpc) shedding_stat [1m], cpu: 19, total: 0, pass: 0, drop: 0","level":"stat"}
{"@timestamp":"2025-02-16T14:14:12.230+08:00","caller":"stat/usage.go:61","content":"CPU: 17m, MEMORY: Alloc=9.8Mi, TotalAlloc=3775.6Mi, Sys=30.8Mi, NumGC=638","level":"stat"}
{"@timestamp":"2025-02-16T14:14:12.285+08:00","caller":"load/sheddingstat.go:61","content":"(rpc) shedding_stat [1m], cpu: 17, total: 0, pass: 0, drop: 0","level":"stat"}
{"@timestamp":"2025-02-16T14:15:12.230+08:00","caller":"stat/usage.go:61","content":"CPU: 17m, MEMORY: Alloc=12.0Mi, TotalAlloc=3782.7Mi, Sys=30.8Mi, NumGC=639","level":"stat"}
{"@timestamp":"2025-02-16T14:15:12.286+08:00","caller":"load/sheddingstat.go:61","content":"(rpc) shedding_stat [1m], cpu: 17, total: 0, pass: 0, drop: 0","level":"stat"}
{"@timestamp":"2025-02-16T14:16:12.230+08:00","caller":"stat/usage.go:61","content":"CPU: 16m, MEMORY: Alloc=10.5Mi, TotalAlloc=3788.3Mi, Sys=30.8Mi, NumGC=640","level":"stat"}
{"@timestamp":"2025-02-16T14:16:12.286+08:00","caller":"load/sheddingstat.go:61","content":"(rpc) shedding_stat [1m], cpu: 16, total: 0, pass: 0, drop: 0","level":"stat"}
{"@timestamp":"2025-02-16T14:17:12.230+08:00","caller":"stat/usage.go:61","content":"CPU: 17m, MEMORY: Alloc=8.0Mi, TotalAlloc=3793.8Mi, Sys=30.8Mi, NumGC=641","level":"stat"}
{"@timestamp":"2025-02-16T14:17:12.286+08:00","caller":"load/sheddingstat.go:61","content":"(rpc) shedding_stat [1m], cpu: 17, total: 0, pass: 0, drop: 0","level":"stat"}
{"@timestamp":"2025-02-16T14:18:12.230+08:00","caller":"stat/usage.go:61","content":"CPU: 16m, MEMORY: Alloc=9.2Mi, TotalAlloc=3800.9Mi, Sys=30.8Mi, NumGC=642","level":"stat"}
{"@timestamp":"2025-02-16T14:18:12.285+08:00","caller":"load/sheddingstat.go:61","content":"(rpc) shedding_stat [1m], cpu: 16, total: 0, pass: 0, drop: 0","level":"stat"}
{"@timestamp":"2025-02-16T14:19:12.230+08:00","caller":"stat/usage.go:61","content":"CPU: 16m, MEMORY: Alloc=8.5Mi, TotalAlloc=3807.2Mi, Sys=30.8Mi, NumGC=643","level":"stat"}
{"@timestamp":"2025-02-16T14:19:12.286+08:00","caller":"load/sheddingstat.go:61","content":"(rpc) shedding_stat [1m], cpu: 16, total: 0, pass: 0, drop: 0","level":"stat"}
{"@timestamp":"2025-02-16T14:20:12.231+08:00","caller":"stat/usage.go:61","content":"CPU: 18m, MEMORY: Alloc=10.8Mi, TotalAlloc=3814.4Mi, Sys=30.8Mi, NumGC=644","level":"stat"}
{"@timestamp":"2025-02-16T14:20:12.285+08:00","caller":"load/sheddingstat.go:61","content":"(rpc) shedding_stat [1m], cpu: 18, total: 0, pass: 0, drop: 0","level":"stat"}
{"@timestamp":"2025-02-16T14:21:12.230+08:00","caller":"stat/usage.go:61","content":"CPU: 19m, MEMORY: Alloc=11.0Mi, TotalAlloc=3820.7Mi, Sys=30.8Mi, NumGC=645","level":"stat"}
{"@timestamp":"2025-02-16T14:21:12.285+08:00","caller":"load/sheddingstat.go:61","content":"(rpc) shedding_stat [1m], cpu: 19, total: 0, pass: 0, drop: 0","level":"stat"}
{"@timestamp":"2025-02-16T14:22:12.230+08:00","caller":"stat/usage.go:61","content":"CPU: 16m, MEMORY: Alloc=6.8Mi, TotalAlloc=3828.6Mi, Sys=30.8Mi, NumGC=647","level":"stat"}
{"@timestamp":"2025-02-16T14:22:12.285+08:00","caller":"load/sheddingstat.go:61","content":"(rpc) shedding_stat [1m], cpu: 16, total: 0, pass: 0, drop: 0","level":"stat"}
{"@timestamp":"2025-02-16T14:23:12.229+08:00","caller":"stat/usage.go:61","content":"CPU: 17m, MEMORY: Alloc=7.3Mi, TotalAlloc=3835.7Mi, Sys=30.8Mi, NumGC=648","level":"stat"}
{"@timestamp":"2025-02-16T14:23:12.286+08:00","caller":"load/sheddingstat.go:61","content":"(rpc) shedding_stat [1m], cpu: 17, total: 0, pass: 0, drop: 0","level":"stat"}
{"@timestamp":"2025-02-16T14:24:12.230+08:00","caller":"stat/usage.go:61","content":"CPU: 18m, MEMORY: Alloc=7.4Mi, TotalAlloc=3841.2Mi, Sys=30.8Mi, NumGC=649","level":"stat"}
{"@timestamp":"2025-02-16T14:24:12.285+08:00","caller":"load/sheddingstat.go:61","content":"(rpc) shedding_stat [1m], cpu: 18, total: 0, pass: 0, drop: 0","level":"stat"}
{"@timestamp":"2025-02-16T14:25:12.230+08:00","caller":"stat/usage.go:61","content":"CPU: 17m, MEMORY: Alloc=11.0Mi, TotalAlloc=3849.2Mi, Sys=30.8Mi, NumGC=650","level":"stat"}
{"@timestamp":"2025-02-16T14:25:12.286+08:00","caller":"load/sheddingstat.go:61","content":"(rpc) shedding_stat [1m], cpu: 17, total: 0, pass: 0, drop: 0","level":"stat"}
{"@timestamp":"2025-02-16T14:26:12.230+08:00","caller":"stat/usage.go:61","content":"CPU: 18m, MEMORY: Alloc=9.7Mi, TotalAlloc=3854.7Mi, Sys=30.8Mi, NumGC=651","level":"stat"}
{"@timestamp":"2025-02-16T14:26:12.286+08:00","caller":"load/sheddingstat.go:61","content":"(rpc) shedding_stat [1m], cpu: 18, total: 0, pass: 0, drop: 0","level":"stat"}
{"@timestamp":"2025-02-16T14:27:12.230+08:00","caller":"stat/usage.go:61","content":"CPU: 20m, MEMORY: Alloc=10.1Mi, TotalAlloc=3860.2Mi, Sys=30.8Mi, NumGC=652","level":"stat"}
{"@timestamp":"2025-02-16T14:27:12.285+08:00","caller":"load/sheddingstat.go:61","content":"(rpc) shedding_stat [1m], cpu: 20, total: 0, pass: 0, drop: 0","level":"stat"}
{"@timestamp":"2025-02-16T14:28:12.231+08:00","caller":"stat/usage.go:61","content":"CPU: 17m, MEMORY: Alloc=10.9Mi, TotalAlloc=3867.3Mi, Sys=30.8Mi, NumGC=653","level":"stat"}
{"@timestamp":"2025-02-16T14:28:12.286+08:00","caller":"load/sheddingstat.go:61","content":"(rpc) shedding_stat [1m], cpu: 17, total: 0, pass: 0, drop: 0","level":"stat"}
{"@timestamp":"2025-02-16T14:29:12.229+08:00","caller":"stat/usage.go:61","content":"CPU: 17m, MEMORY: Alloc=8.3Mi, TotalAlloc=3872.0Mi, Sys=30.8Mi, NumGC=654","level":"stat"}
{"@timestamp":"2025-02-16T14:29:12.285+08:00","caller":"load/sheddingstat.go:61","content":"(rpc) shedding_stat [1m], cpu: 17, total: 0, pass: 0, drop: 0","level":"stat"}
{"@timestamp":"2025-02-16T14:30:12.230+08:00","caller":"stat/usage.go:61","content":"CPU: 16m, MEMORY: Alloc=9.8Mi, TotalAlloc=3879.1Mi, Sys=30.8Mi, NumGC=655","level":"stat"}
{"@timestamp":"2025-02-16T14:30:12.285+08:00","caller":"load/sheddingstat.go:61","content":"(rpc) shedding_stat [1m], cpu: 16, total: 0, pass: 0, drop: 0","level":"stat"}
{"@timestamp":"2025-02-16T14:31:12.230+08:00","caller":"stat/usage.go:61","content":"CPU: 17m, MEMORY: Alloc=10.4Mi, TotalAlloc=3885.4Mi, Sys=30.8Mi, NumGC=656","level":"stat"}
{"@timestamp":"2025-02-16T14:31:12.285+08:00","caller":"load/sheddingstat.go:61","content":"(rpc) shedding_stat [1m], cpu: 17, total: 0, pass: 0, drop: 0","level":"stat"}
{"@timestamp":"2025-02-16T14:32:12.230+08:00","caller":"stat/usage.go:61","content":"CPU: 16m, MEMORY: Alloc=12.0Mi, TotalAlloc=3891.8Mi, Sys=30.8Mi, NumGC=657","level":"stat"}
{"@timestamp":"2025-02-16T14:32:12.285+08:00","caller":"load/sheddingstat.go:61","content":"(rpc) shedding_stat [1m], cpu: 16, total: 0, pass: 0, drop: 0","level":"stat"}
{"@timestamp":"2025-02-16T14:33:12.229+08:00","caller":"stat/usage.go:61","content":"CPU: 16m, MEMORY: Alloc=11.6Mi, TotalAlloc=3898.1Mi, Sys=30.8Mi, NumGC=658","level":"stat"}
{"@timestamp":"2025-02-16T14:33:12.285+08:00","caller":"load/sheddingstat.go:61","content":"(rpc) shedding_stat [1m], cpu: 16, total: 0, pass: 0, drop: 0","level":"stat"}
{"@timestamp":"2025-02-16T14:34:12.231+08:00","caller":"stat/usage.go:61","content":"CPU: 18m, MEMORY: Alloc=10.5Mi, TotalAlloc=3904.5Mi, Sys=30.8Mi, NumGC=659","level":"stat"}
{"@timestamp":"2025-02-16T14:34:12.285+08:00","caller":"load/sheddingstat.go:61","content":"(rpc) shedding_stat [1m], cpu: 18, total: 0, pass: 0, drop: 0","level":"stat"}
{"@timestamp":"2025-02-16T14:35:12.230+08:00","caller":"stat/usage.go:61","content":"CPU: 18m, MEMORY: Alloc=11.5Mi, TotalAlloc=3909.9Mi, Sys=30.8Mi, NumGC=660","level":"stat"}
{"@timestamp":"2025-02-16T14:35:12.286+08:00","caller":"load/sheddingstat.go:61","content":"(rpc) shedding_stat [1m], cpu: 18, total: 0, pass: 0, drop: 0","level":"stat"}
{"@timestamp":"2025-02-16T14:36:12.230+08:00","caller":"stat/usage.go:61","content":"CPU: 18m, MEMORY: Alloc=8.5Mi, TotalAlloc=3914.6Mi, Sys=30.8Mi, NumGC=661","level":"stat"}
{"@timestamp":"2025-02-16T14:36:12.286+08:00","caller":"load/sheddingstat.go:61","content":"(rpc) shedding_stat [1m], cpu: 18, total: 0, pass: 0, drop: 0","level":"stat"}
{"@timestamp":"2025-02-16T14:37:12.230+08:00","caller":"stat/usage.go:61","content":"CPU: 16m, MEMORY: Alloc=9.0Mi, TotalAlloc=3920.9Mi, Sys=30.8Mi, NumGC=662","level":"stat"}
{"@timestamp":"2025-02-16T14:37:12.286+08:00","caller":"load/sheddingstat.go:61","content":"(rpc) shedding_stat [1m], cpu: 16, total: 0, pass: 0, drop: 0","level":"stat"}
{"@timestamp":"2025-02-16T14:38:12.230+08:00","caller":"stat/usage.go:61","content":"CPU: 16m, MEMORY: Alloc=9.3Mi, TotalAlloc=3928.1Mi, Sys=30.8Mi, NumGC=663","level":"stat"}
{"@timestamp":"2025-02-16T14:38:12.286+08:00","caller":"load/sheddingstat.go:61","content":"(rpc) shedding_stat [1m], cpu: 16, total: 0, pass: 0, drop: 0","level":"stat"}
{"@timestamp":"2025-02-16T14:39:12.229+08:00","caller":"stat/usage.go:61","content":"CPU: 16m, MEMORY: Alloc=10.2Mi, TotalAlloc=3934.4Mi, Sys=30.8Mi, NumGC=664","level":"stat"}
{"@timestamp":"2025-02-16T14:39:12.285+08:00","caller":"load/sheddingstat.go:61","content":"(rpc) shedding_stat [1m], cpu: 16, total: 0, pass: 0, drop: 0","level":"stat"}
{"@timestamp":"2025-02-16T14:40:12.230+08:00","caller":"stat/usage.go:61","content":"CPU: 20m, MEMORY: Alloc=11.5Mi, TotalAlloc=3940.7Mi, Sys=30.8Mi, NumGC=665","level":"stat"}
{"@timestamp":"2025-02-16T14:40:12.285+08:00","caller":"load/sheddingstat.go:61","content":"(rpc) shedding_stat [1m], cpu: 20, total: 0, pass: 0, drop: 0","level":"stat"}
{"@timestamp":"2025-02-16T14:41:12.229+08:00","caller":"stat/usage.go:61","content":"CPU: 17m, MEMORY: Alloc=12.3Mi, TotalAlloc=3947.1Mi, Sys=30.8Mi, NumGC=666","level":"stat"}
{"@timestamp":"2025-02-16T14:41:12.285+08:00","caller":"load/sheddingstat.go:61","content":"(rpc) shedding_stat [1m], cpu: 17, total: 0, pass: 0, drop: 0","level":"stat"}
{"@timestamp":"2025-02-16T14:42:12.230+08:00","caller":"stat/usage.go:61","content":"CPU: 16m, MEMORY: Alloc=9.5Mi, TotalAlloc=3952.6Mi, Sys=30.8Mi, NumGC=667","level":"stat"}
{"@timestamp":"2025-02-16T14:42:12.285+08:00","caller":"load/sheddingstat.go:61","content":"(rpc) shedding_stat [1m], cpu: 16, total: 0, pass: 0, drop: 0","level":"stat"}
{"@timestamp":"2025-02-16T14:43:12.230+08:00","caller":"stat/usage.go:61","content":"CPU: 16m, MEMORY: Alloc=10.4Mi, TotalAlloc=3958.9Mi, Sys=30.8Mi, NumGC=668","level":"stat"}
{"@timestamp":"2025-02-16T14:43:12.286+08:00","caller":"load/sheddingstat.go:61","content":"(rpc) shedding_stat [1m], cpu: 16, total: 0, pass: 0, drop: 0","level":"stat"}
{"@timestamp":"2025-02-16T14:44:12.230+08:00","caller":"stat/usage.go:61","content":"CPU: 16m, MEMORY: Alloc=11.6Mi, TotalAlloc=3965.2Mi, Sys=30.8Mi, NumGC=669","level":"stat"}
{"@timestamp":"2025-02-16T14:44:12.285+08:00","caller":"load/sheddingstat.go:61","content":"(rpc) shedding_stat [1m], cpu: 16, total: 0, pass: 0, drop: 0","level":"stat"}
{"@timestamp":"2025-02-16T14:45:12.230+08:00","caller":"stat/usage.go:61","content":"CPU: 19m, MEMORY: Alloc=12.4Mi, TotalAlloc=3971.4Mi, Sys=30.8Mi, NumGC=670","level":"stat"}
{"@timestamp":"2025-02-16T14:45:12.286+08:00","caller":"load/sheddingstat.go:61","content":"(rpc) shedding_stat [1m], cpu: 19, total: 0, pass: 0, drop: 0","level":"stat"}
{"@timestamp":"2025-02-16T14:46:12.230+08:00","caller":"stat/usage.go:61","content":"CPU: 21m, MEMORY: Alloc=10.0Mi, TotalAlloc=3976.9Mi, Sys=30.8Mi, NumGC=671","level":"stat"}
{"@timestamp":"2025-02-16T14:46:12.286+08:00","caller":"load/sheddingstat.go:61","content":"(rpc) shedding_stat [1m], cpu: 21, total: 0, pass: 0, drop: 0","level":"stat"}
{"@timestamp":"2025-02-16T14:47:12.230+08:00","caller":"stat/usage.go:61","content":"CPU: 17m, MEMORY: Alloc=8.4Mi, TotalAlloc=3984.1Mi, Sys=30.8Mi, NumGC=673","level":"stat"}
{"@timestamp":"2025-02-16T14:47:12.286+08:00","caller":"load/sheddingstat.go:61","content":"(rpc) shedding_stat [1m], cpu: 17, total: 0, pass: 0, drop: 0","level":"stat"}
{"@timestamp":"2025-02-16T14:48:12.230+08:00","caller":"stat/usage.go:61","content":"CPU: 18m, MEMORY: Alloc=9.5Mi, TotalAlloc=3991.3Mi, Sys=30.8Mi, NumGC=674","level":"stat"}
{"@timestamp":"2025-02-16T14:48:12.286+08:00","caller":"load/sheddingstat.go:61","content":"(rpc) shedding_stat [1m], cpu: 18, total: 0, pass: 0, drop: 0","level":"stat"}
{"@timestamp":"2025-02-16T14:49:12.230+08:00","caller":"stat/usage.go:61","content":"CPU: 19m, MEMORY: Alloc=8.0Mi, TotalAlloc=3998.4Mi, Sys=30.8Mi, NumGC=676","level":"stat"}
{"@timestamp":"2025-02-16T14:49:12.285+08:00","caller":"load/sheddingstat.go:61","content":"(rpc) shedding_stat [1m], cpu: 19, total: 0, pass: 0, drop: 0","level":"stat"}
{"@timestamp":"2025-02-16T14:50:12.230+08:00","caller":"stat/usage.go:61","content":"CPU: 16m, MEMORY: Alloc=8.4Mi, TotalAlloc=4005.5Mi, Sys=30.8Mi, NumGC=677","level":"stat"}
{"@timestamp":"2025-02-16T14:50:12.285+08:00","caller":"load/sheddingstat.go:61","content":"(rpc) shedding_stat [1m], cpu: 16, total: 0, pass: 0, drop: 0","level":"stat"}
{"@timestamp":"2025-02-16T14:51:12.231+08:00","caller":"stat/usage.go:61","content":"CPU: 15m, MEMORY: Alloc=8.7Mi, TotalAlloc=4011.9Mi, Sys=30.8Mi, NumGC=678","level":"stat"}
{"@timestamp":"2025-02-16T14:51:12.285+08:00","caller":"load/sheddingstat.go:61","content":"(rpc) shedding_stat [1m], cpu: 15, total: 0, pass: 0, drop: 0","level":"stat"}
{"@timestamp":"2025-02-16T14:52:12.231+08:00","caller":"stat/usage.go:61","content":"CPU: 17m, MEMORY: Alloc=6.1Mi, TotalAlloc=4018.2Mi, Sys=30.8Mi, NumGC=680","level":"stat"}
{"@timestamp":"2025-02-16T14:52:12.285+08:00","caller":"load/sheddingstat.go:61","content":"(rpc) shedding_stat [1m], cpu: 17, total: 0, pass: 0, drop: 0","level":"stat"}
{"@timestamp":"2025-02-16T14:53:12.230+08:00","caller":"stat/usage.go:61","content":"CPU: 19m, MEMORY: Alloc=9.7Mi, TotalAlloc=4026.1Mi, Sys=30.8Mi, NumGC=681","level":"stat"}
{"@timestamp":"2025-02-16T14:53:12.285+08:00","caller":"load/sheddingstat.go:61","content":"(rpc) shedding_stat [1m], cpu: 19, total: 0, pass: 0, drop: 0","level":"stat"}
{"@timestamp":"2025-02-16T14:54:12.230+08:00","caller":"stat/usage.go:61","content":"CPU: 17m, MEMORY: Alloc=11.2Mi, TotalAlloc=4033.2Mi, Sys=30.8Mi, NumGC=682","level":"stat"}
{"@timestamp":"2025-02-16T14:54:12.285+08:00","caller":"load/sheddingstat.go:61","content":"(rpc) shedding_stat [1m], cpu: 17, total: 0, pass: 0, drop: 0","level":"stat"}
{"@timestamp":"2025-02-16T14:55:12.230+08:00","caller":"stat/usage.go:61","content":"CPU: 15m, MEMORY: Alloc=7.0Mi, TotalAlloc=4040.3Mi, Sys=30.8Mi, NumGC=684","level":"stat"}
{"@timestamp":"2025-02-16T14:55:12.286+08:00","caller":"load/sheddingstat.go:61","content":"(rpc) shedding_stat [1m], cpu: 15, total: 0, pass: 0, drop: 0","level":"stat"}
{"@timestamp":"2025-02-16T14:56:12.230+08:00","caller":"stat/usage.go:61","content":"CPU: 16m, MEMORY: Alloc=7.3Mi, TotalAlloc=4047.4Mi, Sys=30.8Mi, NumGC=685","level":"stat"}
{"@timestamp":"2025-02-16T14:56:12.285+08:00","caller":"load/sheddingstat.go:61","content":"(rpc) shedding_stat [1m], cpu: 16, total: 0, pass: 0, drop: 0","level":"stat"}
{"@timestamp":"2025-02-16T14:57:12.230+08:00","caller":"stat/usage.go:61","content":"CPU: 16m, MEMORY: Alloc=8.4Mi, TotalAlloc=4053.7Mi, Sys=30.8Mi, NumGC=686","level":"stat"}
{"@timestamp":"2025-02-16T14:57:12.286+08:00","caller":"load/sheddingstat.go:61","content":"(rpc) shedding_stat [1m], cpu: 16, total: 0, pass: 0, drop: 0","level":"stat"}
{"@timestamp":"2025-02-16T14:58:12.229+08:00","caller":"stat/usage.go:61","content":"CPU: 16m, MEMORY: Alloc=7.9Mi, TotalAlloc=4059.2Mi, Sys=30.8Mi, NumGC=687","level":"stat"}
{"@timestamp":"2025-02-16T14:58:12.285+08:00","caller":"load/sheddingstat.go:61","content":"(rpc) shedding_stat [1m], cpu: 16, total: 0, pass: 0, drop: 0","level":"stat"}
{"@timestamp":"2025-02-16T14:59:12.231+08:00","caller":"stat/usage.go:61","content":"CPU: 16m, MEMORY: Alloc=6.4Mi, TotalAlloc=4065.5Mi, Sys=30.8Mi, NumGC=689","level":"stat"}
{"@timestamp":"2025-02-16T14:59:12.286+08:00","caller":"load/sheddingstat.go:61","content":"(rpc) shedding_stat [1m], cpu: 16, total: 0, pass: 0, drop: 0","level":"stat"}
{"@timestamp":"2025-02-16T15:00:12.230+08:00","caller":"stat/usage.go:61","content":"CPU: 17m, MEMORY: Alloc=10.2Mi, TotalAlloc=4072.7Mi, Sys=30.8Mi, NumGC=690","level":"stat"}
{"@timestamp":"2025-02-16T15:00:12.286+08:00","caller":"load/sheddingstat.go:61","content":"(rpc) shedding_stat [1m], cpu: 17, total: 0, pass: 0, drop: 0","level":"stat"}
{"@timestamp":"2025-02-16T15:01:12.230+08:00","caller":"stat/usage.go:61","content":"CPU: 16m, MEMORY: Alloc=7.4Mi, TotalAlloc=4079.8Mi, Sys=30.8Mi, NumGC=692","level":"stat"}
{"@timestamp":"2025-02-16T15:01:12.285+08:00","caller":"load/sheddingstat.go:61","content":"(rpc) shedding_stat [1m], cpu: 16, total: 0, pass: 0, drop: 0","level":"stat"}
{"@timestamp":"2025-02-16T15:02:12.230+08:00","caller":"stat/usage.go:61","content":"CPU: 16m, MEMORY: Alloc=9.4Mi, TotalAlloc=4086.1Mi, Sys=30.8Mi, NumGC=693","level":"stat"}
{"@timestamp":"2025-02-16T15:02:12.285+08:00","caller":"load/sheddingstat.go:61","content":"(rpc) shedding_stat [1m], cpu: 16, total: 0, pass: 0, drop: 0","level":"stat"}
{"@timestamp":"2025-02-16T15:03:12.229+08:00","caller":"stat/usage.go:61","content":"CPU: 16m, MEMORY: Alloc=11.2Mi, TotalAlloc=4093.3Mi, Sys=30.8Mi, NumGC=694","level":"stat"}
{"@timestamp":"2025-02-16T15:03:12.285+08:00","caller":"load/sheddingstat.go:61","content":"(rpc) shedding_stat [1m], cpu: 16, total: 0, pass: 0, drop: 0","level":"stat"}
{"@timestamp":"2025-02-16T15:04:12.230+08:00","caller":"stat/usage.go:61","content":"CPU: 16m, MEMORY: Alloc=9.7Mi, TotalAlloc=4098.8Mi, Sys=30.8Mi, NumGC=695","level":"stat"}
{"@timestamp":"2025-02-16T15:04:12.285+08:00","caller":"load/sheddingstat.go:61","content":"(rpc) shedding_stat [1m], cpu: 16, total: 0, pass: 0, drop: 0","level":"stat"}
{"@timestamp":"2025-02-16T15:05:12.231+08:00","caller":"stat/usage.go:61","content":"CPU: 16m, MEMORY: Alloc=14.4Mi, TotalAlloc=4103.4Mi, Sys=30.8Mi, NumGC=695","level":"stat"}
{"@timestamp":"2025-02-16T15:05:12.286+08:00","caller":"load/sheddingstat.go:61","content":"(rpc) shedding_stat [1m], cpu: 16, total: 0, pass: 0, drop: 0","level":"stat"}
{"@timestamp":"2025-02-16T15:06:12.229+08:00","caller":"stat/usage.go:61","content":"CPU: 22m, MEMORY: Alloc=7.1Mi, TotalAlloc=4110.5Mi, Sys=30.8Mi, NumGC=697","level":"stat"}
{"@timestamp":"2025-02-16T15:06:12.286+08:00","caller":"load/sheddingstat.go:61","content":"(rpc) shedding_stat [1m], cpu: 22, total: 0, pass: 0, drop: 0","level":"stat"}
{"@timestamp":"2025-02-16T15:07:12.230+08:00","caller":"stat/usage.go:61","content":"CPU: 16m, MEMORY: Alloc=7.5Mi, TotalAlloc=4117.7Mi, Sys=30.8Mi, NumGC=698","level":"stat"}
{"@timestamp":"2025-02-16T15:07:12.285+08:00","caller":"load/sheddingstat.go:61","content":"(rpc) shedding_stat [1m], cpu: 16, total: 0, pass: 0, drop: 0","level":"stat"}
{"@timestamp":"2025-02-16T15:08:12.230+08:00","caller":"stat/usage.go:61","content":"CPU: 17m, MEMORY: Alloc=8.7Mi, TotalAlloc=4124.0Mi, Sys=30.8Mi, NumGC=699","level":"stat"}
{"@timestamp":"2025-02-16T15:08:12.286+08:00","caller":"load/sheddingstat.go:61","content":"(rpc) shedding_stat [1m], cpu: 17, total: 0, pass: 0, drop: 0","level":"stat"}
{"@timestamp":"2025-02-16T15:09:12.231+08:00","caller":"stat/usage.go:61","content":"CPU: 17m, MEMORY: Alloc=8.8Mi, TotalAlloc=4129.5Mi, Sys=30.8Mi, NumGC=700","level":"stat"}
{"@timestamp":"2025-02-16T15:09:12.285+08:00","caller":"load/sheddingstat.go:61","content":"(rpc) shedding_stat [1m], cpu: 17, total: 0, pass: 0, drop: 0","level":"stat"}
{"@timestamp":"2025-02-16T15:10:12.230+08:00","caller":"stat/usage.go:61","content":"CPU: 17m, MEMORY: Alloc=11.4Mi, TotalAlloc=4136.6Mi, Sys=30.8Mi, NumGC=701","level":"stat"}
{"@timestamp":"2025-02-16T15:10:12.286+08:00","caller":"load/sheddingstat.go:61","content":"(rpc) shedding_stat [1m], cpu: 17, total: 0, pass: 0, drop: 0","level":"stat"}
{"@timestamp":"2025-02-16T15:11:12.230+08:00","caller":"stat/usage.go:61","content":"CPU: 17m, MEMORY: Alloc=13.1Mi, TotalAlloc=4143.7Mi, Sys=30.8Mi, NumGC=702","level":"stat"}
{"@timestamp":"2025-02-16T15:11:12.285+08:00","caller":"load/sheddingstat.go:61","content":"(rpc) shedding_stat [1m], cpu: 17, total: 0, pass: 0, drop: 0","level":"stat"}
{"@timestamp":"2025-02-16T15:12:12.230+08:00","caller":"stat/usage.go:61","content":"CPU: 18m, MEMORY: Alloc=11.5Mi, TotalAlloc=4149.2Mi, Sys=30.8Mi, NumGC=703","level":"stat"}
{"@timestamp":"2025-02-16T15:12:12.286+08:00","caller":"load/sheddingstat.go:61","content":"(rpc) shedding_stat [1m], cpu: 18, total: 0, pass: 0, drop: 0","level":"stat"}
{"@timestamp":"2025-02-16T15:13:12.230+08:00","caller":"stat/usage.go:61","content":"CPU: 17m, MEMORY: Alloc=11.6Mi, TotalAlloc=4156.4Mi, Sys=30.8Mi, NumGC=704","level":"stat"}
{"@timestamp":"2025-02-16T15:13:12.286+08:00","caller":"load/sheddingstat.go:61","content":"(rpc) shedding_stat [1m], cpu: 17, total: 0, pass: 0, drop: 0","level":"stat"}
{"@timestamp":"2025-02-16T15:14:12.229+08:00","caller":"stat/usage.go:61","content":"CPU: 17m, MEMORY: Alloc=10.1Mi, TotalAlloc=4162.7Mi, Sys=30.8Mi, NumGC=705","level":"stat"}
{"@timestamp":"2025-02-16T15:14:12.285+08:00","caller":"load/sheddingstat.go:61","content":"(rpc) shedding_stat [1m], cpu: 17, total: 0, pass: 0, drop: 0","level":"stat"}
{"@timestamp":"2025-02-16T15:15:12.230+08:00","caller":"stat/usage.go:61","content":"CPU: 18m, MEMORY: Alloc=10.8Mi, TotalAlloc=4169.8Mi, Sys=30.8Mi, NumGC=706","level":"stat"}
{"@timestamp":"2025-02-16T15:15:12.286+08:00","caller":"load/sheddingstat.go:61","content":"(rpc) shedding_stat [1m], cpu: 18, total: 0, pass: 0, drop: 0","level":"stat"}
{"@timestamp":"2025-02-16T15:16:12.230+08:00","caller":"stat/usage.go:61","content":"CPU: 16m, MEMORY: Alloc=9.5Mi, TotalAlloc=4175.3Mi, Sys=30.8Mi, NumGC=707","level":"stat"}
{"@timestamp":"2025-02-16T15:16:12.285+08:00","caller":"load/sheddingstat.go:61","content":"(rpc) shedding_stat [1m], cpu: 16, total: 0, pass: 0, drop: 0","level":"stat"}
{"@timestamp":"2025-02-16T15:17:12.230+08:00","caller":"stat/usage.go:61","content":"CPU: 18m, MEMORY: Alloc=8.3Mi, TotalAlloc=4180.0Mi, Sys=30.8Mi, NumGC=708","level":"stat"}
{"@timestamp":"2025-02-16T15:17:12.286+08:00","caller":"load/sheddingstat.go:61","content":"(rpc) shedding_stat [1m], cpu: 18, total: 0, pass: 0, drop: 0","level":"stat"}
{"@timestamp":"2025-02-16T15:18:12.230+08:00","caller":"stat/usage.go:61","content":"CPU: 17m, MEMORY: Alloc=6.2Mi, TotalAlloc=4184.6Mi, Sys=30.8Mi, NumGC=709","level":"stat"}
{"@timestamp":"2025-02-16T15:18:12.286+08:00","caller":"load/sheddingstat.go:61","content":"(rpc) shedding_stat [1m], cpu: 17, total: 0, pass: 0, drop: 0","level":"stat"}
{"@timestamp":"2025-02-16T15:19:12.230+08:00","caller":"stat/usage.go:61","content":"CPU: 23m, MEMORY: Alloc=7.9Mi, TotalAlloc=4191.8Mi, Sys=30.8Mi, NumGC=710","level":"stat"}
{"@timestamp":"2025-02-16T15:19:12.286+08:00","caller":"load/sheddingstat.go:61","content":"(rpc) shedding_stat [1m], cpu: 23, total: 0, pass: 0, drop: 0","level":"stat"}
{"@timestamp":"2025-02-16T15:20:12.230+08:00","caller":"stat/usage.go:61","content":"CPU: 18m, MEMORY: Alloc=10.2Mi, TotalAlloc=4198.9Mi, Sys=30.8Mi, NumGC=711","level":"stat"}
{"@timestamp":"2025-02-16T15:20:12.286+08:00","caller":"load/sheddingstat.go:61","content":"(rpc) shedding_stat [1m], cpu: 18, total: 0, pass: 0, drop: 0","level":"stat"}
{"@timestamp":"2025-02-16T15:21:12.230+08:00","caller":"stat/usage.go:61","content":"CPU: 19m, MEMORY: Alloc=9.5Mi, TotalAlloc=4205.2Mi, Sys=30.8Mi, NumGC=712","level":"stat"}
{"@timestamp":"2025-02-16T15:21:12.286+08:00","caller":"load/sheddingstat.go:61","content":"(rpc) shedding_stat [1m], cpu: 19, total: 0, pass: 0, drop: 0","level":"stat"}
{"@timestamp":"2025-02-16T15:22:12.230+08:00","caller":"stat/usage.go:61","content":"CPU: 19m, MEMORY: Alloc=9.3Mi, TotalAlloc=4210.6Mi, Sys=30.8Mi, NumGC=713","level":"stat"}
{"@timestamp":"2025-02-16T15:22:12.286+08:00","caller":"load/sheddingstat.go:61","content":"(rpc) shedding_stat [1m], cpu: 19, total: 0, pass: 0, drop: 0","level":"stat"}
{"@timestamp":"2025-02-16T15:23:12.230+08:00","caller":"stat/usage.go:61","content":"CPU: 17m, MEMORY: Alloc=8.4Mi, TotalAlloc=4215.3Mi, Sys=30.8Mi, NumGC=714","level":"stat"}
{"@timestamp":"2025-02-16T15:23:12.286+08:00","caller":"load/sheddingstat.go:61","content":"(rpc) shedding_stat [1m], cpu: 17, total: 0, pass: 0, drop: 0","level":"stat"}
{"@timestamp":"2025-02-16T15:24:12.231+08:00","caller":"stat/usage.go:61","content":"CPU: 17m, MEMORY: Alloc=10.9Mi, TotalAlloc=4222.4Mi, Sys=30.8Mi, NumGC=715","level":"stat"}
{"@timestamp":"2025-02-16T15:24:12.285+08:00","caller":"load/sheddingstat.go:61","content":"(rpc) shedding_stat [1m], cpu: 17, total: 0, pass: 0, drop: 0","level":"stat"}
{"@timestamp":"2025-02-16T15:25:12.230+08:00","caller":"stat/usage.go:61","content":"CPU: 16m, MEMORY: Alloc=10.6Mi, TotalAlloc=4228.7Mi, Sys=30.8Mi, NumGC=716","level":"stat"}
{"@timestamp":"2025-02-16T15:25:12.285+08:00","caller":"load/sheddingstat.go:61","content":"(rpc) shedding_stat [1m], cpu: 16, total: 0, pass: 0, drop: 0","level":"stat"}
{"@timestamp":"2025-02-16T15:26:12.230+08:00","caller":"stat/usage.go:61","content":"CPU: 17m, MEMORY: Alloc=10.5Mi, TotalAlloc=4235.0Mi, Sys=30.8Mi, NumGC=717","level":"stat"}
{"@timestamp":"2025-02-16T15:26:12.286+08:00","caller":"load/sheddingstat.go:61","content":"(rpc) shedding_stat [1m], cpu: 17, total: 0, pass: 0, drop: 0","level":"stat"}
{"@timestamp":"2025-02-16T15:27:12.229+08:00","caller":"stat/usage.go:61","content":"CPU: 16m, MEMORY: Alloc=6.9Mi, TotalAlloc=4242.9Mi, Sys=30.8Mi, NumGC=719","level":"stat"}
{"@timestamp":"2025-02-16T15:27:12.286+08:00","caller":"load/sheddingstat.go:61","content":"(rpc) shedding_stat [1m], cpu: 16, total: 0, pass: 0, drop: 0","level":"stat"}
{"@timestamp":"2025-02-16T15:28:12.230+08:00","caller":"stat/usage.go:61","content":"CPU: 17m, MEMORY: Alloc=8.0Mi, TotalAlloc=4249.3Mi, Sys=30.8Mi, NumGC=720","level":"stat"}
{"@timestamp":"2025-02-16T15:28:12.286+08:00","caller":"load/sheddingstat.go:61","content":"(rpc) shedding_stat [1m], cpu: 17, total: 0, pass: 0, drop: 0","level":"stat"}
{"@timestamp":"2025-02-16T15:29:12.230+08:00","caller":"stat/usage.go:61","content":"CPU: 16m, MEMORY: Alloc=7.2Mi, TotalAlloc=4256.5Mi, Sys=30.8Mi, NumGC=722","level":"stat"}
{"@timestamp":"2025-02-16T15:29:12.286+08:00","caller":"load/sheddingstat.go:61","content":"(rpc) shedding_stat [1m], cpu: 16, total: 0, pass: 0, drop: 0","level":"stat"}
{"@timestamp":"2025-02-16T15:30:12.229+08:00","caller":"stat/usage.go:61","content":"CPU: 16m, MEMORY: Alloc=11.3Mi, TotalAlloc=4264.4Mi, Sys=30.8Mi, NumGC=723","level":"stat"}
{"@timestamp":"2025-02-16T15:30:12.286+08:00","caller":"load/sheddingstat.go:61","content":"(rpc) shedding_stat [1m], cpu: 16, total: 0, pass: 0, drop: 0","level":"stat"}
{"@timestamp":"2025-02-16T15:31:12.230+08:00","caller":"stat/usage.go:61","content":"CPU: 17m, MEMORY: Alloc=10.9Mi, TotalAlloc=4269.1Mi, Sys=30.8Mi, NumGC=724","level":"stat"}
{"@timestamp":"2025-02-16T15:31:12.286+08:00","caller":"load/sheddingstat.go:61","content":"(rpc) shedding_stat [1m], cpu: 17, total: 0, pass: 0, drop: 0","level":"stat"}
{"@timestamp":"2025-02-16T15:32:12.229+08:00","caller":"stat/usage.go:61","content":"CPU: 21m, MEMORY: Alloc=11.3Mi, TotalAlloc=4274.6Mi, Sys=30.8Mi, NumGC=725","level":"stat"}
{"@timestamp":"2025-02-16T15:32:12.286+08:00","caller":"load/sheddingstat.go:61","content":"(rpc) shedding_stat [1m], cpu: 21, total: 0, pass: 0, drop: 0","level":"stat"}
{"@timestamp":"2025-02-16T15:33:12.229+08:00","caller":"stat/usage.go:61","content":"CPU: 16m, MEMORY: Alloc=5.9Mi, TotalAlloc=4280.9Mi, Sys=30.8Mi, NumGC=727","level":"stat"}
{"@timestamp":"2025-02-16T15:33:12.285+08:00","caller":"load/sheddingstat.go:61","content":"(rpc) shedding_stat [1m], cpu: 16, total: 0, pass: 0, drop: 0","level":"stat"}
{"@timestamp":"2025-02-16T15:34:12.229+08:00","caller":"stat/usage.go:61","content":"CPU: 19m, MEMORY: Alloc=9.2Mi, TotalAlloc=4288.0Mi, Sys=30.8Mi, NumGC=728","level":"stat"}
{"@timestamp":"2025-02-16T15:34:12.286+08:00","caller":"load/sheddingstat.go:61","content":"(rpc) shedding_stat [1m], cpu: 19, total: 0, pass: 0, drop: 0","level":"stat"}
{"@timestamp":"2025-02-16T15:35:12.229+08:00","caller":"stat/usage.go:61","content":"CPU: 17m, MEMORY: Alloc=9.2Mi, TotalAlloc=4294.3Mi, Sys=30.8Mi, NumGC=729","level":"stat"}
{"@timestamp":"2025-02-16T15:35:12.285+08:00","caller":"load/sheddingstat.go:61","content":"(rpc) shedding_stat [1m], cpu: 17, total: 0, pass: 0, drop: 0","level":"stat"}
{"@timestamp":"2025-02-16T15:36:12.230+08:00","caller":"stat/usage.go:61","content":"CPU: 17m, MEMORY: Alloc=11.3Mi, TotalAlloc=4301.4Mi, Sys=30.8Mi, NumGC=730","level":"stat"}
{"@timestamp":"2025-02-16T15:36:12.285+08:00","caller":"load/sheddingstat.go:61","content":"(rpc) shedding_stat [1m], cpu: 17, total: 0, pass: 0, drop: 0","level":"stat"}
{"@timestamp":"2025-02-16T15:37:12.230+08:00","caller":"stat/usage.go:61","content":"CPU: 16m, MEMORY: Alloc=10.9Mi, TotalAlloc=4307.8Mi, Sys=30.8Mi, NumGC=731","level":"stat"}
{"@timestamp":"2025-02-16T15:37:12.286+08:00","caller":"load/sheddingstat.go:61","content":"(rpc) shedding_stat [1m], cpu: 16, total: 0, pass: 0, drop: 0","level":"stat"}
{"@timestamp":"2025-02-16T15:38:12.230+08:00","caller":"stat/usage.go:61","content":"CPU: 17m, MEMORY: Alloc=6.8Mi, TotalAlloc=4313.3Mi, Sys=30.8Mi, NumGC=733","level":"stat"}
{"@timestamp":"2025-02-16T15:38:12.286+08:00","caller":"load/sheddingstat.go:61","content":"(rpc) shedding_stat [1m], cpu: 17, total: 0, pass: 0, drop: 0","level":"stat"}
{"@timestamp":"2025-02-16T15:39:12.230+08:00","caller":"stat/usage.go:61","content":"CPU: 16m, MEMORY: Alloc=8.4Mi, TotalAlloc=4318.8Mi, Sys=30.8Mi, NumGC=734","level":"stat"}
{"@timestamp":"2025-02-16T15:39:12.285+08:00","caller":"load/sheddingstat.go:61","content":"(rpc) shedding_stat [1m], cpu: 16, total: 0, pass: 0, drop: 0","level":"stat"}
{"@timestamp":"2025-02-16T15:40:12.230+08:00","caller":"stat/usage.go:61","content":"CPU: 17m, MEMORY: Alloc=5.1Mi, TotalAlloc=4324.3Mi, Sys=30.8Mi, NumGC=736","level":"stat"}
{"@timestamp":"2025-02-16T15:40:12.285+08:00","caller":"load/sheddingstat.go:61","content":"(rpc) shedding_stat [1m], cpu: 17, total: 0, pass: 0, drop: 0","level":"stat"}
{"@timestamp":"2025-02-16T15:41:12.230+08:00","caller":"stat/usage.go:61","content":"CPU: 19m, MEMORY: Alloc=7.1Mi, TotalAlloc=4332.2Mi, Sys=30.8Mi, NumGC=738","level":"stat"}
{"@timestamp":"2025-02-16T15:41:12.286+08:00","caller":"load/sheddingstat.go:61","content":"(rpc) shedding_stat [1m], cpu: 19, total: 0, pass: 0, drop: 0","level":"stat"}
{"@timestamp":"2025-02-16T15:42:12.230+08:00","caller":"stat/usage.go:61","content":"CPU: 17m, MEMORY: Alloc=8.1Mi, TotalAlloc=4337.7Mi, Sys=30.8Mi, NumGC=739","level":"stat"}
{"@timestamp":"2025-02-16T15:42:12.286+08:00","caller":"load/sheddingstat.go:61","content":"(rpc) shedding_stat [1m], cpu: 17, total: 0, pass: 0, drop: 0","level":"stat"}
{"@timestamp":"2025-02-16T15:43:12.230+08:00","caller":"stat/usage.go:61","content":"CPU: 17m, MEMORY: Alloc=7.4Mi, TotalAlloc=4342.4Mi, Sys=30.8Mi, NumGC=740","level":"stat"}
{"@timestamp":"2025-02-16T15:43:12.286+08:00","caller":"load/sheddingstat.go:61","content":"(rpc) shedding_stat [1m], cpu: 17, total: 0, pass: 0, drop: 0","level":"stat"}
{"@timestamp":"2025-02-16T15:44:12.231+08:00","caller":"stat/usage.go:61","content":"CPU: 17m, MEMORY: Alloc=9.7Mi, TotalAlloc=4348.7Mi, Sys=30.8Mi, NumGC=741","level":"stat"}
{"@timestamp":"2025-02-16T15:44:12.286+08:00","caller":"load/sheddingstat.go:61","content":"(rpc) shedding_stat [1m], cpu: 17, total: 0, pass: 0, drop: 0","level":"stat"}
{"@timestamp":"2025-02-16T15:45:12.230+08:00","caller":"stat/usage.go:61","content":"CPU: 21m, MEMORY: Alloc=7.3Mi, TotalAlloc=4355.8Mi, Sys=30.8Mi, NumGC=743","level":"stat"}
{"@timestamp":"2025-02-16T15:45:12.286+08:00","caller":"load/sheddingstat.go:61","content":"(rpc) shedding_stat [1m], cpu: 21, total: 0, pass: 0, drop: 0","level":"stat"}
{"@timestamp":"2025-02-16T15:46:12.230+08:00","caller":"stat/usage.go:61","content":"CPU: 16m, MEMORY: Alloc=9.3Mi, TotalAlloc=4362.9Mi, Sys=30.8Mi, NumGC=744","level":"stat"}
{"@timestamp":"2025-02-16T15:46:12.286+08:00","caller":"load/sheddingstat.go:61","content":"(rpc) shedding_stat [1m], cpu: 16, total: 0, pass: 0, drop: 0","level":"stat"}
{"@timestamp":"2025-02-16T15:47:12.230+08:00","caller":"stat/usage.go:61","content":"CPU: 19m, MEMORY: Alloc=8.8Mi, TotalAlloc=4368.5Mi, Sys=30.8Mi, NumGC=745","level":"stat"}
{"@timestamp":"2025-02-16T15:47:12.286+08:00","caller":"load/sheddingstat.go:61","content":"(rpc) shedding_stat [1m], cpu: 19, total: 0, pass: 0, drop: 0","level":"stat"}
{"@timestamp":"2025-02-16T15:48:12.231+08:00","caller":"stat/usage.go:61","content":"CPU: 17m, MEMORY: Alloc=7.3Mi, TotalAlloc=4374.7Mi, Sys=30.8Mi, NumGC=747","level":"stat"}
{"@timestamp":"2025-02-16T15:48:12.286+08:00","caller":"load/sheddingstat.go:61","content":"(rpc) shedding_stat [1m], cpu: 17, total: 0, pass: 0, drop: 0","level":"stat"}
{"@timestamp":"2025-02-16T15:49:12.230+08:00","caller":"stat/usage.go:61","content":"CPU: 17m, MEMORY: Alloc=10.3Mi, TotalAlloc=4382.7Mi, Sys=30.8Mi, NumGC=748","level":"stat"}
{"@timestamp":"2025-02-16T15:49:12.285+08:00","caller":"load/sheddingstat.go:61","content":"(rpc) shedding_stat [1m], cpu: 17, total: 0, pass: 0, drop: 0","level":"stat"}
{"@timestamp":"2025-02-16T15:50:12.230+08:00","caller":"stat/usage.go:61","content":"CPU: 16m, MEMORY: Alloc=7.2Mi, TotalAlloc=4389.8Mi, Sys=30.8Mi, NumGC=750","level":"stat"}
{"@timestamp":"2025-02-16T15:50:12.286+08:00","caller":"load/sheddingstat.go:61","content":"(rpc) shedding_stat [1m], cpu: 16, total: 0, pass: 0, drop: 0","level":"stat"}
{"@timestamp":"2025-02-16T15:51:12.230+08:00","caller":"stat/usage.go:61","content":"CPU: 18m, MEMORY: Alloc=7.1Mi, TotalAlloc=4395.4Mi, Sys=30.8Mi, NumGC=751","level":"stat"}
{"@timestamp":"2025-02-16T15:51:12.285+08:00","caller":"load/sheddingstat.go:61","content":"(rpc) shedding_stat [1m], cpu: 18, total: 0, pass: 0, drop: 0","level":"stat"}
{"@timestamp":"2025-02-16T15:52:12.230+08:00","caller":"stat/usage.go:61","content":"CPU: 17m, MEMORY: Alloc=9.5Mi, TotalAlloc=4401.6Mi, Sys=30.8Mi, NumGC=752","level":"stat"}
{"@timestamp":"2025-02-16T15:52:12.286+08:00","caller":"load/sheddingstat.go:61","content":"(rpc) shedding_stat [1m], cpu: 17, total: 0, pass: 0, drop: 0","level":"stat"}
{"@timestamp":"2025-02-16T15:53:12.229+08:00","caller":"stat/usage.go:61","content":"CPU: 17m, MEMORY: Alloc=10.3Mi, TotalAlloc=4407.1Mi, Sys=30.8Mi, NumGC=753","level":"stat"}
{"@timestamp":"2025-02-16T15:53:12.285+08:00","caller":"load/sheddingstat.go:61","content":"(rpc) shedding_stat [1m], cpu: 17, total: 0, pass: 0, drop: 0","level":"stat"}
{"@timestamp":"2025-02-16T15:54:12.230+08:00","caller":"stat/usage.go:61","content":"CPU: 17m, MEMORY: Alloc=10.0Mi, TotalAlloc=4413.3Mi, Sys=30.8Mi, NumGC=754","level":"stat"}
{"@timestamp":"2025-02-16T15:54:12.286+08:00","caller":"load/sheddingstat.go:61","content":"(rpc) shedding_stat [1m], cpu: 17, total: 0, pass: 0, drop: 0","level":"stat"}
{"@timestamp":"2025-02-16T15:55:12.229+08:00","caller":"stat/usage.go:61","content":"CPU: 17m, MEMORY: Alloc=6.3Mi, TotalAlloc=4420.4Mi, Sys=30.8Mi, NumGC=756","level":"stat"}
{"@timestamp":"2025-02-16T15:55:12.285+08:00","caller":"load/sheddingstat.go:61","content":"(rpc) shedding_stat [1m], cpu: 17, total: 0, pass: 0, drop: 0","level":"stat"}
{"@timestamp":"2025-02-16T15:56:12.229+08:00","caller":"stat/usage.go:61","content":"CPU: 20m, MEMORY: Alloc=7.7Mi, TotalAlloc=4426.8Mi, Sys=30.8Mi, NumGC=757","level":"stat"}
{"@timestamp":"2025-02-16T15:56:12.286+08:00","caller":"load/sheddingstat.go:61","content":"(rpc) shedding_stat [1m], cpu: 20, total: 0, pass: 0, drop: 0","level":"stat"}
{"@timestamp":"2025-02-16T15:57:12.230+08:00","caller":"stat/usage.go:61","content":"CPU: 19m, MEMORY: Alloc=10.5Mi, TotalAlloc=4434.0Mi, Sys=30.8Mi, NumGC=758","level":"stat"}
{"@timestamp":"2025-02-16T15:57:12.286+08:00","caller":"load/sheddingstat.go:61","content":"(rpc) shedding_stat [1m], cpu: 19, total: 0, pass: 0, drop: 0","level":"stat"}
{"@timestamp":"2025-02-16T15:58:12.230+08:00","caller":"stat/usage.go:61","content":"CPU: 21m, MEMORY: Alloc=8.2Mi, TotalAlloc=4441.1Mi, Sys=30.8Mi, NumGC=760","level":"stat"}
{"@timestamp":"2025-02-16T15:58:12.286+08:00","caller":"load/sheddingstat.go:61","content":"(rpc) shedding_stat [1m], cpu: 21, total: 0, pass: 0, drop: 0","level":"stat"}
{"@timestamp":"2025-02-16T15:59:12.230+08:00","caller":"stat/usage.go:61","content":"CPU: 19m, MEMORY: Alloc=6.4Mi, TotalAlloc=4447.4Mi, Sys=30.8Mi, NumGC=762","level":"stat"}
{"@timestamp":"2025-02-16T15:59:12.285+08:00","caller":"load/sheddingstat.go:61","content":"(rpc) shedding_stat [1m], cpu: 19, total: 0, pass: 0, drop: 0","level":"stat"}
{"@timestamp":"2025-02-16T16:00:12.230+08:00","caller":"stat/usage.go:61","content":"CPU: 16m, MEMORY: Alloc=7.3Mi, TotalAlloc=4452.2Mi, Sys=30.8Mi, NumGC=763","level":"stat"}
{"@timestamp":"2025-02-16T16:00:12.285+08:00","caller":"load/sheddingstat.go:61","content":"(rpc) shedding_stat [1m], cpu: 16, total: 0, pass: 0, drop: 0","level":"stat"}
{"@timestamp":"2025-02-16T16:01:12.230+08:00","caller":"stat/usage.go:61","content":"CPU: 16m, MEMORY: Alloc=8.2Mi, TotalAlloc=4456.9Mi, Sys=30.8Mi, NumGC=764","level":"stat"}
{"@timestamp":"2025-02-16T16:01:12.285+08:00","caller":"load/sheddingstat.go:61","content":"(rpc) shedding_stat [1m], cpu: 16, total: 0, pass: 0, drop: 0","level":"stat"}
{"@timestamp":"2025-02-16T16:02:12.230+08:00","caller":"stat/usage.go:61","content":"CPU: 17m, MEMORY: Alloc=6.2Mi, TotalAlloc=4463.1Mi, Sys=30.8Mi, NumGC=766","level":"stat"}
{"@timestamp":"2025-02-16T16:02:12.286+08:00","caller":"load/sheddingstat.go:61","content":"(rpc) shedding_stat [1m], cpu: 17, total: 0, pass: 0, drop: 0","level":"stat"}
{"@timestamp":"2025-02-16T16:03:12.229+08:00","caller":"stat/usage.go:61","content":"CPU: 17m, MEMORY: Alloc=8.5Mi, TotalAlloc=4470.3Mi, Sys=30.8Mi, NumGC=767","level":"stat"}
{"@timestamp":"2025-02-16T16:03:12.286+08:00","caller":"load/sheddingstat.go:61","content":"(rpc) shedding_stat [1m], cpu: 17, total: 0, pass: 0, drop: 0","level":"stat"}
{"@timestamp":"2025-02-16T16:04:12.230+08:00","caller":"stat/usage.go:61","content":"CPU: 17m, MEMORY: Alloc=7.7Mi, TotalAlloc=4478.2Mi, Sys=30.8Mi, NumGC=769","level":"stat"}
{"@timestamp":"2025-02-16T16:04:12.285+08:00","caller":"load/sheddingstat.go:61","content":"(rpc) shedding_stat [1m], cpu: 17, total: 0, pass: 0, drop: 0","level":"stat"}
{"@timestamp":"2025-02-16T16:05:12.230+08:00","caller":"stat/usage.go:61","content":"CPU: 17m, MEMORY: Alloc=6.8Mi, TotalAlloc=4485.4Mi, Sys=30.8Mi, NumGC=771","level":"stat"}
{"@timestamp":"2025-02-16T16:05:12.286+08:00","caller":"load/sheddingstat.go:61","content":"(rpc) shedding_stat [1m], cpu: 17, total: 0, pass: 0, drop: 0","level":"stat"}
{"@timestamp":"2025-02-16T16:06:12.230+08:00","caller":"stat/usage.go:61","content":"CPU: 17m, MEMORY: Alloc=10.4Mi, TotalAlloc=4492.5Mi, Sys=30.8Mi, NumGC=772","level":"stat"}
{"@timestamp":"2025-02-16T16:06:12.286+08:00","caller":"load/sheddingstat.go:61","content":"(rpc) shedding_stat [1m], cpu: 17, total: 0, pass: 0, drop: 0","level":"stat"}
{"@timestamp":"2025-02-16T16:07:12.229+08:00","caller":"stat/usage.go:61","content":"CPU: 16m, MEMORY: Alloc=8.7Mi, TotalAlloc=4500.5Mi, Sys=30.8Mi, NumGC=774","level":"stat"}
{"@timestamp":"2025-02-16T16:07:12.286+08:00","caller":"load/sheddingstat.go:61","content":"(rpc) shedding_stat [1m], cpu: 16, total: 0, pass: 0, drop: 0","level":"stat"}
{"@timestamp":"2025-02-16T16:08:12.231+08:00","caller":"stat/usage.go:61","content":"CPU: 15m, MEMORY: Alloc=8.8Mi, TotalAlloc=4506.0Mi, Sys=30.8Mi, NumGC=775","level":"stat"}
{"@timestamp":"2025-02-16T16:08:12.286+08:00","caller":"load/sheddingstat.go:61","content":"(rpc) shedding_stat [1m], cpu: 15, total: 0, pass: 0, drop: 0","level":"stat"}
{"@timestamp":"2025-02-16T16:09:12.229+08:00","caller":"stat/usage.go:61","content":"CPU: 16m, MEMORY: Alloc=8.0Mi, TotalAlloc=4513.2Mi, Sys=30.8Mi, NumGC=777","level":"stat"}
{"@timestamp":"2025-02-16T16:09:12.286+08:00","caller":"load/sheddingstat.go:61","content":"(rpc) shedding_stat [1m], cpu: 16, total: 0, pass: 0, drop: 0","level":"stat"}
{"@timestamp":"2025-02-16T16:10:12.230+08:00","caller":"stat/usage.go:61","content":"CPU: 16m, MEMORY: Alloc=10.8Mi, TotalAlloc=4520.3Mi, Sys=30.8Mi, NumGC=778","level":"stat"}
{"@timestamp":"2025-02-16T16:10:12.285+08:00","caller":"load/sheddingstat.go:61","content":"(rpc) shedding_stat [1m], cpu: 16, total: 0, pass: 0, drop: 0","level":"stat"}
{"@timestamp":"2025-02-16T16:11:12.230+08:00","caller":"stat/usage.go:61","content":"CPU: 20m, MEMORY: Alloc=10.9Mi, TotalAlloc=4525.9Mi, Sys=30.8Mi, NumGC=779","level":"stat"}
{"@timestamp":"2025-02-16T16:11:12.286+08:00","caller":"load/sheddingstat.go:61","content":"(rpc) shedding_stat [1m], cpu: 20, total: 0, pass: 0, drop: 0","level":"stat"}
{"@timestamp":"2025-02-16T16:12:12.230+08:00","caller":"stat/usage.go:61","content":"CPU: 16m, MEMORY: Alloc=9.8Mi, TotalAlloc=4530.5Mi, Sys=30.8Mi, NumGC=780","level":"stat"}
{"@timestamp":"2025-02-16T16:12:12.286+08:00","caller":"load/sheddingstat.go:61","content":"(rpc) shedding_stat [1m], cpu: 16, total: 0, pass: 0, drop: 0","level":"stat"}
{"@timestamp":"2025-02-16T16:13:12.230+08:00","caller":"stat/usage.go:61","content":"CPU: 14m, MEMORY: Alloc=10.5Mi, TotalAlloc=4536.8Mi, Sys=30.8Mi, NumGC=781","level":"stat"}
{"@timestamp":"2025-02-16T16:13:12.286+08:00","caller":"load/sheddingstat.go:61","content":"(rpc) shedding_stat [1m], cpu: 14, total: 0, pass: 0, drop: 0","level":"stat"}
{"@timestamp":"2025-02-16T16:14:12.230+08:00","caller":"stat/usage.go:61","content":"CPU: 17m, MEMORY: Alloc=11.5Mi, TotalAlloc=4543.1Mi, Sys=30.8Mi, NumGC=782","level":"stat"}
{"@timestamp":"2025-02-16T16:14:12.286+08:00","caller":"load/sheddingstat.go:61","content":"(rpc) shedding_stat [1m], cpu: 17, total: 0, pass: 0, drop: 0","level":"stat"}
{"@timestamp":"2025-02-16T16:15:12.230+08:00","caller":"stat/usage.go:61","content":"CPU: 17m, MEMORY: Alloc=12.3Mi, TotalAlloc=4549.4Mi, Sys=30.8Mi, NumGC=783","level":"stat"}
{"@timestamp":"2025-02-16T16:15:12.286+08:00","caller":"load/sheddingstat.go:61","content":"(rpc) shedding_stat [1m], cpu: 17, total: 0, pass: 0, drop: 0","level":"stat"}
{"@timestamp":"2025-02-16T16:16:12.231+08:00","caller":"stat/usage.go:61","content":"CPU: 17m, MEMORY: Alloc=11.4Mi, TotalAlloc=4556.5Mi, Sys=30.8Mi, NumGC=784","level":"stat"}
{"@timestamp":"2025-02-16T16:16:12.286+08:00","caller":"load/sheddingstat.go:61","content":"(rpc) shedding_stat [1m], cpu: 17, total: 0, pass: 0, drop: 0","level":"stat"}
{"@timestamp":"2025-02-16T16:17:12.229+08:00","caller":"stat/usage.go:61","content":"CPU: 16m, MEMORY: Alloc=8.9Mi, TotalAlloc=4561.2Mi, Sys=30.8Mi, NumGC=785","level":"stat"}
{"@timestamp":"2025-02-16T16:17:12.285+08:00","caller":"load/sheddingstat.go:61","content":"(rpc) shedding_stat [1m], cpu: 16, total: 0, pass: 0, drop: 0","level":"stat"}
{"@timestamp":"2025-02-16T16:18:12.229+08:00","caller":"stat/usage.go:61","content":"CPU: 15m, MEMORY: Alloc=9.7Mi, TotalAlloc=4566.7Mi, Sys=30.8Mi, NumGC=786","level":"stat"}
{"@timestamp":"2025-02-16T16:18:12.286+08:00","caller":"load/sheddingstat.go:61","content":"(rpc) shedding_stat [1m], cpu: 15, total: 0, pass: 0, drop: 0","level":"stat"}
{"@timestamp":"2025-02-16T16:19:12.230+08:00","caller":"stat/usage.go:61","content":"CPU: 19m, MEMORY: Alloc=7.8Mi, TotalAlloc=4571.4Mi, Sys=30.8Mi, NumGC=787","level":"stat"}
{"@timestamp":"2025-02-16T16:19:12.286+08:00","caller":"load/sheddingstat.go:61","content":"(rpc) shedding_stat [1m], cpu: 19, total: 0, pass: 0, drop: 0","level":"stat"}
{"@timestamp":"2025-02-16T16:20:12.230+08:00","caller":"stat/usage.go:61","content":"CPU: 22m, MEMORY: Alloc=8.0Mi, TotalAlloc=4576.8Mi, Sys=30.8Mi, NumGC=788","level":"stat"}
{"@timestamp":"2025-02-16T16:20:12.286+08:00","caller":"load/sheddingstat.go:61","content":"(rpc) shedding_stat [1m], cpu: 22, total: 0, pass: 0, drop: 0","level":"stat"}
{"@timestamp":"2025-02-16T16:21:12.231+08:00","caller":"stat/usage.go:61","content":"CPU: 16m, MEMORY: Alloc=12.7Mi, TotalAlloc=4581.5Mi, Sys=30.8Mi, NumGC=788","level":"stat"}
{"@timestamp":"2025-02-16T16:21:12.285+08:00","caller":"load/sheddingstat.go:61","content":"(rpc) shedding_stat [1m], cpu: 16, total: 0, pass: 0, drop: 0","level":"stat"}
{"@timestamp":"2025-02-16T16:22:12.230+08:00","caller":"stat/usage.go:61","content":"CPU: 16m, MEMORY: Alloc=9.3Mi, TotalAlloc=4586.1Mi, Sys=30.8Mi, NumGC=789","level":"stat"}
{"@timestamp":"2025-02-16T16:22:12.286+08:00","caller":"load/sheddingstat.go:61","content":"(rpc) shedding_stat [1m], cpu: 16, total: 0, pass: 0, drop: 0","level":"stat"}
{"@timestamp":"2025-02-16T16:23:12.230+08:00","caller":"stat/usage.go:61","content":"CPU: 29m, MEMORY: Alloc=9.2Mi, TotalAlloc=4591.6Mi, Sys=30.8Mi, NumGC=790","level":"stat"}
{"@timestamp":"2025-02-16T16:23:12.286+08:00","caller":"load/sheddingstat.go:61","content":"(rpc) shedding_stat [1m], cpu: 29, total: 0, pass: 0, drop: 0","level":"stat"}
{"@timestamp":"2025-02-16T16:24:12.230+08:00","caller":"stat/usage.go:61","content":"CPU: 25m, MEMORY: Alloc=8.5Mi, TotalAlloc=4597.0Mi, Sys=30.8Mi, NumGC=791","level":"stat"}
{"@timestamp":"2025-02-16T16:24:12.286+08:00","caller":"load/sheddingstat.go:61","content":"(rpc) shedding_stat [1m], cpu: 25, total: 0, pass: 0, drop: 0","level":"stat"}
{"@timestamp":"2025-02-16T16:25:12.230+08:00","caller":"stat/usage.go:61","content":"CPU: 19m, MEMORY: Alloc=13.2Mi, TotalAlloc=4601.7Mi, Sys=30.8Mi, NumGC=791","level":"stat"}
{"@timestamp":"2025-02-16T16:25:12.286+08:00","caller":"load/sheddingstat.go:61","content":"(rpc) shedding_stat [1m], cpu: 19, total: 0, pass: 0, drop: 0","level":"stat"}
{"@timestamp":"2025-02-16T16:26:12.229+08:00","caller":"stat/usage.go:61","content":"CPU: 19m, MEMORY: Alloc=10.2Mi, TotalAlloc=4607.2Mi, Sys=30.8Mi, NumGC=792","level":"stat"}
{"@timestamp":"2025-02-16T16:26:12.286+08:00","caller":"load/sheddingstat.go:61","content":"(rpc) shedding_stat [1m], cpu: 19, total: 0, pass: 0, drop: 0","level":"stat"}
{"@timestamp":"2025-02-16T16:27:12.230+08:00","caller":"stat/usage.go:61","content":"CPU: 21m, MEMORY: Alloc=7.6Mi, TotalAlloc=4612.7Mi, Sys=30.8Mi, NumGC=793","level":"stat"}
{"@timestamp":"2025-02-16T16:27:12.286+08:00","caller":"load/sheddingstat.go:61","content":"(rpc) shedding_stat [1m], cpu: 21, total: 0, pass: 0, drop: 0","level":"stat"}
{"@timestamp":"2025-02-16T16:28:12.231+08:00","caller":"stat/usage.go:61","content":"CPU: 20m, MEMORY: Alloc=7.0Mi, TotalAlloc=4618.2Mi, Sys=30.8Mi, NumGC=794","level":"stat"}
{"@timestamp":"2025-02-16T16:28:12.286+08:00","caller":"load/sheddingstat.go:61","content":"(rpc) shedding_stat [1m], cpu: 20, total: 0, pass: 0, drop: 0","level":"stat"}
{"@timestamp":"2025-02-16T16:29:12.230+08:00","caller":"stat/usage.go:61","content":"CPU: 17m, MEMORY: Alloc=8.8Mi, TotalAlloc=4626.1Mi, Sys=30.8Mi, NumGC=795","level":"stat"}
{"@timestamp":"2025-02-16T16:29:12.286+08:00","caller":"load/sheddingstat.go:61","content":"(rpc) shedding_stat [1m], cpu: 17, total: 0, pass: 0, drop: 0","level":"stat"}
{"@timestamp":"2025-02-16T16:30:12.230+08:00","caller":"stat/usage.go:61","content":"CPU: 20m, MEMORY: Alloc=9.1Mi, TotalAlloc=4633.2Mi, Sys=30.8Mi, NumGC=796","level":"stat"}
{"@timestamp":"2025-02-16T16:30:12.286+08:00","caller":"load/sheddingstat.go:61","content":"(rpc) shedding_stat [1m], cpu: 20, total: 0, pass: 0, drop: 0","level":"stat"}
