{"@timestamp":"2025-02-16T03:56:13.395+08:00","caller":"prometheus/agent.go:40","content":"Starting prometheus agent at 0.0.0.0:9096","level":"info"}
{"@timestamp":"2025-02-16T03:56:13.396+08:00","caller":"prometheus/agent.go:42","content":"listen tcp 0.0.0.0:9096: bind: address already in use","level":"error"}
{"@timestamp":"2025-02-16T03:56:13.405+08:00","caller":"event/pay_callback.go:84","content":"=========监听打赏支付回调事件=========","level":"info"}
Starting server at 0.0.0.0:20871...
{"@timestamp":"2025-02-16T03:57:12.349+08:00","caller":"stat/usage.go:61","content":"CPU: 18m, MEMORY: Alloc=6.7Mi, TotalAlloc=11.3Mi, Sys=18.1Mi, NumGC=4","level":"stat"}
{"@timestamp":"2025-02-16T03:57:13.406+08:00","caller":"load/sheddingstat.go:61","content":"(api) shedding_stat [1m], cpu: 18, total: 0, pass: 0, drop: 0","level":"stat"}
{"@timestamp":"2025-02-16T03:58:12.349+08:00","caller":"stat/usage.go:61","content":"CPU: 20m, MEMORY: Alloc=4.6Mi, TotalAlloc=15.6Mi, Sys=18.3Mi, NumGC=6","level":"stat"}
{"@timestamp":"2025-02-16T03:58:13.407+08:00","caller":"load/sheddingstat.go:61","content":"(api) shedding_stat [1m], cpu: 19, total: 0, pass: 0, drop: 0","level":"stat"}
{"@timestamp":"2025-02-16T03:59:12.349+08:00","caller":"stat/usage.go:61","content":"CPU: 27m, MEMORY: Alloc=5.6Mi, TotalAlloc=19.9Mi, Sys=18.3Mi, NumGC=7","level":"stat"}
{"@timestamp":"2025-02-16T03:59:13.405+08:00","caller":"load/sheddingstat.go:61","content":"(api) shedding_stat [1m], cpu: 25, total: 0, pass: 0, drop: 0","level":"stat"}
{"@timestamp":"2025-02-16T04:00:12.350+08:00","caller":"stat/usage.go:61","content":"CPU: 16m, MEMORY: Alloc=6.7Mi, TotalAlloc=24.1Mi, Sys=18.3Mi, NumGC=8","level":"stat"}
{"@timestamp":"2025-02-16T04:00:13.406+08:00","caller":"load/sheddingstat.go:61","content":"(api) shedding_stat [1m], cpu: 18, total: 0, pass: 0, drop: 0","level":"stat"}
{"@timestamp":"2025-02-16T04:01:12.349+08:00","caller":"stat/usage.go:61","content":"CPU: 17m, MEMORY: Alloc=4.3Mi, TotalAlloc=28.3Mi, Sys=18.3Mi, NumGC=10","level":"stat"}
{"@timestamp":"2025-02-16T04:01:13.406+08:00","caller":"load/sheddingstat.go:61","content":"(api) shedding_stat [1m], cpu: 18, total: 0, pass: 0, drop: 0","level":"stat"}
{"@timestamp":"2025-02-16T04:02:12.349+08:00","caller":"stat/usage.go:61","content":"CPU: 18m, MEMORY: Alloc=4.8Mi, TotalAlloc=32.6Mi, Sys=22.6Mi, NumGC=11","level":"stat"}
{"@timestamp":"2025-02-16T04:02:13.406+08:00","caller":"load/sheddingstat.go:61","content":"(api) shedding_stat [1m], cpu: 19, total: 0, pass: 0, drop: 0","level":"stat"}
{"@timestamp":"2025-02-16T04:03:12.350+08:00","caller":"stat/usage.go:61","content":"CPU: 19m, MEMORY: Alloc=4.9Mi, TotalAlloc=36.8Mi, Sys=22.6Mi, NumGC=12","level":"stat"}
{"@timestamp":"2025-02-16T04:03:13.406+08:00","caller":"load/sheddingstat.go:61","content":"(api) shedding_stat [1m], cpu: 20, total: 0, pass: 0, drop: 0","level":"stat"}
{"@timestamp":"2025-02-16T04:04:12.349+08:00","caller":"stat/usage.go:61","content":"CPU: 16m, MEMORY: Alloc=5.0Mi, TotalAlloc=41.0Mi, Sys=22.6Mi, NumGC=13","level":"stat"}
{"@timestamp":"2025-02-16T04:04:13.406+08:00","caller":"load/sheddingstat.go:61","content":"(api) shedding_stat [1m], cpu: 18, total: 0, pass: 0, drop: 0","level":"stat"}
{"@timestamp":"2025-02-16T04:05:12.349+08:00","caller":"stat/usage.go:61","content":"CPU: 19m, MEMORY: Alloc=5.2Mi, TotalAlloc=45.2Mi, Sys=22.6Mi, NumGC=14","level":"stat"}
{"@timestamp":"2025-02-16T04:05:13.406+08:00","caller":"load/sheddingstat.go:61","content":"(api) shedding_stat [1m], cpu: 19, total: 0, pass: 0, drop: 0","level":"stat"}
{"@timestamp":"2025-02-16T04:06:12.349+08:00","caller":"stat/usage.go:61","content":"CPU: 19m, MEMORY: Alloc=5.2Mi, TotalAlloc=49.5Mi, Sys=22.6Mi, NumGC=15","level":"stat"}
{"@timestamp":"2025-02-16T04:06:13.405+08:00","caller":"load/sheddingstat.go:61","content":"(api) shedding_stat [1m], cpu: 20, total: 0, pass: 0, drop: 0","level":"stat"}
{"@timestamp":"2025-02-16T04:07:12.349+08:00","caller":"stat/usage.go:61","content":"CPU: 54m, MEMORY: Alloc=5.6Mi, TotalAlloc=53.8Mi, Sys=22.6Mi, NumGC=16","level":"stat"}
{"@timestamp":"2025-02-16T04:07:13.406+08:00","caller":"load/sheddingstat.go:61","content":"(api) shedding_stat [1m], cpu: 49, total: 0, pass: 0, drop: 0","level":"stat"}
{"@timestamp":"2025-02-16T04:08:12.349+08:00","caller":"stat/usage.go:61","content":"CPU: 31m, MEMORY: Alloc=5.6Mi, TotalAlloc=58.0Mi, Sys=22.6Mi, NumGC=17","level":"stat"}
{"@timestamp":"2025-02-16T04:08:13.406+08:00","caller":"load/sheddingstat.go:61","content":"(api) shedding_stat [1m], cpu: 30, total: 0, pass: 0, drop: 0","level":"stat"}
{"@timestamp":"2025-02-16T04:09:12.349+08:00","caller":"stat/usage.go:61","content":"CPU: 19m, MEMORY: Alloc=5.6Mi, TotalAlloc=62.2Mi, Sys=22.6Mi, NumGC=18","level":"stat"}
{"@timestamp":"2025-02-16T04:09:13.406+08:00","caller":"load/sheddingstat.go:61","content":"(api) shedding_stat [1m], cpu: 19, total: 0, pass: 0, drop: 0","level":"stat"}
{"@timestamp":"2025-02-16T04:10:12.349+08:00","caller":"stat/usage.go:61","content":"CPU: 18m, MEMORY: Alloc=5.7Mi, TotalAlloc=66.4Mi, Sys=22.6Mi, NumGC=19","level":"stat"}
{"@timestamp":"2025-02-16T04:10:13.406+08:00","caller":"load/sheddingstat.go:61","content":"(api) shedding_stat [1m], cpu: 19, total: 0, pass: 0, drop: 0","level":"stat"}
{"@timestamp":"2025-02-16T04:11:12.349+08:00","caller":"stat/usage.go:61","content":"CPU: 17m, MEMORY: Alloc=5.7Mi, TotalAlloc=70.7Mi, Sys=22.6Mi, NumGC=20","level":"stat"}
{"@timestamp":"2025-02-16T04:11:13.406+08:00","caller":"load/sheddingstat.go:61","content":"(api) shedding_stat [1m], cpu: 19, total: 0, pass: 0, drop: 0","level":"stat"}
{"@timestamp":"2025-02-16T04:12:12.349+08:00","caller":"stat/usage.go:61","content":"CPU: 45m, MEMORY: Alloc=6.0Mi, TotalAlloc=75.0Mi, Sys=22.6Mi, NumGC=21","level":"stat"}
{"@timestamp":"2025-02-16T04:12:13.406+08:00","caller":"load/sheddingstat.go:61","content":"(api) shedding_stat [1m], cpu: 43, total: 0, pass: 0, drop: 0","level":"stat"}
{"@timestamp":"2025-02-16T04:13:12.349+08:00","caller":"stat/usage.go:61","content":"CPU: 16m, MEMORY: Alloc=6.0Mi, TotalAlloc=79.2Mi, Sys=22.6Mi, NumGC=22","level":"stat"}
{"@timestamp":"2025-02-16T04:13:13.406+08:00","caller":"load/sheddingstat.go:61","content":"(api) shedding_stat [1m], cpu: 19, total: 0, pass: 0, drop: 0","level":"stat"}
{"@timestamp":"2025-02-16T04:14:12.349+08:00","caller":"stat/usage.go:61","content":"CPU: 20m, MEMORY: Alloc=5.9Mi, TotalAlloc=83.4Mi, Sys=22.6Mi, NumGC=23","level":"stat"}
{"@timestamp":"2025-02-16T04:14:13.406+08:00","caller":"load/sheddingstat.go:61","content":"(api) shedding_stat [1m], cpu: 21, total: 0, pass: 0, drop: 0","level":"stat"}
{"@timestamp":"2025-02-16T04:15:12.349+08:00","caller":"stat/usage.go:61","content":"CPU: 16m, MEMORY: Alloc=5.7Mi, TotalAlloc=87.6Mi, Sys=22.6Mi, NumGC=24","level":"stat"}
{"@timestamp":"2025-02-16T04:15:13.406+08:00","caller":"load/sheddingstat.go:61","content":"(api) shedding_stat [1m], cpu: 16, total: 0, pass: 0, drop: 0","level":"stat"}
{"@timestamp":"2025-02-16T04:16:12.349+08:00","caller":"stat/usage.go:61","content":"CPU: 27m, MEMORY: Alloc=5.6Mi, TotalAlloc=91.8Mi, Sys=22.6Mi, NumGC=25","level":"stat"}
{"@timestamp":"2025-02-16T04:16:13.405+08:00","caller":"load/sheddingstat.go:61","content":"(api) shedding_stat [1m], cpu: 26, total: 0, pass: 0, drop: 0","level":"stat"}
{"@timestamp":"2025-02-16T04:17:12.349+08:00","caller":"stat/usage.go:61","content":"CPU: 17m, MEMORY: Alloc=5.8Mi, TotalAlloc=96.2Mi, Sys=22.6Mi, NumGC=26","level":"stat"}
{"@timestamp":"2025-02-16T04:17:13.406+08:00","caller":"load/sheddingstat.go:61","content":"(api) shedding_stat [1m], cpu: 17, total: 0, pass: 0, drop: 0","level":"stat"}
{"@timestamp":"2025-02-16T04:18:12.350+08:00","caller":"stat/usage.go:61","content":"CPU: 49m, MEMORY: Alloc=5.7Mi, TotalAlloc=100.4Mi, Sys=22.6Mi, NumGC=27","level":"stat"}
{"@timestamp":"2025-02-16T04:18:13.406+08:00","caller":"load/sheddingstat.go:61","content":"(api) shedding_stat [1m], cpu: 66, total: 0, pass: 0, drop: 0","level":"stat"}
{"@timestamp":"2025-02-16T04:19:12.349+08:00","caller":"stat/usage.go:61","content":"CPU: 17m, MEMORY: Alloc=5.5Mi, TotalAlloc=104.6Mi, Sys=22.6Mi, NumGC=28","level":"stat"}
{"@timestamp":"2025-02-16T04:19:13.406+08:00","caller":"load/sheddingstat.go:61","content":"(api) shedding_stat [1m], cpu: 17, total: 0, pass: 0, drop: 0","level":"stat"}
{"@timestamp":"2025-02-16T04:20:12.349+08:00","caller":"stat/usage.go:61","content":"CPU: 16m, MEMORY: Alloc=5.3Mi, TotalAlloc=108.8Mi, Sys=22.6Mi, NumGC=29","level":"stat"}
{"@timestamp":"2025-02-16T04:20:13.406+08:00","caller":"load/sheddingstat.go:61","content":"(api) shedding_stat [1m], cpu: 18, total: 0, pass: 0, drop: 0","level":"stat"}
{"@timestamp":"2025-02-16T04:21:12.349+08:00","caller":"stat/usage.go:61","content":"CPU: 15m, MEMORY: Alloc=5.2Mi, TotalAlloc=113.0Mi, Sys=22.6Mi, NumGC=30","level":"stat"}
{"@timestamp":"2025-02-16T04:21:13.406+08:00","caller":"load/sheddingstat.go:61","content":"(api) shedding_stat [1m], cpu: 18, total: 0, pass: 0, drop: 0","level":"stat"}
{"@timestamp":"2025-02-16T04:22:12.349+08:00","caller":"stat/usage.go:61","content":"CPU: 24m, MEMORY: Alloc=5.2Mi, TotalAlloc=117.4Mi, Sys=22.6Mi, NumGC=31","level":"stat"}
{"@timestamp":"2025-02-16T04:22:13.406+08:00","caller":"load/sheddingstat.go:61","content":"(api) shedding_stat [1m], cpu: 24, total: 0, pass: 0, drop: 0","level":"stat"}
{"@timestamp":"2025-02-16T04:23:12.349+08:00","caller":"stat/usage.go:61","content":"CPU: 15m, MEMORY: Alloc=5.0Mi, TotalAlloc=121.6Mi, Sys=22.6Mi, NumGC=32","level":"stat"}
{"@timestamp":"2025-02-16T04:23:13.406+08:00","caller":"load/sheddingstat.go:61","content":"(api) shedding_stat [1m], cpu: 17, total: 0, pass: 0, drop: 0","level":"stat"}
{"@timestamp":"2025-02-16T04:24:12.349+08:00","caller":"stat/usage.go:61","content":"CPU: 17m, MEMORY: Alloc=4.8Mi, TotalAlloc=125.8Mi, Sys=22.6Mi, NumGC=33","level":"stat"}
{"@timestamp":"2025-02-16T04:24:13.406+08:00","caller":"load/sheddingstat.go:61","content":"(api) shedding_stat [1m], cpu: 18, total: 0, pass: 0, drop: 0","level":"stat"}
{"@timestamp":"2025-02-16T04:25:12.349+08:00","caller":"stat/usage.go:61","content":"CPU: 42m, MEMORY: Alloc=4.7Mi, TotalAlloc=130.0Mi, Sys=22.6Mi, NumGC=34","level":"stat"}
{"@timestamp":"2025-02-16T04:25:13.406+08:00","caller":"load/sheddingstat.go:61","content":"(api) shedding_stat [1m], cpu: 37, total: 0, pass: 0, drop: 0","level":"stat"}
{"@timestamp":"2025-02-16T04:26:12.349+08:00","caller":"stat/usage.go:61","content":"CPU: 16m, MEMORY: Alloc=8.9Mi, TotalAlloc=134.2Mi, Sys=22.6Mi, NumGC=34","level":"stat"}
{"@timestamp":"2025-02-16T04:26:13.406+08:00","caller":"load/sheddingstat.go:61","content":"(api) shedding_stat [1m], cpu: 17, total: 0, pass: 0, drop: 0","level":"stat"}
{"@timestamp":"2025-02-16T04:27:12.349+08:00","caller":"stat/usage.go:61","content":"CPU: 15m, MEMORY: Alloc=8.3Mi, TotalAlloc=138.4Mi, Sys=22.6Mi, NumGC=35","level":"stat"}
{"@timestamp":"2025-02-16T04:27:13.406+08:00","caller":"load/sheddingstat.go:61","content":"(api) shedding_stat [1m], cpu: 16, total: 0, pass: 0, drop: 0","level":"stat"}
{"@timestamp":"2025-02-16T04:28:12.350+08:00","caller":"stat/usage.go:61","content":"CPU: 17m, MEMORY: Alloc=8.2Mi, TotalAlloc=142.7Mi, Sys=22.6Mi, NumGC=36","level":"stat"}
{"@timestamp":"2025-02-16T04:28:13.406+08:00","caller":"load/sheddingstat.go:61","content":"(api) shedding_stat [1m], cpu: 18, total: 0, pass: 0, drop: 0","level":"stat"}
{"@timestamp":"2025-02-16T04:29:12.349+08:00","caller":"stat/usage.go:61","content":"CPU: 37m, MEMORY: Alloc=8.2Mi, TotalAlloc=146.9Mi, Sys=22.6Mi, NumGC=37","level":"stat"}
{"@timestamp":"2025-02-16T04:29:13.406+08:00","caller":"load/sheddingstat.go:61","content":"(api) shedding_stat [1m], cpu: 48, total: 0, pass: 0, drop: 0","level":"stat"}
{"@timestamp":"2025-02-16T04:30:12.350+08:00","caller":"stat/usage.go:61","content":"CPU: 17m, MEMORY: Alloc=8.1Mi, TotalAlloc=151.1Mi, Sys=22.6Mi, NumGC=38","level":"stat"}
{"@timestamp":"2025-02-16T04:30:13.406+08:00","caller":"load/sheddingstat.go:61","content":"(api) shedding_stat [1m], cpu: 17, total: 0, pass: 0, drop: 0","level":"stat"}
{"@timestamp":"2025-02-16T04:31:12.349+08:00","caller":"stat/usage.go:61","content":"CPU: 17m, MEMORY: Alloc=7.9Mi, TotalAlloc=155.3Mi, Sys=22.6Mi, NumGC=39","level":"stat"}
{"@timestamp":"2025-02-16T04:31:13.406+08:00","caller":"load/sheddingstat.go:61","content":"(api) shedding_stat [1m], cpu: 18, total: 0, pass: 0, drop: 0","level":"stat"}
{"@timestamp":"2025-02-16T04:32:12.349+08:00","caller":"stat/usage.go:61","content":"CPU: 17m, MEMORY: Alloc=7.9Mi, TotalAlloc=159.5Mi, Sys=22.6Mi, NumGC=40","level":"stat"}
{"@timestamp":"2025-02-16T04:32:13.405+08:00","caller":"load/sheddingstat.go:61","content":"(api) shedding_stat [1m], cpu: 19, total: 0, pass: 0, drop: 0","level":"stat"}
{"@timestamp":"2025-02-16T04:33:12.349+08:00","caller":"stat/usage.go:61","content":"CPU: 17m, MEMORY: Alloc=7.8Mi, TotalAlloc=163.7Mi, Sys=22.6Mi, NumGC=41","level":"stat"}
{"@timestamp":"2025-02-16T04:33:13.406+08:00","caller":"load/sheddingstat.go:61","content":"(api) shedding_stat [1m], cpu: 17, total: 0, pass: 0, drop: 0","level":"stat"}
{"@timestamp":"2025-02-16T04:34:12.349+08:00","caller":"stat/usage.go:61","content":"CPU: 17m, MEMORY: Alloc=7.7Mi, TotalAlloc=167.9Mi, Sys=22.6Mi, NumGC=42","level":"stat"}
{"@timestamp":"2025-02-16T04:34:13.405+08:00","caller":"load/sheddingstat.go:61","content":"(api) shedding_stat [1m], cpu: 19, total: 0, pass: 0, drop: 0","level":"stat"}
{"@timestamp":"2025-02-16T04:35:12.349+08:00","caller":"stat/usage.go:61","content":"CPU: 18m, MEMORY: Alloc=7.7Mi, TotalAlloc=172.1Mi, Sys=22.6Mi, NumGC=43","level":"stat"}
{"@timestamp":"2025-02-16T04:35:13.406+08:00","caller":"load/sheddingstat.go:61","content":"(api) shedding_stat [1m], cpu: 18, total: 0, pass: 0, drop: 0","level":"stat"}
{"@timestamp":"2025-02-16T04:36:12.350+08:00","caller":"stat/usage.go:61","content":"CPU: 18m, MEMORY: Alloc=7.6Mi, TotalAlloc=176.3Mi, Sys=22.6Mi, NumGC=44","level":"stat"}
{"@timestamp":"2025-02-16T04:36:13.406+08:00","caller":"load/sheddingstat.go:61","content":"(api) shedding_stat [1m], cpu: 19, total: 0, pass: 0, drop: 0","level":"stat"}
{"@timestamp":"2025-02-16T04:37:12.349+08:00","caller":"stat/usage.go:61","content":"CPU: 18m, MEMORY: Alloc=7.6Mi, TotalAlloc=180.5Mi, Sys=22.6Mi, NumGC=45","level":"stat"}
{"@timestamp":"2025-02-16T04:37:13.407+08:00","caller":"load/sheddingstat.go:61","content":"(api) shedding_stat [1m], cpu: 18, total: 0, pass: 0, drop: 0","level":"stat"}
{"@timestamp":"2025-02-16T04:38:12.349+08:00","caller":"stat/usage.go:61","content":"CPU: 18m, MEMORY: Alloc=7.4Mi, TotalAlloc=184.7Mi, Sys=22.6Mi, NumGC=46","level":"stat"}
{"@timestamp":"2025-02-16T04:38:13.406+08:00","caller":"load/sheddingstat.go:61","content":"(api) shedding_stat [1m], cpu: 20, total: 0, pass: 0, drop: 0","level":"stat"}
{"@timestamp":"2025-02-16T04:39:12.350+08:00","caller":"stat/usage.go:61","content":"CPU: 20m, MEMORY: Alloc=7.2Mi, TotalAlloc=188.9Mi, Sys=22.6Mi, NumGC=47","level":"stat"}
{"@timestamp":"2025-02-16T04:39:13.406+08:00","caller":"load/sheddingstat.go:61","content":"(api) shedding_stat [1m], cpu: 19, total: 0, pass: 0, drop: 0","level":"stat"}
{"@timestamp":"2025-02-16T04:40:12.349+08:00","caller":"stat/usage.go:61","content":"CPU: 18m, MEMORY: Alloc=7.1Mi, TotalAlloc=193.1Mi, Sys=22.6Mi, NumGC=48","level":"stat"}
{"@timestamp":"2025-02-16T04:40:13.406+08:00","caller":"load/sheddingstat.go:61","content":"(api) shedding_stat [1m], cpu: 19, total: 0, pass: 0, drop: 0","level":"stat"}
{"@timestamp":"2025-02-16T04:41:12.349+08:00","caller":"stat/usage.go:61","content":"CPU: 16m, MEMORY: Alloc=6.9Mi, TotalAlloc=197.3Mi, Sys=22.6Mi, NumGC=49","level":"stat"}
{"@timestamp":"2025-02-16T04:41:13.406+08:00","caller":"load/sheddingstat.go:61","content":"(api) shedding_stat [1m], cpu: 17, total: 0, pass: 0, drop: 0","level":"stat"}
{"@timestamp":"2025-02-16T04:42:12.349+08:00","caller":"stat/usage.go:61","content":"CPU: 17m, MEMORY: Alloc=6.7Mi, TotalAlloc=201.5Mi, Sys=22.6Mi, NumGC=50","level":"stat"}
{"@timestamp":"2025-02-16T04:42:13.406+08:00","caller":"load/sheddingstat.go:61","content":"(api) shedding_stat [1m], cpu: 17, total: 0, pass: 0, drop: 0","level":"stat"}
{"@timestamp":"2025-02-16T04:43:12.349+08:00","caller":"stat/usage.go:61","content":"CPU: 17m, MEMORY: Alloc=6.5Mi, TotalAlloc=205.7Mi, Sys=22.6Mi, NumGC=51","level":"stat"}
{"@timestamp":"2025-02-16T04:43:13.407+08:00","caller":"load/sheddingstat.go:61","content":"(api) shedding_stat [1m], cpu: 18, total: 0, pass: 0, drop: 0","level":"stat"}
{"@timestamp":"2025-02-16T04:44:12.349+08:00","caller":"stat/usage.go:61","content":"CPU: 17m, MEMORY: Alloc=6.3Mi, TotalAlloc=209.9Mi, Sys=22.6Mi, NumGC=52","level":"stat"}
{"@timestamp":"2025-02-16T04:44:13.406+08:00","caller":"load/sheddingstat.go:61","content":"(api) shedding_stat [1m], cpu: 18, total: 0, pass: 0, drop: 0","level":"stat"}
{"@timestamp":"2025-02-16T04:45:12.350+08:00","caller":"stat/usage.go:61","content":"CPU: 18m, MEMORY: Alloc=5.9Mi, TotalAlloc=214.1Mi, Sys=22.6Mi, NumGC=53","level":"stat"}
{"@timestamp":"2025-02-16T04:45:13.406+08:00","caller":"load/sheddingstat.go:61","content":"(api) shedding_stat [1m], cpu: 17, total: 0, pass: 0, drop: 0","level":"stat"}
{"@timestamp":"2025-02-16T04:46:12.349+08:00","caller":"stat/usage.go:61","content":"CPU: 23m, MEMORY: Alloc=5.8Mi, TotalAlloc=218.3Mi, Sys=22.6Mi, NumGC=54","level":"stat"}
{"@timestamp":"2025-02-16T04:46:13.405+08:00","caller":"load/sheddingstat.go:61","content":"(api) shedding_stat [1m], cpu: 24, total: 0, pass: 0, drop: 0","level":"stat"}
{"@timestamp":"2025-02-16T04:47:12.349+08:00","caller":"stat/usage.go:61","content":"CPU: 17m, MEMORY: Alloc=5.4Mi, TotalAlloc=222.5Mi, Sys=22.6Mi, NumGC=55","level":"stat"}
{"@timestamp":"2025-02-16T04:47:13.406+08:00","caller":"load/sheddingstat.go:61","content":"(api) shedding_stat [1m], cpu: 19, total: 0, pass: 0, drop: 0","level":"stat"}
{"@timestamp":"2025-02-16T04:48:12.349+08:00","caller":"stat/usage.go:61","content":"CPU: 16m, MEMORY: Alloc=5.2Mi, TotalAlloc=226.7Mi, Sys=22.6Mi, NumGC=56","level":"stat"}
{"@timestamp":"2025-02-16T04:48:13.406+08:00","caller":"load/sheddingstat.go:61","content":"(api) shedding_stat [1m], cpu: 19, total: 0, pass: 0, drop: 0","level":"stat"}
{"@timestamp":"2025-02-16T04:49:12.349+08:00","caller":"stat/usage.go:61","content":"CPU: 16m, MEMORY: Alloc=4.9Mi, TotalAlloc=230.9Mi, Sys=22.6Mi, NumGC=57","level":"stat"}
{"@timestamp":"2025-02-16T04:49:13.406+08:00","caller":"load/sheddingstat.go:61","content":"(api) shedding_stat [1m], cpu: 18, total: 0, pass: 0, drop: 0","level":"stat"}
{"@timestamp":"2025-02-16T04:50:12.349+08:00","caller":"stat/usage.go:61","content":"CPU: 18m, MEMORY: Alloc=4.6Mi, TotalAlloc=235.1Mi, Sys=22.6Mi, NumGC=58","level":"stat"}
{"@timestamp":"2025-02-16T04:50:13.406+08:00","caller":"load/sheddingstat.go:61","content":"(api) shedding_stat [1m], cpu: 18, total: 0, pass: 0, drop: 0","level":"stat"}
{"@timestamp":"2025-02-16T04:51:12.349+08:00","caller":"stat/usage.go:61","content":"CPU: 24m, MEMORY: Alloc=8.8Mi, TotalAlloc=239.4Mi, Sys=22.6Mi, NumGC=58","level":"stat"}
{"@timestamp":"2025-02-16T04:51:13.405+08:00","caller":"load/sheddingstat.go:61","content":"(api) shedding_stat [1m], cpu: 23, total: 0, pass: 0, drop: 0","level":"stat"}
{"@timestamp":"2025-02-16T04:52:12.349+08:00","caller":"stat/usage.go:61","content":"CPU: 16m, MEMORY: Alloc=8.4Mi, TotalAlloc=243.6Mi, Sys=22.6Mi, NumGC=59","level":"stat"}
{"@timestamp":"2025-02-16T04:52:13.406+08:00","caller":"load/sheddingstat.go:61","content":"(api) shedding_stat [1m], cpu: 16, total: 0, pass: 0, drop: 0","level":"stat"}
{"@timestamp":"2025-02-16T04:53:12.349+08:00","caller":"stat/usage.go:61","content":"CPU: 13m, MEMORY: Alloc=8.0Mi, TotalAlloc=247.8Mi, Sys=22.6Mi, NumGC=60","level":"stat"}
{"@timestamp":"2025-02-16T04:53:13.406+08:00","caller":"load/sheddingstat.go:61","content":"(api) shedding_stat [1m], cpu: 13, total: 0, pass: 0, drop: 0","level":"stat"}
{"@timestamp":"2025-02-16T04:54:12.349+08:00","caller":"stat/usage.go:61","content":"CPU: 16m, MEMORY: Alloc=7.7Mi, TotalAlloc=252.0Mi, Sys=22.6Mi, NumGC=61","level":"stat"}
{"@timestamp":"2025-02-16T04:54:13.406+08:00","caller":"load/sheddingstat.go:61","content":"(api) shedding_stat [1m], cpu: 17, total: 0, pass: 0, drop: 0","level":"stat"}
{"@timestamp":"2025-02-16T04:55:12.349+08:00","caller":"stat/usage.go:61","content":"CPU: 16m, MEMORY: Alloc=7.4Mi, TotalAlloc=256.2Mi, Sys=22.6Mi, NumGC=62","level":"stat"}
{"@timestamp":"2025-02-16T04:55:13.406+08:00","caller":"load/sheddingstat.go:61","content":"(api) shedding_stat [1m], cpu: 16, total: 0, pass: 0, drop: 0","level":"stat"}
{"@timestamp":"2025-02-16T04:56:12.349+08:00","caller":"stat/usage.go:61","content":"CPU: 15m, MEMORY: Alloc=7.0Mi, TotalAlloc=260.4Mi, Sys=22.6Mi, NumGC=63","level":"stat"}
{"@timestamp":"2025-02-16T04:56:13.406+08:00","caller":"load/sheddingstat.go:61","content":"(api) shedding_stat [1m], cpu: 15, total: 0, pass: 0, drop: 0","level":"stat"}
{"@timestamp":"2025-02-16T04:57:12.349+08:00","caller":"stat/usage.go:61","content":"CPU: 16m, MEMORY: Alloc=6.6Mi, TotalAlloc=264.6Mi, Sys=22.6Mi, NumGC=64","level":"stat"}
{"@timestamp":"2025-02-16T04:57:13.406+08:00","caller":"load/sheddingstat.go:61","content":"(api) shedding_stat [1m], cpu: 17, total: 0, pass: 0, drop: 0","level":"stat"}
{"@timestamp":"2025-02-16T04:58:12.349+08:00","caller":"stat/usage.go:61","content":"CPU: 13m, MEMORY: Alloc=6.2Mi, TotalAlloc=268.8Mi, Sys=22.6Mi, NumGC=65","level":"stat"}
{"@timestamp":"2025-02-16T04:58:13.406+08:00","caller":"load/sheddingstat.go:61","content":"(api) shedding_stat [1m], cpu: 14, total: 0, pass: 0, drop: 0","level":"stat"}
{"@timestamp":"2025-02-16T04:59:12.349+08:00","caller":"stat/usage.go:61","content":"CPU: 15m, MEMORY: Alloc=5.8Mi, TotalAlloc=273.0Mi, Sys=22.6Mi, NumGC=66","level":"stat"}
{"@timestamp":"2025-02-16T04:59:13.407+08:00","caller":"load/sheddingstat.go:61","content":"(api) shedding_stat [1m], cpu: 15, total: 0, pass: 0, drop: 0","level":"stat"}
{"@timestamp":"2025-02-16T05:00:12.349+08:00","caller":"stat/usage.go:61","content":"CPU: 15m, MEMORY: Alloc=5.3Mi, TotalAlloc=277.2Mi, Sys=22.6Mi, NumGC=67","level":"stat"}
{"@timestamp":"2025-02-16T05:00:13.406+08:00","caller":"load/sheddingstat.go:61","content":"(api) shedding_stat [1m], cpu: 16, total: 0, pass: 0, drop: 0","level":"stat"}
{"@timestamp":"2025-02-16T05:01:12.349+08:00","caller":"stat/usage.go:61","content":"CPU: 15m, MEMORY: Alloc=4.8Mi, TotalAlloc=281.4Mi, Sys=22.6Mi, NumGC=68","level":"stat"}
{"@timestamp":"2025-02-16T05:01:13.406+08:00","caller":"load/sheddingstat.go:61","content":"(api) shedding_stat [1m], cpu: 15, total: 0, pass: 0, drop: 0","level":"stat"}
{"@timestamp":"2025-02-16T05:02:12.349+08:00","caller":"stat/usage.go:61","content":"CPU: 15m, MEMORY: Alloc=9.0Mi, TotalAlloc=285.6Mi, Sys=22.6Mi, NumGC=68","level":"stat"}
{"@timestamp":"2025-02-16T05:02:13.406+08:00","caller":"load/sheddingstat.go:61","content":"(api) shedding_stat [1m], cpu: 16, total: 0, pass: 0, drop: 0","level":"stat"}
{"@timestamp":"2025-02-16T05:03:12.349+08:00","caller":"stat/usage.go:61","content":"CPU: 23m, MEMORY: Alloc=8.4Mi, TotalAlloc=289.8Mi, Sys=22.6Mi, NumGC=69","level":"stat"}
{"@timestamp":"2025-02-16T05:03:13.406+08:00","caller":"load/sheddingstat.go:61","content":"(api) shedding_stat [1m], cpu: 23, total: 0, pass: 0, drop: 0","level":"stat"}
{"@timestamp":"2025-02-16T05:04:12.349+08:00","caller":"stat/usage.go:61","content":"CPU: 16m, MEMORY: Alloc=7.9Mi, TotalAlloc=294.0Mi, Sys=22.6Mi, NumGC=70","level":"stat"}
{"@timestamp":"2025-02-16T05:04:13.406+08:00","caller":"load/sheddingstat.go:61","content":"(api) shedding_stat [1m], cpu: 16, total: 0, pass: 0, drop: 0","level":"stat"}
{"@timestamp":"2025-02-16T05:05:12.349+08:00","caller":"stat/usage.go:61","content":"CPU: 17m, MEMORY: Alloc=7.4Mi, TotalAlloc=298.2Mi, Sys=22.8Mi, NumGC=71","level":"stat"}
{"@timestamp":"2025-02-16T05:05:13.406+08:00","caller":"load/sheddingstat.go:61","content":"(api) shedding_stat [1m], cpu: 16, total: 0, pass: 0, drop: 0","level":"stat"}
{"@timestamp":"2025-02-16T05:06:12.349+08:00","caller":"stat/usage.go:61","content":"CPU: 19m, MEMORY: Alloc=6.9Mi, TotalAlloc=302.4Mi, Sys=22.8Mi, NumGC=72","level":"stat"}
{"@timestamp":"2025-02-16T05:06:13.406+08:00","caller":"load/sheddingstat.go:61","content":"(api) shedding_stat [1m], cpu: 19, total: 0, pass: 0, drop: 0","level":"stat"}
{"@timestamp":"2025-02-16T05:07:12.350+08:00","caller":"stat/usage.go:61","content":"CPU: 38m, MEMORY: Alloc=6.5Mi, TotalAlloc=306.6Mi, Sys=22.8Mi, NumGC=73","level":"stat"}
{"@timestamp":"2025-02-16T05:07:13.406+08:00","caller":"load/sheddingstat.go:61","content":"(api) shedding_stat [1m], cpu: 34, total: 0, pass: 0, drop: 0","level":"stat"}
{"@timestamp":"2025-02-16T05:08:12.349+08:00","caller":"stat/usage.go:61","content":"CPU: 26m, MEMORY: Alloc=6.0Mi, TotalAlloc=310.8Mi, Sys=22.8Mi, NumGC=74","level":"stat"}
{"@timestamp":"2025-02-16T05:08:13.406+08:00","caller":"load/sheddingstat.go:61","content":"(api) shedding_stat [1m], cpu: 24, total: 0, pass: 0, drop: 0","level":"stat"}
{"@timestamp":"2025-02-16T05:09:12.349+08:00","caller":"stat/usage.go:61","content":"CPU: 23m, MEMORY: Alloc=5.5Mi, TotalAlloc=315.0Mi, Sys=22.8Mi, NumGC=75","level":"stat"}
{"@timestamp":"2025-02-16T05:09:13.407+08:00","caller":"load/sheddingstat.go:61","content":"(api) shedding_stat [1m], cpu: 22, total: 0, pass: 0, drop: 0","level":"stat"}
{"@timestamp":"2025-02-16T05:10:12.349+08:00","caller":"stat/usage.go:61","content":"CPU: 47m, MEMORY: Alloc=4.9Mi, TotalAlloc=319.2Mi, Sys=22.8Mi, NumGC=76","level":"stat"}
{"@timestamp":"2025-02-16T05:10:13.406+08:00","caller":"load/sheddingstat.go:61","content":"(api) shedding_stat [1m], cpu: 54, total: 0, pass: 0, drop: 0","level":"stat"}
{"@timestamp":"2025-02-16T05:11:12.349+08:00","caller":"stat/usage.go:61","content":"CPU: 54m, MEMORY: Alloc=9.1Mi, TotalAlloc=323.4Mi, Sys=22.8Mi, NumGC=76","level":"stat"}
{"@timestamp":"2025-02-16T05:11:13.406+08:00","caller":"load/sheddingstat.go:61","content":"(api) shedding_stat [1m], cpu: 47, total: 0, pass: 0, drop: 0","level":"stat"}
{"@timestamp":"2025-02-16T05:12:12.349+08:00","caller":"stat/usage.go:61","content":"CPU: 42m, MEMORY: Alloc=8.5Mi, TotalAlloc=327.6Mi, Sys=22.8Mi, NumGC=77","level":"stat"}
{"@timestamp":"2025-02-16T05:12:13.406+08:00","caller":"load/sheddingstat.go:61","content":"(api) shedding_stat [1m], cpu: 38, total: 0, pass: 0, drop: 0","level":"stat"}
{"@timestamp":"2025-02-16T05:13:12.349+08:00","caller":"stat/usage.go:61","content":"CPU: 19m, MEMORY: Alloc=8.0Mi, TotalAlloc=331.9Mi, Sys=22.8Mi, NumGC=78","level":"stat"}
{"@timestamp":"2025-02-16T05:13:13.406+08:00","caller":"load/sheddingstat.go:61","content":"(api) shedding_stat [1m], cpu: 19, total: 0, pass: 0, drop: 0","level":"stat"}
{"@timestamp":"2025-02-16T05:14:12.349+08:00","caller":"stat/usage.go:61","content":"CPU: 19m, MEMORY: Alloc=7.4Mi, TotalAlloc=336.1Mi, Sys=22.8Mi, NumGC=79","level":"stat"}
{"@timestamp":"2025-02-16T05:14:13.406+08:00","caller":"load/sheddingstat.go:61","content":"(api) shedding_stat [1m], cpu: 19, total: 0, pass: 0, drop: 0","level":"stat"}
{"@timestamp":"2025-02-16T05:15:12.349+08:00","caller":"stat/usage.go:61","content":"CPU: 20m, MEMORY: Alloc=6.8Mi, TotalAlloc=340.3Mi, Sys=22.8Mi, NumGC=80","level":"stat"}
{"@timestamp":"2025-02-16T05:15:13.405+08:00","caller":"load/sheddingstat.go:61","content":"(api) shedding_stat [1m], cpu: 43, total: 0, pass: 0, drop: 0","level":"stat"}
{"@timestamp":"2025-02-16T05:16:12.350+08:00","caller":"stat/usage.go:61","content":"CPU: 22m, MEMORY: Alloc=6.1Mi, TotalAlloc=344.5Mi, Sys=22.8Mi, NumGC=81","level":"stat"}
{"@timestamp":"2025-02-16T05:16:13.406+08:00","caller":"load/sheddingstat.go:61","content":"(api) shedding_stat [1m], cpu: 21, total: 0, pass: 0, drop: 0","level":"stat"}
{"@timestamp":"2025-02-16T05:17:12.349+08:00","caller":"stat/usage.go:61","content":"CPU: 17m, MEMORY: Alloc=5.4Mi, TotalAlloc=348.7Mi, Sys=22.8Mi, NumGC=82","level":"stat"}
{"@timestamp":"2025-02-16T05:17:13.406+08:00","caller":"load/sheddingstat.go:61","content":"(api) shedding_stat [1m], cpu: 17, total: 0, pass: 0, drop: 0","level":"stat"}
{"@timestamp":"2025-02-16T05:18:12.349+08:00","caller":"stat/usage.go:61","content":"CPU: 18m, MEMORY: Alloc=9.6Mi, TotalAlloc=352.9Mi, Sys=22.8Mi, NumGC=82","level":"stat"}
{"@timestamp":"2025-02-16T05:18:13.406+08:00","caller":"load/sheddingstat.go:61","content":"(api) shedding_stat [1m], cpu: 18, total: 0, pass: 0, drop: 0","level":"stat"}
{"@timestamp":"2025-02-16T05:19:12.349+08:00","caller":"stat/usage.go:61","content":"CPU: 19m, MEMORY: Alloc=9.0Mi, TotalAlloc=357.1Mi, Sys=22.8Mi, NumGC=83","level":"stat"}
{"@timestamp":"2025-02-16T05:19:13.406+08:00","caller":"load/sheddingstat.go:61","content":"(api) shedding_stat [1m], cpu: 19, total: 0, pass: 0, drop: 0","level":"stat"}
{"@timestamp":"2025-02-16T05:20:12.349+08:00","caller":"stat/usage.go:61","content":"CPU: 19m, MEMORY: Alloc=8.2Mi, TotalAlloc=361.3Mi, Sys=22.8Mi, NumGC=84","level":"stat"}
{"@timestamp":"2025-02-16T05:20:13.406+08:00","caller":"load/sheddingstat.go:61","content":"(api) shedding_stat [1m], cpu: 19, total: 0, pass: 0, drop: 0","level":"stat"}
{"@timestamp":"2025-02-16T05:21:12.349+08:00","caller":"stat/usage.go:61","content":"CPU: 17m, MEMORY: Alloc=7.4Mi, TotalAlloc=365.5Mi, Sys=22.8Mi, NumGC=85","level":"stat"}
{"@timestamp":"2025-02-16T05:21:13.406+08:00","caller":"load/sheddingstat.go:61","content":"(api) shedding_stat [1m], cpu: 17, total: 0, pass: 0, drop: 0","level":"stat"}
{"@timestamp":"2025-02-16T05:22:12.349+08:00","caller":"stat/usage.go:61","content":"CPU: 16m, MEMORY: Alloc=6.6Mi, TotalAlloc=369.7Mi, Sys=22.8Mi, NumGC=86","level":"stat"}
{"@timestamp":"2025-02-16T05:22:13.406+08:00","caller":"load/sheddingstat.go:61","content":"(api) shedding_stat [1m], cpu: 19, total: 0, pass: 0, drop: 0","level":"stat"}
{"@timestamp":"2025-02-16T05:23:12.349+08:00","caller":"stat/usage.go:61","content":"CPU: 17m, MEMORY: Alloc=5.9Mi, TotalAlloc=373.9Mi, Sys=22.8Mi, NumGC=87","level":"stat"}
{"@timestamp":"2025-02-16T05:23:13.406+08:00","caller":"load/sheddingstat.go:61","content":"(api) shedding_stat [1m], cpu: 20, total: 0, pass: 0, drop: 0","level":"stat"}
{"@timestamp":"2025-02-16T05:24:12.349+08:00","caller":"stat/usage.go:61","content":"CPU: 17m, MEMORY: Alloc=10.1Mi, TotalAlloc=378.1Mi, Sys=22.8Mi, NumGC=87","level":"stat"}
{"@timestamp":"2025-02-16T05:24:13.405+08:00","caller":"load/sheddingstat.go:61","content":"(api) shedding_stat [1m], cpu: 20, total: 0, pass: 0, drop: 0","level":"stat"}
{"@timestamp":"2025-02-16T05:25:12.349+08:00","caller":"stat/usage.go:61","content":"CPU: 22m, MEMORY: Alloc=9.2Mi, TotalAlloc=382.3Mi, Sys=22.8Mi, NumGC=88","level":"stat"}
{"@timestamp":"2025-02-16T05:25:13.406+08:00","caller":"load/sheddingstat.go:61","content":"(api) shedding_stat [1m], cpu: 21, total: 0, pass: 0, drop: 0","level":"stat"}
{"@timestamp":"2025-02-16T05:26:12.349+08:00","caller":"stat/usage.go:61","content":"CPU: 16m, MEMORY: Alloc=8.4Mi, TotalAlloc=386.5Mi, Sys=22.8Mi, NumGC=89","level":"stat"}
{"@timestamp":"2025-02-16T05:26:13.406+08:00","caller":"load/sheddingstat.go:61","content":"(api) shedding_stat [1m], cpu: 17, total: 0, pass: 0, drop: 0","level":"stat"}
{"@timestamp":"2025-02-16T05:27:12.349+08:00","caller":"stat/usage.go:61","content":"CPU: 16m, MEMORY: Alloc=7.5Mi, TotalAlloc=390.7Mi, Sys=22.8Mi, NumGC=90","level":"stat"}
{"@timestamp":"2025-02-16T05:27:13.406+08:00","caller":"load/sheddingstat.go:61","content":"(api) shedding_stat [1m], cpu: 16, total: 0, pass: 0, drop: 0","level":"stat"}
{"@timestamp":"2025-02-16T05:28:12.349+08:00","caller":"stat/usage.go:61","content":"CPU: 17m, MEMORY: Alloc=6.5Mi, TotalAlloc=394.9Mi, Sys=22.8Mi, NumGC=91","level":"stat"}
{"@timestamp":"2025-02-16T05:28:13.406+08:00","caller":"load/sheddingstat.go:61","content":"(api) shedding_stat [1m], cpu: 17, total: 0, pass: 0, drop: 0","level":"stat"}
{"@timestamp":"2025-02-16T05:29:12.350+08:00","caller":"stat/usage.go:61","content":"CPU: 17m, MEMORY: Alloc=5.7Mi, TotalAlloc=399.1Mi, Sys=22.8Mi, NumGC=92","level":"stat"}
{"@timestamp":"2025-02-16T05:29:13.406+08:00","caller":"load/sheddingstat.go:61","content":"(api) shedding_stat [1m], cpu: 17, total: 0, pass: 0, drop: 0","level":"stat"}
{"@timestamp":"2025-02-16T05:30:12.349+08:00","caller":"stat/usage.go:61","content":"CPU: 16m, MEMORY: Alloc=9.9Mi, TotalAlloc=403.3Mi, Sys=22.8Mi, NumGC=92","level":"stat"}
{"@timestamp":"2025-02-16T05:30:13.406+08:00","caller":"load/sheddingstat.go:61","content":"(api) shedding_stat [1m], cpu: 16, total: 0, pass: 0, drop: 0","level":"stat"}
{"@timestamp":"2025-02-16T05:31:12.349+08:00","caller":"stat/usage.go:61","content":"CPU: 16m, MEMORY: Alloc=9.0Mi, TotalAlloc=407.5Mi, Sys=22.8Mi, NumGC=93","level":"stat"}
{"@timestamp":"2025-02-16T05:31:13.407+08:00","caller":"load/sheddingstat.go:61","content":"(api) shedding_stat [1m], cpu: 17, total: 0, pass: 0, drop: 0","level":"stat"}
{"@timestamp":"2025-02-16T05:32:12.349+08:00","caller":"stat/usage.go:61","content":"CPU: 16m, MEMORY: Alloc=8.2Mi, TotalAlloc=411.7Mi, Sys=22.8Mi, NumGC=94","level":"stat"}
{"@timestamp":"2025-02-16T05:32:13.406+08:00","caller":"load/sheddingstat.go:61","content":"(api) shedding_stat [1m], cpu: 18, total: 0, pass: 0, drop: 0","level":"stat"}
{"@timestamp":"2025-02-16T05:33:12.350+08:00","caller":"stat/usage.go:61","content":"CPU: 17m, MEMORY: Alloc=7.3Mi, TotalAlloc=415.9Mi, Sys=22.8Mi, NumGC=95","level":"stat"}
{"@timestamp":"2025-02-16T05:33:13.406+08:00","caller":"load/sheddingstat.go:61","content":"(api) shedding_stat [1m], cpu: 17, total: 0, pass: 0, drop: 0","level":"stat"}
{"@timestamp":"2025-02-16T05:34:12.349+08:00","caller":"stat/usage.go:61","content":"CPU: 17m, MEMORY: Alloc=6.3Mi, TotalAlloc=420.1Mi, Sys=22.8Mi, NumGC=96","level":"stat"}
{"@timestamp":"2025-02-16T05:34:13.406+08:00","caller":"load/sheddingstat.go:61","content":"(api) shedding_stat [1m], cpu: 17, total: 0, pass: 0, drop: 0","level":"stat"}
{"@timestamp":"2025-02-16T05:35:12.349+08:00","caller":"stat/usage.go:61","content":"CPU: 19m, MEMORY: Alloc=10.5Mi, TotalAlloc=424.3Mi, Sys=22.8Mi, NumGC=96","level":"stat"}
{"@timestamp":"2025-02-16T05:35:13.405+08:00","caller":"load/sheddingstat.go:61","content":"(api) shedding_stat [1m], cpu: 19, total: 0, pass: 0, drop: 0","level":"stat"}
{"@timestamp":"2025-02-16T05:36:12.349+08:00","caller":"stat/usage.go:61","content":"CPU: 18m, MEMORY: Alloc=9.3Mi, TotalAlloc=428.5Mi, Sys=22.8Mi, NumGC=97","level":"stat"}
{"@timestamp":"2025-02-16T05:36:13.406+08:00","caller":"load/sheddingstat.go:61","content":"(api) shedding_stat [1m], cpu: 18, total: 0, pass: 0, drop: 0","level":"stat"}
{"@timestamp":"2025-02-16T05:37:12.349+08:00","caller":"stat/usage.go:61","content":"CPU: 16m, MEMORY: Alloc=8.4Mi, TotalAlloc=432.7Mi, Sys=22.8Mi, NumGC=98","level":"stat"}
{"@timestamp":"2025-02-16T05:37:13.406+08:00","caller":"load/sheddingstat.go:61","content":"(api) shedding_stat [1m], cpu: 17, total: 0, pass: 0, drop: 0","level":"stat"}
{"@timestamp":"2025-02-16T05:38:12.350+08:00","caller":"stat/usage.go:61","content":"CPU: 22m, MEMORY: Alloc=7.3Mi, TotalAlloc=437.0Mi, Sys=22.8Mi, NumGC=99","level":"stat"}
{"@timestamp":"2025-02-16T05:38:13.407+08:00","caller":"load/sheddingstat.go:61","content":"(api) shedding_stat [1m], cpu: 22, total: 0, pass: 0, drop: 0","level":"stat"}
{"@timestamp":"2025-02-16T05:39:12.349+08:00","caller":"stat/usage.go:61","content":"CPU: 17m, MEMORY: Alloc=6.3Mi, TotalAlloc=441.2Mi, Sys=22.8Mi, NumGC=100","level":"stat"}
{"@timestamp":"2025-02-16T05:39:13.407+08:00","caller":"load/sheddingstat.go:61","content":"(api) shedding_stat [1m], cpu: 18, total: 0, pass: 0, drop: 0","level":"stat"}
{"@timestamp":"2025-02-16T05:40:12.349+08:00","caller":"stat/usage.go:61","content":"CPU: 17m, MEMORY: Alloc=10.5Mi, TotalAlloc=445.4Mi, Sys=22.8Mi, NumGC=100","level":"stat"}
{"@timestamp":"2025-02-16T05:40:13.406+08:00","caller":"load/sheddingstat.go:61","content":"(api) shedding_stat [1m], cpu: 18, total: 0, pass: 0, drop: 0","level":"stat"}
{"@timestamp":"2025-02-16T05:41:12.349+08:00","caller":"stat/usage.go:61","content":"CPU: 16m, MEMORY: Alloc=9.4Mi, TotalAlloc=449.6Mi, Sys=22.8Mi, NumGC=101","level":"stat"}
{"@timestamp":"2025-02-16T05:41:13.407+08:00","caller":"load/sheddingstat.go:61","content":"(api) shedding_stat [1m], cpu: 18, total: 0, pass: 0, drop: 0","level":"stat"}
{"@timestamp":"2025-02-16T05:42:12.349+08:00","caller":"stat/usage.go:61","content":"CPU: 19m, MEMORY: Alloc=8.3Mi, TotalAlloc=453.8Mi, Sys=22.8Mi, NumGC=102","level":"stat"}
{"@timestamp":"2025-02-16T05:42:13.405+08:00","caller":"load/sheddingstat.go:61","content":"(api) shedding_stat [1m], cpu: 19, total: 0, pass: 0, drop: 0","level":"stat"}
{"@timestamp":"2025-02-16T05:43:12.349+08:00","caller":"stat/usage.go:61","content":"CPU: 15m, MEMORY: Alloc=7.1Mi, TotalAlloc=458.0Mi, Sys=22.8Mi, NumGC=103","level":"stat"}
{"@timestamp":"2025-02-16T05:43:13.406+08:00","caller":"load/sheddingstat.go:61","content":"(api) shedding_stat [1m], cpu: 16, total: 0, pass: 0, drop: 0","level":"stat"}
{"@timestamp":"2025-02-16T05:44:12.349+08:00","caller":"stat/usage.go:61","content":"CPU: 17m, MEMORY: Alloc=6.0Mi, TotalAlloc=462.2Mi, Sys=22.8Mi, NumGC=104","level":"stat"}
{"@timestamp":"2025-02-16T05:44:13.406+08:00","caller":"load/sheddingstat.go:61","content":"(api) shedding_stat [1m], cpu: 17, total: 0, pass: 0, drop: 0","level":"stat"}
{"@timestamp":"2025-02-16T05:45:12.349+08:00","caller":"stat/usage.go:61","content":"CPU: 17m, MEMORY: Alloc=10.2Mi, TotalAlloc=466.4Mi, Sys=22.8Mi, NumGC=104","level":"stat"}
{"@timestamp":"2025-02-16T05:45:13.406+08:00","caller":"load/sheddingstat.go:61","content":"(api) shedding_stat [1m], cpu: 17, total: 0, pass: 0, drop: 0","level":"stat"}
{"@timestamp":"2025-02-16T05:46:12.349+08:00","caller":"stat/usage.go:61","content":"CPU: 19m, MEMORY: Alloc=9.0Mi, TotalAlloc=470.6Mi, Sys=22.8Mi, NumGC=105","level":"stat"}
{"@timestamp":"2025-02-16T05:46:13.406+08:00","caller":"load/sheddingstat.go:61","content":"(api) shedding_stat [1m], cpu: 19, total: 0, pass: 0, drop: 0","level":"stat"}
{"@timestamp":"2025-02-16T05:47:12.349+08:00","caller":"stat/usage.go:61","content":"CPU: 19m, MEMORY: Alloc=7.9Mi, TotalAlloc=474.8Mi, Sys=22.8Mi, NumGC=106","level":"stat"}
{"@timestamp":"2025-02-16T05:47:13.406+08:00","caller":"load/sheddingstat.go:61","content":"(api) shedding_stat [1m], cpu: 18, total: 0, pass: 0, drop: 0","level":"stat"}
{"@timestamp":"2025-02-16T05:48:12.349+08:00","caller":"stat/usage.go:61","content":"CPU: 17m, MEMORY: Alloc=6.7Mi, TotalAlloc=479.0Mi, Sys=22.8Mi, NumGC=107","level":"stat"}
{"@timestamp":"2025-02-16T05:48:13.406+08:00","caller":"load/sheddingstat.go:61","content":"(api) shedding_stat [1m], cpu: 17, total: 0, pass: 0, drop: 0","level":"stat"}
{"@timestamp":"2025-02-16T05:49:12.349+08:00","caller":"stat/usage.go:61","content":"CPU: 19m, MEMORY: Alloc=10.9Mi, TotalAlloc=483.2Mi, Sys=22.8Mi, NumGC=107","level":"stat"}
{"@timestamp":"2025-02-16T05:49:13.407+08:00","caller":"load/sheddingstat.go:61","content":"(api) shedding_stat [1m], cpu: 19, total: 0, pass: 0, drop: 0","level":"stat"}
{"@timestamp":"2025-02-16T05:50:12.349+08:00","caller":"stat/usage.go:61","content":"CPU: 19m, MEMORY: Alloc=9.6Mi, TotalAlloc=487.4Mi, Sys=22.8Mi, NumGC=108","level":"stat"}
{"@timestamp":"2025-02-16T05:50:13.406+08:00","caller":"load/sheddingstat.go:61","content":"(api) shedding_stat [1m], cpu: 19, total: 0, pass: 0, drop: 0","level":"stat"}
{"@timestamp":"2025-02-16T05:51:12.349+08:00","caller":"stat/usage.go:61","content":"CPU: 24m, MEMORY: Alloc=8.4Mi, TotalAlloc=491.6Mi, Sys=22.8Mi, NumGC=109","level":"stat"}
{"@timestamp":"2025-02-16T05:51:13.406+08:00","caller":"load/sheddingstat.go:61","content":"(api) shedding_stat [1m], cpu: 23, total: 0, pass: 0, drop: 0","level":"stat"}
{"@timestamp":"2025-02-16T05:52:12.349+08:00","caller":"stat/usage.go:61","content":"CPU: 17m, MEMORY: Alloc=7.1Mi, TotalAlloc=495.8Mi, Sys=22.8Mi, NumGC=110","level":"stat"}
{"@timestamp":"2025-02-16T05:52:13.406+08:00","caller":"load/sheddingstat.go:61","content":"(api) shedding_stat [1m], cpu: 17, total: 0, pass: 0, drop: 0","level":"stat"}
{"@timestamp":"2025-02-16T05:53:12.349+08:00","caller":"stat/usage.go:61","content":"CPU: 17m, MEMORY: Alloc=5.9Mi, TotalAlloc=500.0Mi, Sys=22.8Mi, NumGC=111","level":"stat"}
{"@timestamp":"2025-02-16T05:53:13.406+08:00","caller":"load/sheddingstat.go:61","content":"(api) shedding_stat [1m], cpu: 17, total: 0, pass: 0, drop: 0","level":"stat"}
{"@timestamp":"2025-02-16T05:54:12.350+08:00","caller":"stat/usage.go:61","content":"CPU: 18m, MEMORY: Alloc=10.1Mi, TotalAlloc=504.2Mi, Sys=22.8Mi, NumGC=111","level":"stat"}
{"@timestamp":"2025-02-16T05:54:13.406+08:00","caller":"load/sheddingstat.go:61","content":"(api) shedding_stat [1m], cpu: 18, total: 0, pass: 0, drop: 0","level":"stat"}
{"@timestamp":"2025-02-16T05:55:12.349+08:00","caller":"stat/usage.go:61","content":"CPU: 17m, MEMORY: Alloc=8.8Mi, TotalAlloc=508.4Mi, Sys=22.8Mi, NumGC=112","level":"stat"}
{"@timestamp":"2025-02-16T05:55:13.407+08:00","caller":"load/sheddingstat.go:61","content":"(api) shedding_stat [1m], cpu: 18, total: 0, pass: 0, drop: 0","level":"stat"}
{"@timestamp":"2025-02-16T05:56:12.349+08:00","caller":"stat/usage.go:61","content":"CPU: 19m, MEMORY: Alloc=7.5Mi, TotalAlloc=512.6Mi, Sys=22.8Mi, NumGC=113","level":"stat"}
{"@timestamp":"2025-02-16T05:56:13.405+08:00","caller":"load/sheddingstat.go:61","content":"(api) shedding_stat [1m], cpu: 19, total: 0, pass: 0, drop: 0","level":"stat"}
{"@timestamp":"2025-02-16T05:57:12.349+08:00","caller":"stat/usage.go:61","content":"CPU: 17m, MEMORY: Alloc=6.3Mi, TotalAlloc=516.8Mi, Sys=22.8Mi, NumGC=114","level":"stat"}
{"@timestamp":"2025-02-16T05:57:13.406+08:00","caller":"load/sheddingstat.go:61","content":"(api) shedding_stat [1m], cpu: 18, total: 0, pass: 0, drop: 0","level":"stat"}
{"@timestamp":"2025-02-16T05:58:12.349+08:00","caller":"stat/usage.go:61","content":"CPU: 18m, MEMORY: Alloc=10.5Mi, TotalAlloc=521.0Mi, Sys=22.8Mi, NumGC=114","level":"stat"}
{"@timestamp":"2025-02-16T05:58:13.406+08:00","caller":"load/sheddingstat.go:61","content":"(api) shedding_stat [1m], cpu: 19, total: 0, pass: 0, drop: 0","level":"stat"}
{"@timestamp":"2025-02-16T05:59:12.349+08:00","caller":"stat/usage.go:61","content":"CPU: 16m, MEMORY: Alloc=9.3Mi, TotalAlloc=525.2Mi, Sys=22.8Mi, NumGC=115","level":"stat"}
{"@timestamp":"2025-02-16T05:59:13.406+08:00","caller":"load/sheddingstat.go:61","content":"(api) shedding_stat [1m], cpu: 19, total: 0, pass: 0, drop: 0","level":"stat"}
{"@timestamp":"2025-02-16T06:00:12.349+08:00","caller":"stat/usage.go:61","content":"CPU: 17m, MEMORY: Alloc=8.0Mi, TotalAlloc=529.4Mi, Sys=22.8Mi, NumGC=116","level":"stat"}
{"@timestamp":"2025-02-16T06:00:13.406+08:00","caller":"load/sheddingstat.go:61","content":"(api) shedding_stat [1m], cpu: 18, total: 0, pass: 0, drop: 0","level":"stat"}
{"@timestamp":"2025-02-16T06:01:12.349+08:00","caller":"stat/usage.go:61","content":"CPU: 15m, MEMORY: Alloc=6.7Mi, TotalAlloc=533.6Mi, Sys=22.8Mi, NumGC=117","level":"stat"}
{"@timestamp":"2025-02-16T06:01:13.406+08:00","caller":"load/sheddingstat.go:61","content":"(api) shedding_stat [1m], cpu: 16, total: 0, pass: 0, drop: 0","level":"stat"}
{"@timestamp":"2025-02-16T06:02:12.349+08:00","caller":"stat/usage.go:61","content":"CPU: 17m, MEMORY: Alloc=10.9Mi, TotalAlloc=537.8Mi, Sys=22.8Mi, NumGC=117","level":"stat"}
{"@timestamp":"2025-02-16T06:02:13.406+08:00","caller":"load/sheddingstat.go:61","content":"(api) shedding_stat [1m], cpu: 17, total: 0, pass: 0, drop: 0","level":"stat"}
{"@timestamp":"2025-02-16T06:03:12.350+08:00","caller":"stat/usage.go:61","content":"CPU: 17m, MEMORY: Alloc=9.6Mi, TotalAlloc=542.0Mi, Sys=22.8Mi, NumGC=118","level":"stat"}
{"@timestamp":"2025-02-16T06:03:13.406+08:00","caller":"load/sheddingstat.go:61","content":"(api) shedding_stat [1m], cpu: 17, total: 0, pass: 0, drop: 0","level":"stat"}
{"@timestamp":"2025-02-16T06:04:12.349+08:00","caller":"stat/usage.go:61","content":"CPU: 24m, MEMORY: Alloc=8.2Mi, TotalAlloc=546.2Mi, Sys=22.8Mi, NumGC=119","level":"stat"}
{"@timestamp":"2025-02-16T06:04:13.406+08:00","caller":"load/sheddingstat.go:61","content":"(api) shedding_stat [1m], cpu: 22, total: 0, pass: 0, drop: 0","level":"stat"}
{"@timestamp":"2025-02-16T06:05:12.349+08:00","caller":"stat/usage.go:61","content":"CPU: 18m, MEMORY: Alloc=6.9Mi, TotalAlloc=550.4Mi, Sys=22.8Mi, NumGC=120","level":"stat"}
{"@timestamp":"2025-02-16T06:05:13.406+08:00","caller":"load/sheddingstat.go:61","content":"(api) shedding_stat [1m], cpu: 18, total: 0, pass: 0, drop: 0","level":"stat"}
{"@timestamp":"2025-02-16T06:06:12.349+08:00","caller":"stat/usage.go:61","content":"CPU: 18m, MEMORY: Alloc=11.1Mi, TotalAlloc=554.6Mi, Sys=22.8Mi, NumGC=120","level":"stat"}
{"@timestamp":"2025-02-16T06:06:13.406+08:00","caller":"load/sheddingstat.go:61","content":"(api) shedding_stat [1m], cpu: 18, total: 0, pass: 0, drop: 0","level":"stat"}
{"@timestamp":"2025-02-16T06:07:12.349+08:00","caller":"stat/usage.go:61","content":"CPU: 15m, MEMORY: Alloc=9.8Mi, TotalAlloc=558.9Mi, Sys=22.8Mi, NumGC=121","level":"stat"}
{"@timestamp":"2025-02-16T06:07:13.406+08:00","caller":"load/sheddingstat.go:61","content":"(api) shedding_stat [1m], cpu: 16, total: 0, pass: 0, drop: 0","level":"stat"}
{"@timestamp":"2025-02-16T06:08:12.349+08:00","caller":"stat/usage.go:61","content":"CPU: 17m, MEMORY: Alloc=8.2Mi, TotalAlloc=563.1Mi, Sys=22.8Mi, NumGC=122","level":"stat"}
{"@timestamp":"2025-02-16T06:08:13.406+08:00","caller":"load/sheddingstat.go:61","content":"(api) shedding_stat [1m], cpu: 17, total: 0, pass: 0, drop: 0","level":"stat"}
{"@timestamp":"2025-02-16T06:09:12.349+08:00","caller":"stat/usage.go:61","content":"CPU: 18m, MEMORY: Alloc=6.8Mi, TotalAlloc=567.3Mi, Sys=22.8Mi, NumGC=123","level":"stat"}
{"@timestamp":"2025-02-16T06:09:13.406+08:00","caller":"load/sheddingstat.go:61","content":"(api) shedding_stat [1m], cpu: 18, total: 0, pass: 0, drop: 0","level":"stat"}
{"@timestamp":"2025-02-16T06:10:12.349+08:00","caller":"stat/usage.go:61","content":"CPU: 17m, MEMORY: Alloc=11.0Mi, TotalAlloc=571.5Mi, Sys=22.8Mi, NumGC=123","level":"stat"}
{"@timestamp":"2025-02-16T06:10:13.406+08:00","caller":"load/sheddingstat.go:61","content":"(api) shedding_stat [1m], cpu: 17, total: 0, pass: 0, drop: 0","level":"stat"}
{"@timestamp":"2025-02-16T06:11:12.349+08:00","caller":"stat/usage.go:61","content":"CPU: 16m, MEMORY: Alloc=9.5Mi, TotalAlloc=575.7Mi, Sys=22.8Mi, NumGC=124","level":"stat"}
{"@timestamp":"2025-02-16T06:11:13.406+08:00","caller":"load/sheddingstat.go:61","content":"(api) shedding_stat [1m], cpu: 16, total: 0, pass: 0, drop: 0","level":"stat"}
{"@timestamp":"2025-02-16T06:12:12.349+08:00","caller":"stat/usage.go:61","content":"CPU: 17m, MEMORY: Alloc=8.1Mi, TotalAlloc=579.9Mi, Sys=22.8Mi, NumGC=125","level":"stat"}
{"@timestamp":"2025-02-16T06:12:13.406+08:00","caller":"load/sheddingstat.go:61","content":"(api) shedding_stat [1m], cpu: 17, total: 0, pass: 0, drop: 0","level":"stat"}
{"@timestamp":"2025-02-16T06:13:12.349+08:00","caller":"stat/usage.go:61","content":"CPU: 17m, MEMORY: Alloc=6.6Mi, TotalAlloc=584.1Mi, Sys=22.8Mi, NumGC=126","level":"stat"}
{"@timestamp":"2025-02-16T06:13:13.406+08:00","caller":"load/sheddingstat.go:61","content":"(api) shedding_stat [1m], cpu: 18, total: 0, pass: 0, drop: 0","level":"stat"}
{"@timestamp":"2025-02-16T06:14:12.349+08:00","caller":"stat/usage.go:61","content":"CPU: 17m, MEMORY: Alloc=10.8Mi, TotalAlloc=588.3Mi, Sys=22.8Mi, NumGC=126","level":"stat"}
{"@timestamp":"2025-02-16T06:14:13.406+08:00","caller":"load/sheddingstat.go:61","content":"(api) shedding_stat [1m], cpu: 17, total: 0, pass: 0, drop: 0","level":"stat"}
{"@timestamp":"2025-02-16T06:15:12.350+08:00","caller":"stat/usage.go:61","content":"CPU: 16m, MEMORY: Alloc=9.3Mi, TotalAlloc=592.5Mi, Sys=22.8Mi, NumGC=127","level":"stat"}
{"@timestamp":"2025-02-16T06:15:13.407+08:00","caller":"load/sheddingstat.go:61","content":"(api) shedding_stat [1m], cpu: 16, total: 0, pass: 0, drop: 0","level":"stat"}
{"@timestamp":"2025-02-16T06:16:12.349+08:00","caller":"stat/usage.go:61","content":"CPU: 17m, MEMORY: Alloc=7.8Mi, TotalAlloc=596.7Mi, Sys=22.8Mi, NumGC=128","level":"stat"}
{"@timestamp":"2025-02-16T06:16:13.406+08:00","caller":"load/sheddingstat.go:61","content":"(api) shedding_stat [1m], cpu: 18, total: 0, pass: 0, drop: 0","level":"stat"}
{"@timestamp":"2025-02-16T06:17:12.349+08:00","caller":"stat/usage.go:61","content":"CPU: 23m, MEMORY: Alloc=6.2Mi, TotalAlloc=600.9Mi, Sys=22.8Mi, NumGC=129","level":"stat"}
{"@timestamp":"2025-02-16T06:17:13.406+08:00","caller":"load/sheddingstat.go:61","content":"(api) shedding_stat [1m], cpu: 21, total: 0, pass: 0, drop: 0","level":"stat"}
{"@timestamp":"2025-02-16T06:18:12.349+08:00","caller":"stat/usage.go:61","content":"CPU: 19m, MEMORY: Alloc=10.4Mi, TotalAlloc=605.1Mi, Sys=22.8Mi, NumGC=129","level":"stat"}
{"@timestamp":"2025-02-16T06:18:13.407+08:00","caller":"load/sheddingstat.go:61","content":"(api) shedding_stat [1m], cpu: 19, total: 0, pass: 0, drop: 0","level":"stat"}
{"@timestamp":"2025-02-16T06:19:12.349+08:00","caller":"stat/usage.go:61","content":"CPU: 20m, MEMORY: Alloc=8.8Mi, TotalAlloc=609.3Mi, Sys=22.8Mi, NumGC=130","level":"stat"}
{"@timestamp":"2025-02-16T06:19:13.406+08:00","caller":"load/sheddingstat.go:61","content":"(api) shedding_stat [1m], cpu: 20, total: 0, pass: 0, drop: 0","level":"stat"}
{"@timestamp":"2025-02-16T06:20:12.349+08:00","caller":"stat/usage.go:61","content":"CPU: 17m, MEMORY: Alloc=7.1Mi, TotalAlloc=613.5Mi, Sys=22.8Mi, NumGC=131","level":"stat"}
{"@timestamp":"2025-02-16T06:20:13.406+08:00","caller":"load/sheddingstat.go:61","content":"(api) shedding_stat [1m], cpu: 18, total: 0, pass: 0, drop: 0","level":"stat"}
{"@timestamp":"2025-02-16T06:21:12.349+08:00","caller":"stat/usage.go:61","content":"CPU: 19m, MEMORY: Alloc=11.3Mi, TotalAlloc=617.7Mi, Sys=22.8Mi, NumGC=131","level":"stat"}
{"@timestamp":"2025-02-16T06:21:13.406+08:00","caller":"load/sheddingstat.go:61","content":"(api) shedding_stat [1m], cpu: 19, total: 0, pass: 0, drop: 0","level":"stat"}
{"@timestamp":"2025-02-16T06:22:12.349+08:00","caller":"stat/usage.go:61","content":"CPU: 17m, MEMORY: Alloc=9.6Mi, TotalAlloc=621.9Mi, Sys=22.8Mi, NumGC=132","level":"stat"}
{"@timestamp":"2025-02-16T06:22:13.407+08:00","caller":"load/sheddingstat.go:61","content":"(api) shedding_stat [1m], cpu: 17, total: 0, pass: 0, drop: 0","level":"stat"}
{"@timestamp":"2025-02-16T06:23:12.349+08:00","caller":"stat/usage.go:61","content":"CPU: 17m, MEMORY: Alloc=7.9Mi, TotalAlloc=626.1Mi, Sys=22.8Mi, NumGC=133","level":"stat"}
{"@timestamp":"2025-02-16T06:23:13.406+08:00","caller":"load/sheddingstat.go:61","content":"(api) shedding_stat [1m], cpu: 18, total: 0, pass: 0, drop: 0","level":"stat"}
{"@timestamp":"2025-02-16T06:24:12.350+08:00","caller":"stat/usage.go:61","content":"CPU: 16m, MEMORY: Alloc=6.2Mi, TotalAlloc=630.3Mi, Sys=22.8Mi, NumGC=134","level":"stat"}
{"@timestamp":"2025-02-16T06:24:13.406+08:00","caller":"load/sheddingstat.go:61","content":"(api) shedding_stat [1m], cpu: 16, total: 0, pass: 0, drop: 0","level":"stat"}
{"@timestamp":"2025-02-16T06:25:12.349+08:00","caller":"stat/usage.go:61","content":"CPU: 17m, MEMORY: Alloc=10.4Mi, TotalAlloc=634.5Mi, Sys=22.8Mi, NumGC=134","level":"stat"}
{"@timestamp":"2025-02-16T06:25:13.406+08:00","caller":"load/sheddingstat.go:61","content":"(api) shedding_stat [1m], cpu: 17, total: 0, pass: 0, drop: 0","level":"stat"}
{"@timestamp":"2025-02-16T06:26:12.349+08:00","caller":"stat/usage.go:61","content":"CPU: 17m, MEMORY: Alloc=8.6Mi, TotalAlloc=638.7Mi, Sys=22.8Mi, NumGC=135","level":"stat"}
{"@timestamp":"2025-02-16T06:26:13.406+08:00","caller":"load/sheddingstat.go:61","content":"(api) shedding_stat [1m], cpu: 17, total: 0, pass: 0, drop: 0","level":"stat"}
{"@timestamp":"2025-02-16T06:27:12.349+08:00","caller":"stat/usage.go:61","content":"CPU: 18m, MEMORY: Alloc=6.9Mi, TotalAlloc=642.9Mi, Sys=22.8Mi, NumGC=136","level":"stat"}
{"@timestamp":"2025-02-16T06:27:13.407+08:00","caller":"load/sheddingstat.go:61","content":"(api) shedding_stat [1m], cpu: 18, total: 0, pass: 0, drop: 0","level":"stat"}
{"@timestamp":"2025-02-16T06:28:12.349+08:00","caller":"stat/usage.go:61","content":"CPU: 18m, MEMORY: Alloc=11.1Mi, TotalAlloc=647.1Mi, Sys=22.8Mi, NumGC=136","level":"stat"}
{"@timestamp":"2025-02-16T06:28:13.406+08:00","caller":"load/sheddingstat.go:61","content":"(api) shedding_stat [1m], cpu: 18, total: 0, pass: 0, drop: 0","level":"stat"}
{"@timestamp":"2025-02-16T06:29:12.350+08:00","caller":"stat/usage.go:61","content":"CPU: 17m, MEMORY: Alloc=9.4Mi, TotalAlloc=651.3Mi, Sys=22.8Mi, NumGC=137","level":"stat"}
{"@timestamp":"2025-02-16T06:29:13.407+08:00","caller":"load/sheddingstat.go:61","content":"(api) shedding_stat [1m], cpu: 18, total: 0, pass: 0, drop: 0","level":"stat"}
{"@timestamp":"2025-02-16T06:30:12.350+08:00","caller":"stat/usage.go:61","content":"CPU: 24m, MEMORY: Alloc=7.5Mi, TotalAlloc=655.5Mi, Sys=22.8Mi, NumGC=138","level":"stat"}
{"@timestamp":"2025-02-16T06:30:13.406+08:00","caller":"load/sheddingstat.go:61","content":"(api) shedding_stat [1m], cpu: 22, total: 0, pass: 0, drop: 0","level":"stat"}
{"@timestamp":"2025-02-16T06:31:12.349+08:00","caller":"stat/usage.go:61","content":"CPU: 18m, MEMORY: Alloc=11.7Mi, TotalAlloc=659.7Mi, Sys=22.8Mi, NumGC=138","level":"stat"}
{"@timestamp":"2025-02-16T06:31:13.405+08:00","caller":"load/sheddingstat.go:61","content":"(api) shedding_stat [1m], cpu: 18, total: 0, pass: 0, drop: 0","level":"stat"}
{"@timestamp":"2025-02-16T06:32:12.349+08:00","caller":"stat/usage.go:61","content":"CPU: 16m, MEMORY: Alloc=9.8Mi, TotalAlloc=663.9Mi, Sys=26.8Mi, NumGC=139","level":"stat"}
{"@timestamp":"2025-02-16T06:32:13.406+08:00","caller":"load/sheddingstat.go:61","content":"(api) shedding_stat [1m], cpu: 18, total: 0, pass: 0, drop: 0","level":"stat"}
{"@timestamp":"2025-02-16T06:33:12.349+08:00","caller":"stat/usage.go:61","content":"CPU: 16m, MEMORY: Alloc=8.0Mi, TotalAlloc=668.1Mi, Sys=26.8Mi, NumGC=140","level":"stat"}
{"@timestamp":"2025-02-16T06:33:13.406+08:00","caller":"load/sheddingstat.go:61","content":"(api) shedding_stat [1m], cpu: 17, total: 0, pass: 0, drop: 0","level":"stat"}
{"@timestamp":"2025-02-16T06:34:12.349+08:00","caller":"stat/usage.go:61","content":"CPU: 16m, MEMORY: Alloc=12.2Mi, TotalAlloc=672.3Mi, Sys=26.8Mi, NumGC=140","level":"stat"}
{"@timestamp":"2025-02-16T06:34:13.406+08:00","caller":"load/sheddingstat.go:61","content":"(api) shedding_stat [1m], cpu: 18, total: 0, pass: 0, drop: 0","level":"stat"}
{"@timestamp":"2025-02-16T06:35:12.349+08:00","caller":"stat/usage.go:61","content":"CPU: 20m, MEMORY: Alloc=10.2Mi, TotalAlloc=676.5Mi, Sys=26.8Mi, NumGC=141","level":"stat"}
{"@timestamp":"2025-02-16T06:35:13.406+08:00","caller":"load/sheddingstat.go:61","content":"(api) shedding_stat [1m], cpu: 21, total: 0, pass: 0, drop: 0","level":"stat"}
{"@timestamp":"2025-02-16T06:36:12.349+08:00","caller":"stat/usage.go:61","content":"CPU: 15m, MEMORY: Alloc=8.3Mi, TotalAlloc=680.7Mi, Sys=26.8Mi, NumGC=142","level":"stat"}
{"@timestamp":"2025-02-16T06:36:13.407+08:00","caller":"load/sheddingstat.go:61","content":"(api) shedding_stat [1m], cpu: 15, total: 0, pass: 0, drop: 0","level":"stat"}
{"@timestamp":"2025-02-16T06:37:12.349+08:00","caller":"stat/usage.go:61","content":"CPU: 15m, MEMORY: Alloc=6.5Mi, TotalAlloc=684.9Mi, Sys=26.8Mi, NumGC=143","level":"stat"}
{"@timestamp":"2025-02-16T06:37:13.406+08:00","caller":"load/sheddingstat.go:61","content":"(api) shedding_stat [1m], cpu: 16, total: 0, pass: 0, drop: 0","level":"stat"}
{"@timestamp":"2025-02-16T06:38:12.349+08:00","caller":"stat/usage.go:61","content":"CPU: 17m, MEMORY: Alloc=10.7Mi, TotalAlloc=689.1Mi, Sys=26.8Mi, NumGC=143","level":"stat"}
{"@timestamp":"2025-02-16T06:38:13.406+08:00","caller":"load/sheddingstat.go:61","content":"(api) shedding_stat [1m], cpu: 17, total: 0, pass: 0, drop: 0","level":"stat"}
{"@timestamp":"2025-02-16T06:39:12.349+08:00","caller":"stat/usage.go:61","content":"CPU: 17m, MEMORY: Alloc=8.8Mi, TotalAlloc=693.3Mi, Sys=26.8Mi, NumGC=144","level":"stat"}
{"@timestamp":"2025-02-16T06:39:13.406+08:00","caller":"load/sheddingstat.go:61","content":"(api) shedding_stat [1m], cpu: 18, total: 0, pass: 0, drop: 0","level":"stat"}
{"@timestamp":"2025-02-16T06:40:12.349+08:00","caller":"stat/usage.go:61","content":"CPU: 15m, MEMORY: Alloc=6.8Mi, TotalAlloc=697.5Mi, Sys=26.8Mi, NumGC=145","level":"stat"}
{"@timestamp":"2025-02-16T06:40:13.407+08:00","caller":"load/sheddingstat.go:61","content":"(api) shedding_stat [1m], cpu: 16, total: 0, pass: 0, drop: 0","level":"stat"}
{"@timestamp":"2025-02-16T06:41:12.349+08:00","caller":"stat/usage.go:61","content":"CPU: 15m, MEMORY: Alloc=11.0Mi, TotalAlloc=701.7Mi, Sys=26.8Mi, NumGC=145","level":"stat"}
{"@timestamp":"2025-02-16T06:41:13.406+08:00","caller":"load/sheddingstat.go:61","content":"(api) shedding_stat [1m], cpu: 15, total: 0, pass: 0, drop: 0","level":"stat"}
{"@timestamp":"2025-02-16T06:42:12.349+08:00","caller":"stat/usage.go:61","content":"CPU: 16m, MEMORY: Alloc=9.1Mi, TotalAlloc=705.9Mi, Sys=26.8Mi, NumGC=146","level":"stat"}
{"@timestamp":"2025-02-16T06:42:13.406+08:00","caller":"load/sheddingstat.go:61","content":"(api) shedding_stat [1m], cpu: 16, total: 0, pass: 0, drop: 0","level":"stat"}
{"@timestamp":"2025-02-16T06:43:12.349+08:00","caller":"stat/usage.go:61","content":"CPU: 21m, MEMORY: Alloc=7.0Mi, TotalAlloc=710.1Mi, Sys=26.8Mi, NumGC=147","level":"stat"}
{"@timestamp":"2025-02-16T06:43:13.407+08:00","caller":"load/sheddingstat.go:61","content":"(api) shedding_stat [1m], cpu: 21, total: 0, pass: 0, drop: 0","level":"stat"}
{"@timestamp":"2025-02-16T06:44:12.349+08:00","caller":"stat/usage.go:61","content":"CPU: 17m, MEMORY: Alloc=11.2Mi, TotalAlloc=714.3Mi, Sys=26.8Mi, NumGC=147","level":"stat"}
{"@timestamp":"2025-02-16T06:44:13.406+08:00","caller":"load/sheddingstat.go:61","content":"(api) shedding_stat [1m], cpu: 17, total: 0, pass: 0, drop: 0","level":"stat"}
{"@timestamp":"2025-02-16T06:45:12.349+08:00","caller":"stat/usage.go:61","content":"CPU: 15m, MEMORY: Alloc=9.1Mi, TotalAlloc=718.5Mi, Sys=26.8Mi, NumGC=148","level":"stat"}
{"@timestamp":"2025-02-16T06:45:13.406+08:00","caller":"load/sheddingstat.go:61","content":"(api) shedding_stat [1m], cpu: 15, total: 0, pass: 0, drop: 0","level":"stat"}
{"@timestamp":"2025-02-16T06:46:12.349+08:00","caller":"stat/usage.go:61","content":"CPU: 17m, MEMORY: Alloc=7.1Mi, TotalAlloc=722.7Mi, Sys=26.8Mi, NumGC=149","level":"stat"}
{"@timestamp":"2025-02-16T06:46:13.406+08:00","caller":"load/sheddingstat.go:61","content":"(api) shedding_stat [1m], cpu: 17, total: 0, pass: 0, drop: 0","level":"stat"}
{"@timestamp":"2025-02-16T06:47:12.349+08:00","caller":"stat/usage.go:61","content":"CPU: 16m, MEMORY: Alloc=11.3Mi, TotalAlloc=727.0Mi, Sys=26.8Mi, NumGC=149","level":"stat"}
{"@timestamp":"2025-02-16T06:47:13.406+08:00","caller":"load/sheddingstat.go:61","content":"(api) shedding_stat [1m], cpu: 16, total: 0, pass: 0, drop: 0","level":"stat"}
{"@timestamp":"2025-02-16T06:48:12.349+08:00","caller":"stat/usage.go:61","content":"CPU: 16m, MEMORY: Alloc=9.3Mi, TotalAlloc=731.2Mi, Sys=26.8Mi, NumGC=150","level":"stat"}
{"@timestamp":"2025-02-16T06:48:13.405+08:00","caller":"load/sheddingstat.go:61","content":"(api) shedding_stat [1m], cpu: 16, total: 0, pass: 0, drop: 0","level":"stat"}
{"@timestamp":"2025-02-16T06:49:12.349+08:00","caller":"stat/usage.go:61","content":"CPU: 17m, MEMORY: Alloc=7.2Mi, TotalAlloc=735.4Mi, Sys=26.8Mi, NumGC=151","level":"stat"}
{"@timestamp":"2025-02-16T06:49:13.407+08:00","caller":"load/sheddingstat.go:61","content":"(api) shedding_stat [1m], cpu: 18, total: 0, pass: 0, drop: 0","level":"stat"}
{"@timestamp":"2025-02-16T06:50:12.349+08:00","caller":"stat/usage.go:61","content":"CPU: 15m, MEMORY: Alloc=11.4Mi, TotalAlloc=739.6Mi, Sys=26.8Mi, NumGC=151","level":"stat"}
{"@timestamp":"2025-02-16T06:50:13.405+08:00","caller":"load/sheddingstat.go:61","content":"(api) shedding_stat [1m], cpu: 15, total: 0, pass: 0, drop: 0","level":"stat"}
{"@timestamp":"2025-02-16T06:51:12.349+08:00","caller":"stat/usage.go:61","content":"CPU: 16m, MEMORY: Alloc=9.3Mi, TotalAlloc=743.8Mi, Sys=26.8Mi, NumGC=152","level":"stat"}
{"@timestamp":"2025-02-16T06:51:13.406+08:00","caller":"load/sheddingstat.go:61","content":"(api) shedding_stat [1m], cpu: 16, total: 0, pass: 0, drop: 0","level":"stat"}
{"@timestamp":"2025-02-16T06:52:12.349+08:00","caller":"stat/usage.go:61","content":"CPU: 17m, MEMORY: Alloc=7.2Mi, TotalAlloc=748.0Mi, Sys=26.8Mi, NumGC=153","level":"stat"}
{"@timestamp":"2025-02-16T06:52:13.406+08:00","caller":"load/sheddingstat.go:61","content":"(api) shedding_stat [1m], cpu: 17, total: 0, pass: 0, drop: 0","level":"stat"}
{"@timestamp":"2025-02-16T06:53:12.349+08:00","caller":"stat/usage.go:61","content":"CPU: 17m, MEMORY: Alloc=11.4Mi, TotalAlloc=752.2Mi, Sys=26.8Mi, NumGC=153","level":"stat"}
{"@timestamp":"2025-02-16T06:53:13.406+08:00","caller":"load/sheddingstat.go:61","content":"(api) shedding_stat [1m], cpu: 17, total: 0, pass: 0, drop: 0","level":"stat"}
{"@timestamp":"2025-02-16T06:54:12.349+08:00","caller":"stat/usage.go:61","content":"CPU: 17m, MEMORY: Alloc=9.4Mi, TotalAlloc=756.4Mi, Sys=26.8Mi, NumGC=154","level":"stat"}
{"@timestamp":"2025-02-16T06:54:13.406+08:00","caller":"load/sheddingstat.go:61","content":"(api) shedding_stat [1m], cpu: 17, total: 0, pass: 0, drop: 0","level":"stat"}
{"@timestamp":"2025-02-16T06:55:12.349+08:00","caller":"stat/usage.go:61","content":"CPU: 17m, MEMORY: Alloc=7.2Mi, TotalAlloc=760.6Mi, Sys=26.8Mi, NumGC=155","level":"stat"}
{"@timestamp":"2025-02-16T06:55:13.405+08:00","caller":"load/sheddingstat.go:61","content":"(api) shedding_stat [1m], cpu: 17, total: 0, pass: 0, drop: 0","level":"stat"}
{"@timestamp":"2025-02-16T06:56:12.349+08:00","caller":"stat/usage.go:61","content":"CPU: 36m, MEMORY: Alloc=11.4Mi, TotalAlloc=764.8Mi, Sys=26.8Mi, NumGC=155","level":"stat"}
{"@timestamp":"2025-02-16T06:56:13.406+08:00","caller":"load/sheddingstat.go:61","content":"(api) shedding_stat [1m], cpu: 33, total: 0, pass: 0, drop: 0","level":"stat"}
{"@timestamp":"2025-02-16T06:57:12.349+08:00","caller":"stat/usage.go:61","content":"CPU: 19m, MEMORY: Alloc=9.4Mi, TotalAlloc=769.0Mi, Sys=26.8Mi, NumGC=156","level":"stat"}
{"@timestamp":"2025-02-16T06:57:13.406+08:00","caller":"load/sheddingstat.go:61","content":"(api) shedding_stat [1m], cpu: 20, total: 0, pass: 0, drop: 0","level":"stat"}
{"@timestamp":"2025-02-16T06:58:12.349+08:00","caller":"stat/usage.go:61","content":"CPU: 22m, MEMORY: Alloc=7.2Mi, TotalAlloc=773.2Mi, Sys=26.8Mi, NumGC=157","level":"stat"}
{"@timestamp":"2025-02-16T06:58:13.406+08:00","caller":"load/sheddingstat.go:61","content":"(api) shedding_stat [1m], cpu: 22, total: 0, pass: 0, drop: 0","level":"stat"}
{"@timestamp":"2025-02-16T06:59:12.349+08:00","caller":"stat/usage.go:61","content":"CPU: 19m, MEMORY: Alloc=11.4Mi, TotalAlloc=777.4Mi, Sys=26.8Mi, NumGC=157","level":"stat"}
{"@timestamp":"2025-02-16T06:59:13.406+08:00","caller":"load/sheddingstat.go:61","content":"(api) shedding_stat [1m], cpu: 20, total: 0, pass: 0, drop: 0","level":"stat"}
{"@timestamp":"2025-02-16T07:00:12.349+08:00","caller":"stat/usage.go:61","content":"CPU: 17m, MEMORY: Alloc=9.1Mi, TotalAlloc=781.6Mi, Sys=26.8Mi, NumGC=158","level":"stat"}
{"@timestamp":"2025-02-16T07:00:13.406+08:00","caller":"load/sheddingstat.go:61","content":"(api) shedding_stat [1m], cpu: 18, total: 0, pass: 0, drop: 0","level":"stat"}
{"@timestamp":"2025-02-16T07:01:12.349+08:00","caller":"stat/usage.go:61","content":"CPU: 20m, MEMORY: Alloc=6.9Mi, TotalAlloc=785.8Mi, Sys=26.8Mi, NumGC=159","level":"stat"}
{"@timestamp":"2025-02-16T07:01:13.406+08:00","caller":"load/sheddingstat.go:61","content":"(api) shedding_stat [1m], cpu: 21, total: 0, pass: 0, drop: 0","level":"stat"}
{"@timestamp":"2025-02-16T07:02:12.349+08:00","caller":"stat/usage.go:61","content":"CPU: 19m, MEMORY: Alloc=11.1Mi, TotalAlloc=790.0Mi, Sys=26.8Mi, NumGC=159","level":"stat"}
{"@timestamp":"2025-02-16T07:02:13.407+08:00","caller":"load/sheddingstat.go:61","content":"(api) shedding_stat [1m], cpu: 19, total: 0, pass: 0, drop: 0","level":"stat"}
{"@timestamp":"2025-02-16T07:03:12.349+08:00","caller":"stat/usage.go:61","content":"CPU: 22m, MEMORY: Alloc=8.8Mi, TotalAlloc=794.2Mi, Sys=26.8Mi, NumGC=160","level":"stat"}
{"@timestamp":"2025-02-16T07:03:13.407+08:00","caller":"load/sheddingstat.go:61","content":"(api) shedding_stat [1m], cpu: 21, total: 0, pass: 0, drop: 0","level":"stat"}
{"@timestamp":"2025-02-16T07:04:12.349+08:00","caller":"stat/usage.go:61","content":"CPU: 39m, MEMORY: Alloc=13.0Mi, TotalAlloc=798.4Mi, Sys=26.8Mi, NumGC=160","level":"stat"}
{"@timestamp":"2025-02-16T07:04:13.405+08:00","caller":"load/sheddingstat.go:61","content":"(api) shedding_stat [1m], cpu: 35, total: 0, pass: 0, drop: 0","level":"stat"}
{"@timestamp":"2025-02-16T07:05:12.350+08:00","caller":"stat/usage.go:61","content":"CPU: 19m, MEMORY: Alloc=10.7Mi, TotalAlloc=802.6Mi, Sys=26.8Mi, NumGC=161","level":"stat"}
{"@timestamp":"2025-02-16T07:05:13.406+08:00","caller":"load/sheddingstat.go:61","content":"(api) shedding_stat [1m], cpu: 18, total: 0, pass: 0, drop: 0","level":"stat"}
{"@timestamp":"2025-02-16T07:06:12.349+08:00","caller":"stat/usage.go:61","content":"CPU: 25m, MEMORY: Alloc=8.3Mi, TotalAlloc=806.8Mi, Sys=26.8Mi, NumGC=162","level":"stat"}
{"@timestamp":"2025-02-16T07:06:13.406+08:00","caller":"load/sheddingstat.go:61","content":"(api) shedding_stat [1m], cpu: 23, total: 0, pass: 0, drop: 0","level":"stat"}
{"@timestamp":"2025-02-16T07:07:12.349+08:00","caller":"stat/usage.go:61","content":"CPU: 19m, MEMORY: Alloc=12.5Mi, TotalAlloc=811.0Mi, Sys=26.8Mi, NumGC=162","level":"stat"}
{"@timestamp":"2025-02-16T07:07:13.406+08:00","caller":"load/sheddingstat.go:61","content":"(api) shedding_stat [1m], cpu: 19, total: 0, pass: 0, drop: 0","level":"stat"}
{"@timestamp":"2025-02-16T07:08:12.351+08:00","caller":"stat/usage.go:61","content":"CPU: 13m, MEMORY: Alloc=10.1Mi, TotalAlloc=815.2Mi, Sys=26.8Mi, NumGC=163","level":"stat"}
{"@timestamp":"2025-02-16T07:08:13.406+08:00","caller":"load/sheddingstat.go:61","content":"(api) shedding_stat [1m], cpu: 15, total: 0, pass: 0, drop: 0","level":"stat"}
{"@timestamp":"2025-02-16T07:09:12.349+08:00","caller":"stat/usage.go:61","content":"CPU: 15m, MEMORY: Alloc=7.7Mi, TotalAlloc=819.4Mi, Sys=26.8Mi, NumGC=164","level":"stat"}
{"@timestamp":"2025-02-16T07:09:13.406+08:00","caller":"load/sheddingstat.go:61","content":"(api) shedding_stat [1m], cpu: 17, total: 0, pass: 0, drop: 0","level":"stat"}
{"@timestamp":"2025-02-16T07:10:12.349+08:00","caller":"stat/usage.go:61","content":"CPU: 17m, MEMORY: Alloc=11.9Mi, TotalAlloc=823.6Mi, Sys=26.8Mi, NumGC=164","level":"stat"}
{"@timestamp":"2025-02-16T07:10:13.406+08:00","caller":"load/sheddingstat.go:61","content":"(api) shedding_stat [1m], cpu: 19, total: 0, pass: 0, drop: 0","level":"stat"}
{"@timestamp":"2025-02-16T07:11:12.349+08:00","caller":"stat/usage.go:61","content":"CPU: 15m, MEMORY: Alloc=9.6Mi, TotalAlloc=827.8Mi, Sys=26.8Mi, NumGC=165","level":"stat"}
{"@timestamp":"2025-02-16T07:11:13.406+08:00","caller":"load/sheddingstat.go:61","content":"(api) shedding_stat [1m], cpu: 15, total: 0, pass: 0, drop: 0","level":"stat"}
{"@timestamp":"2025-02-16T07:12:12.349+08:00","caller":"stat/usage.go:61","content":"CPU: 14m, MEMORY: Alloc=7.2Mi, TotalAlloc=832.0Mi, Sys=26.8Mi, NumGC=166","level":"stat"}
{"@timestamp":"2025-02-16T07:12:13.407+08:00","caller":"load/sheddingstat.go:61","content":"(api) shedding_stat [1m], cpu: 14, total: 0, pass: 0, drop: 0","level":"stat"}
{"@timestamp":"2025-02-16T07:13:12.349+08:00","caller":"stat/usage.go:61","content":"CPU: 16m, MEMORY: Alloc=11.4Mi, TotalAlloc=836.2Mi, Sys=26.8Mi, NumGC=166","level":"stat"}
{"@timestamp":"2025-02-16T07:13:13.406+08:00","caller":"load/sheddingstat.go:61","content":"(api) shedding_stat [1m], cpu: 16, total: 0, pass: 0, drop: 0","level":"stat"}
{"@timestamp":"2025-02-16T07:14:12.349+08:00","caller":"stat/usage.go:61","content":"CPU: 14m, MEMORY: Alloc=9.1Mi, TotalAlloc=840.4Mi, Sys=26.8Mi, NumGC=167","level":"stat"}
{"@timestamp":"2025-02-16T07:14:13.406+08:00","caller":"load/sheddingstat.go:61","content":"(api) shedding_stat [1m], cpu: 14, total: 0, pass: 0, drop: 0","level":"stat"}
{"@timestamp":"2025-02-16T07:15:12.350+08:00","caller":"stat/usage.go:61","content":"CPU: 15m, MEMORY: Alloc=13.3Mi, TotalAlloc=844.6Mi, Sys=26.8Mi, NumGC=167","level":"stat"}
{"@timestamp":"2025-02-16T07:15:13.406+08:00","caller":"load/sheddingstat.go:61","content":"(api) shedding_stat [1m], cpu: 15, total: 0, pass: 0, drop: 0","level":"stat"}
{"@timestamp":"2025-02-16T07:16:12.350+08:00","caller":"stat/usage.go:61","content":"CPU: 15m, MEMORY: Alloc=10.8Mi, TotalAlloc=848.8Mi, Sys=26.8Mi, NumGC=168","level":"stat"}
{"@timestamp":"2025-02-16T07:16:13.406+08:00","caller":"load/sheddingstat.go:61","content":"(api) shedding_stat [1m], cpu: 15, total: 0, pass: 0, drop: 0","level":"stat"}
{"@timestamp":"2025-02-16T07:17:12.349+08:00","caller":"stat/usage.go:61","content":"CPU: 15m, MEMORY: Alloc=8.3Mi, TotalAlloc=853.0Mi, Sys=26.8Mi, NumGC=169","level":"stat"}
{"@timestamp":"2025-02-16T07:17:13.406+08:00","caller":"load/sheddingstat.go:61","content":"(api) shedding_stat [1m], cpu: 15, total: 0, pass: 0, drop: 0","level":"stat"}
{"@timestamp":"2025-02-16T07:18:12.349+08:00","caller":"stat/usage.go:61","content":"CPU: 16m, MEMORY: Alloc=12.5Mi, TotalAlloc=857.2Mi, Sys=26.8Mi, NumGC=169","level":"stat"}
{"@timestamp":"2025-02-16T07:18:13.406+08:00","caller":"load/sheddingstat.go:61","content":"(api) shedding_stat [1m], cpu: 16, total: 0, pass: 0, drop: 0","level":"stat"}
{"@timestamp":"2025-02-16T07:19:12.349+08:00","caller":"stat/usage.go:61","content":"CPU: 24m, MEMORY: Alloc=10.0Mi, TotalAlloc=861.4Mi, Sys=26.8Mi, NumGC=170","level":"stat"}
{"@timestamp":"2025-02-16T07:19:13.406+08:00","caller":"load/sheddingstat.go:61","content":"(api) shedding_stat [1m], cpu: 22, total: 0, pass: 0, drop: 0","level":"stat"}
{"@timestamp":"2025-02-16T07:20:12.350+08:00","caller":"stat/usage.go:61","content":"CPU: 15m, MEMORY: Alloc=7.5Mi, TotalAlloc=865.7Mi, Sys=26.8Mi, NumGC=171","level":"stat"}
{"@timestamp":"2025-02-16T07:20:13.407+08:00","caller":"load/sheddingstat.go:61","content":"(api) shedding_stat [1m], cpu: 15, total: 0, pass: 0, drop: 0","level":"stat"}
{"@timestamp":"2025-02-16T07:21:12.349+08:00","caller":"stat/usage.go:61","content":"CPU: 16m, MEMORY: Alloc=11.7Mi, TotalAlloc=869.9Mi, Sys=26.8Mi, NumGC=171","level":"stat"}
{"@timestamp":"2025-02-16T07:21:13.407+08:00","caller":"load/sheddingstat.go:61","content":"(api) shedding_stat [1m], cpu: 17, total: 0, pass: 0, drop: 0","level":"stat"}
{"@timestamp":"2025-02-16T07:22:12.349+08:00","caller":"stat/usage.go:61","content":"CPU: 15m, MEMORY: Alloc=9.0Mi, TotalAlloc=874.1Mi, Sys=26.8Mi, NumGC=172","level":"stat"}
{"@timestamp":"2025-02-16T07:22:13.407+08:00","caller":"load/sheddingstat.go:61","content":"(api) shedding_stat [1m], cpu: 15, total: 0, pass: 0, drop: 0","level":"stat"}
{"@timestamp":"2025-02-16T07:23:12.349+08:00","caller":"stat/usage.go:61","content":"CPU: 14m, MEMORY: Alloc=13.2Mi, TotalAlloc=878.3Mi, Sys=26.8Mi, NumGC=172","level":"stat"}
{"@timestamp":"2025-02-16T07:23:13.406+08:00","caller":"load/sheddingstat.go:61","content":"(api) shedding_stat [1m], cpu: 15, total: 0, pass: 0, drop: 0","level":"stat"}
{"@timestamp":"2025-02-16T07:24:12.349+08:00","caller":"stat/usage.go:61","content":"CPU: 16m, MEMORY: Alloc=10.7Mi, TotalAlloc=882.5Mi, Sys=26.8Mi, NumGC=173","level":"stat"}
{"@timestamp":"2025-02-16T07:24:13.406+08:00","caller":"load/sheddingstat.go:61","content":"(api) shedding_stat [1m], cpu: 16, total: 0, pass: 0, drop: 0","level":"stat"}
{"@timestamp":"2025-02-16T07:25:12.349+08:00","caller":"stat/usage.go:61","content":"CPU: 15m, MEMORY: Alloc=8.0Mi, TotalAlloc=886.7Mi, Sys=26.8Mi, NumGC=174","level":"stat"}
{"@timestamp":"2025-02-16T07:25:13.406+08:00","caller":"load/sheddingstat.go:61","content":"(api) shedding_stat [1m], cpu: 15, total: 0, pass: 0, drop: 0","level":"stat"}
{"@timestamp":"2025-02-16T07:26:12.349+08:00","caller":"stat/usage.go:61","content":"CPU: 15m, MEMORY: Alloc=12.3Mi, TotalAlloc=890.9Mi, Sys=26.8Mi, NumGC=174","level":"stat"}
{"@timestamp":"2025-02-16T07:26:13.406+08:00","caller":"load/sheddingstat.go:61","content":"(api) shedding_stat [1m], cpu: 15, total: 0, pass: 0, drop: 0","level":"stat"}
{"@timestamp":"2025-02-16T07:27:12.349+08:00","caller":"stat/usage.go:61","content":"CPU: 16m, MEMORY: Alloc=9.6Mi, TotalAlloc=895.1Mi, Sys=26.8Mi, NumGC=175","level":"stat"}
{"@timestamp":"2025-02-16T07:27:13.406+08:00","caller":"load/sheddingstat.go:61","content":"(api) shedding_stat [1m], cpu: 16, total: 0, pass: 0, drop: 0","level":"stat"}
{"@timestamp":"2025-02-16T07:28:12.349+08:00","caller":"stat/usage.go:61","content":"CPU: 16m, MEMORY: Alloc=13.8Mi, TotalAlloc=899.3Mi, Sys=26.8Mi, NumGC=175","level":"stat"}
{"@timestamp":"2025-02-16T07:28:13.406+08:00","caller":"load/sheddingstat.go:61","content":"(api) shedding_stat [1m], cpu: 16, total: 0, pass: 0, drop: 0","level":"stat"}
{"@timestamp":"2025-02-16T07:29:12.349+08:00","caller":"stat/usage.go:61","content":"CPU: 16m, MEMORY: Alloc=11.1Mi, TotalAlloc=903.5Mi, Sys=26.8Mi, NumGC=176","level":"stat"}
{"@timestamp":"2025-02-16T07:29:13.406+08:00","caller":"load/sheddingstat.go:61","content":"(api) shedding_stat [1m], cpu: 16, total: 0, pass: 0, drop: 0","level":"stat"}
{"@timestamp":"2025-02-16T07:30:12.349+08:00","caller":"stat/usage.go:61","content":"CPU: 16m, MEMORY: Alloc=8.3Mi, TotalAlloc=907.7Mi, Sys=26.8Mi, NumGC=177","level":"stat"}
{"@timestamp":"2025-02-16T07:30:13.407+08:00","caller":"load/sheddingstat.go:61","content":"(api) shedding_stat [1m], cpu: 16, total: 0, pass: 0, drop: 0","level":"stat"}
{"@timestamp":"2025-02-16T07:31:12.349+08:00","caller":"stat/usage.go:61","content":"CPU: 16m, MEMORY: Alloc=12.5Mi, TotalAlloc=911.9Mi, Sys=26.8Mi, NumGC=177","level":"stat"}
{"@timestamp":"2025-02-16T07:31:13.406+08:00","caller":"load/sheddingstat.go:61","content":"(api) shedding_stat [1m], cpu: 16, total: 0, pass: 0, drop: 0","level":"stat"}
{"@timestamp":"2025-02-16T07:32:12.349+08:00","caller":"stat/usage.go:61","content":"CPU: 21m, MEMORY: Alloc=9.8Mi, TotalAlloc=916.1Mi, Sys=26.8Mi, NumGC=178","level":"stat"}
{"@timestamp":"2025-02-16T07:32:13.406+08:00","caller":"load/sheddingstat.go:61","content":"(api) shedding_stat [1m], cpu: 20, total: 0, pass: 0, drop: 0","level":"stat"}
{"@timestamp":"2025-02-16T07:33:12.350+08:00","caller":"stat/usage.go:61","content":"CPU: 16m, MEMORY: Alloc=7.2Mi, TotalAlloc=920.3Mi, Sys=26.8Mi, NumGC=179","level":"stat"}
{"@timestamp":"2025-02-16T07:33:13.406+08:00","caller":"load/sheddingstat.go:61","content":"(api) shedding_stat [1m], cpu: 16, total: 0, pass: 0, drop: 0","level":"stat"}
{"@timestamp":"2025-02-16T07:34:12.349+08:00","caller":"stat/usage.go:61","content":"CPU: 16m, MEMORY: Alloc=11.4Mi, TotalAlloc=924.5Mi, Sys=26.8Mi, NumGC=179","level":"stat"}
{"@timestamp":"2025-02-16T07:34:13.406+08:00","caller":"load/sheddingstat.go:61","content":"(api) shedding_stat [1m], cpu: 16, total: 0, pass: 0, drop: 0","level":"stat"}
{"@timestamp":"2025-02-16T07:35:12.350+08:00","caller":"stat/usage.go:61","content":"CPU: 15m, MEMORY: Alloc=8.6Mi, TotalAlloc=928.7Mi, Sys=26.8Mi, NumGC=180","level":"stat"}
{"@timestamp":"2025-02-16T07:35:13.407+08:00","caller":"load/sheddingstat.go:61","content":"(api) shedding_stat [1m], cpu: 15, total: 0, pass: 0, drop: 0","level":"stat"}
{"@timestamp":"2025-02-16T07:36:12.349+08:00","caller":"stat/usage.go:61","content":"CPU: 18m, MEMORY: Alloc=12.8Mi, TotalAlloc=932.9Mi, Sys=26.8Mi, NumGC=180","level":"stat"}
{"@timestamp":"2025-02-16T07:36:13.406+08:00","caller":"load/sheddingstat.go:61","content":"(api) shedding_stat [1m], cpu: 18, total: 0, pass: 0, drop: 0","level":"stat"}
{"@timestamp":"2025-02-16T07:37:12.350+08:00","caller":"stat/usage.go:61","content":"CPU: 17m, MEMORY: Alloc=10.2Mi, TotalAlloc=937.1Mi, Sys=26.8Mi, NumGC=181","level":"stat"}
{"@timestamp":"2025-02-16T07:37:13.406+08:00","caller":"load/sheddingstat.go:61","content":"(api) shedding_stat [1m], cpu: 17, total: 0, pass: 0, drop: 0","level":"stat"}
{"@timestamp":"2025-02-16T07:38:12.349+08:00","caller":"stat/usage.go:61","content":"CPU: 16m, MEMORY: Alloc=7.4Mi, TotalAlloc=941.3Mi, Sys=26.8Mi, NumGC=182","level":"stat"}
{"@timestamp":"2025-02-16T07:38:13.406+08:00","caller":"load/sheddingstat.go:61","content":"(api) shedding_stat [1m], cpu: 17, total: 0, pass: 0, drop: 0","level":"stat"}
{"@timestamp":"2025-02-16T07:39:12.349+08:00","caller":"stat/usage.go:61","content":"CPU: 18m, MEMORY: Alloc=11.6Mi, TotalAlloc=945.5Mi, Sys=26.8Mi, NumGC=182","level":"stat"}
{"@timestamp":"2025-02-16T07:39:13.406+08:00","caller":"load/sheddingstat.go:61","content":"(api) shedding_stat [1m], cpu: 19, total: 0, pass: 0, drop: 0","level":"stat"}
{"@timestamp":"2025-02-16T07:40:12.349+08:00","caller":"stat/usage.go:61","content":"CPU: 21m, MEMORY: Alloc=8.7Mi, TotalAlloc=949.7Mi, Sys=26.8Mi, NumGC=183","level":"stat"}
{"@timestamp":"2025-02-16T07:40:13.406+08:00","caller":"load/sheddingstat.go:61","content":"(api) shedding_stat [1m], cpu: 20, total: 0, pass: 0, drop: 0","level":"stat"}
{"@timestamp":"2025-02-16T07:41:12.349+08:00","caller":"stat/usage.go:61","content":"CPU: 17m, MEMORY: Alloc=12.9Mi, TotalAlloc=953.9Mi, Sys=26.8Mi, NumGC=183","level":"stat"}
{"@timestamp":"2025-02-16T07:41:13.406+08:00","caller":"load/sheddingstat.go:61","content":"(api) shedding_stat [1m], cpu: 18, total: 0, pass: 0, drop: 0","level":"stat"}
{"@timestamp":"2025-02-16T07:42:12.349+08:00","caller":"stat/usage.go:61","content":"CPU: 17m, MEMORY: Alloc=10.2Mi, TotalAlloc=958.1Mi, Sys=26.8Mi, NumGC=184","level":"stat"}
{"@timestamp":"2025-02-16T07:42:13.406+08:00","caller":"load/sheddingstat.go:61","content":"(api) shedding_stat [1m], cpu: 17, total: 0, pass: 0, drop: 0","level":"stat"}
{"@timestamp":"2025-02-16T07:43:12.350+08:00","caller":"stat/usage.go:61","content":"CPU: 18m, MEMORY: Alloc=14.4Mi, TotalAlloc=962.3Mi, Sys=26.8Mi, NumGC=184","level":"stat"}
{"@timestamp":"2025-02-16T07:43:13.406+08:00","caller":"load/sheddingstat.go:61","content":"(api) shedding_stat [1m], cpu: 18, total: 0, pass: 0, drop: 0","level":"stat"}
{"@timestamp":"2025-02-16T07:44:12.349+08:00","caller":"stat/usage.go:61","content":"CPU: 16m, MEMORY: Alloc=11.4Mi, TotalAlloc=966.5Mi, Sys=26.8Mi, NumGC=185","level":"stat"}
{"@timestamp":"2025-02-16T07:44:13.406+08:00","caller":"load/sheddingstat.go:61","content":"(api) shedding_stat [1m], cpu: 18, total: 0, pass: 0, drop: 0","level":"stat"}
{"@timestamp":"2025-02-16T07:45:12.349+08:00","caller":"stat/usage.go:61","content":"CPU: 23m, MEMORY: Alloc=8.6Mi, TotalAlloc=970.7Mi, Sys=26.8Mi, NumGC=186","level":"stat"}
{"@timestamp":"2025-02-16T07:45:13.406+08:00","caller":"load/sheddingstat.go:61","content":"(api) shedding_stat [1m], cpu: 24, total: 0, pass: 0, drop: 0","level":"stat"}
{"@timestamp":"2025-02-16T07:46:12.350+08:00","caller":"stat/usage.go:61","content":"CPU: 17m, MEMORY: Alloc=12.8Mi, TotalAlloc=974.9Mi, Sys=26.8Mi, NumGC=186","level":"stat"}
{"@timestamp":"2025-02-16T07:46:13.406+08:00","caller":"load/sheddingstat.go:61","content":"(api) shedding_stat [1m], cpu: 19, total: 0, pass: 0, drop: 0","level":"stat"}
{"@timestamp":"2025-02-16T07:47:12.349+08:00","caller":"stat/usage.go:61","content":"CPU: 16m, MEMORY: Alloc=9.9Mi, TotalAlloc=979.1Mi, Sys=26.8Mi, NumGC=187","level":"stat"}
{"@timestamp":"2025-02-16T07:47:13.407+08:00","caller":"load/sheddingstat.go:61","content":"(api) shedding_stat [1m], cpu: 18, total: 0, pass: 0, drop: 0","level":"stat"}
{"@timestamp":"2025-02-16T07:48:12.350+08:00","caller":"stat/usage.go:61","content":"CPU: 15m, MEMORY: Alloc=14.1Mi, TotalAlloc=983.3Mi, Sys=26.8Mi, NumGC=187","level":"stat"}
{"@timestamp":"2025-02-16T07:48:13.406+08:00","caller":"load/sheddingstat.go:61","content":"(api) shedding_stat [1m], cpu: 15, total: 0, pass: 0, drop: 0","level":"stat"}
{"@timestamp":"2025-02-16T07:49:12.349+08:00","caller":"stat/usage.go:61","content":"CPU: 15m, MEMORY: Alloc=11.1Mi, TotalAlloc=987.5Mi, Sys=26.8Mi, NumGC=188","level":"stat"}
{"@timestamp":"2025-02-16T07:49:13.406+08:00","caller":"load/sheddingstat.go:61","content":"(api) shedding_stat [1m], cpu: 15, total: 0, pass: 0, drop: 0","level":"stat"}
{"@timestamp":"2025-02-16T07:50:12.350+08:00","caller":"stat/usage.go:61","content":"CPU: 15m, MEMORY: Alloc=8.1Mi, TotalAlloc=991.7Mi, Sys=26.8Mi, NumGC=189","level":"stat"}
{"@timestamp":"2025-02-16T07:50:13.406+08:00","caller":"load/sheddingstat.go:61","content":"(api) shedding_stat [1m], cpu: 15, total: 0, pass: 0, drop: 0","level":"stat"}
{"@timestamp":"2025-02-16T07:51:12.349+08:00","caller":"stat/usage.go:61","content":"CPU: 16m, MEMORY: Alloc=12.3Mi, TotalAlloc=995.9Mi, Sys=26.8Mi, NumGC=189","level":"stat"}
{"@timestamp":"2025-02-16T07:51:13.406+08:00","caller":"load/sheddingstat.go:61","content":"(api) shedding_stat [1m], cpu: 17, total: 0, pass: 0, drop: 0","level":"stat"}
{"@timestamp":"2025-02-16T07:52:12.349+08:00","caller":"stat/usage.go:61","content":"CPU: 14m, MEMORY: Alloc=9.3Mi, TotalAlloc=1000.1Mi, Sys=26.8Mi, NumGC=190","level":"stat"}
{"@timestamp":"2025-02-16T07:52:13.406+08:00","caller":"load/sheddingstat.go:61","content":"(api) shedding_stat [1m], cpu: 15, total: 0, pass: 0, drop: 0","level":"stat"}
{"@timestamp":"2025-02-16T07:53:12.349+08:00","caller":"stat/usage.go:61","content":"CPU: 16m, MEMORY: Alloc=13.5Mi, TotalAlloc=1004.3Mi, Sys=26.8Mi, NumGC=190","level":"stat"}
{"@timestamp":"2025-02-16T07:53:13.406+08:00","caller":"load/sheddingstat.go:61","content":"(api) shedding_stat [1m], cpu: 16, total: 0, pass: 0, drop: 0","level":"stat"}
{"@timestamp":"2025-02-16T07:54:12.349+08:00","caller":"stat/usage.go:61","content":"CPU: 16m, MEMORY: Alloc=10.5Mi, TotalAlloc=1008.5Mi, Sys=26.8Mi, NumGC=191","level":"stat"}
{"@timestamp":"2025-02-16T07:54:13.406+08:00","caller":"load/sheddingstat.go:61","content":"(api) shedding_stat [1m], cpu: 16, total: 0, pass: 0, drop: 0","level":"stat"}
{"@timestamp":"2025-02-16T07:55:12.349+08:00","caller":"stat/usage.go:61","content":"CPU: 17m, MEMORY: Alloc=14.7Mi, TotalAlloc=1012.7Mi, Sys=26.8Mi, NumGC=191","level":"stat"}
{"@timestamp":"2025-02-16T07:55:13.406+08:00","caller":"load/sheddingstat.go:61","content":"(api) shedding_stat [1m], cpu: 17, total: 0, pass: 0, drop: 0","level":"stat"}
{"@timestamp":"2025-02-16T07:56:12.349+08:00","caller":"stat/usage.go:61","content":"CPU: 16m, MEMORY: Alloc=11.6Mi, TotalAlloc=1016.9Mi, Sys=26.8Mi, NumGC=192","level":"stat"}
{"@timestamp":"2025-02-16T07:56:13.406+08:00","caller":"load/sheddingstat.go:61","content":"(api) shedding_stat [1m], cpu: 16, total: 0, pass: 0, drop: 0","level":"stat"}
{"@timestamp":"2025-02-16T07:57:12.349+08:00","caller":"stat/usage.go:61","content":"CPU: 15m, MEMORY: Alloc=8.6Mi, TotalAlloc=1021.1Mi, Sys=26.8Mi, NumGC=193","level":"stat"}
{"@timestamp":"2025-02-16T07:57:13.407+08:00","caller":"load/sheddingstat.go:61","content":"(api) shedding_stat [1m], cpu: 15, total: 0, pass: 0, drop: 0","level":"stat"}
{"@timestamp":"2025-02-16T07:58:12.349+08:00","caller":"stat/usage.go:61","content":"CPU: 20m, MEMORY: Alloc=12.8Mi, TotalAlloc=1025.3Mi, Sys=26.8Mi, NumGC=193","level":"stat"}
{"@timestamp":"2025-02-16T07:58:13.406+08:00","caller":"load/sheddingstat.go:61","content":"(api) shedding_stat [1m], cpu: 20, total: 0, pass: 0, drop: 0","level":"stat"}
{"@timestamp":"2025-02-16T07:59:12.349+08:00","caller":"stat/usage.go:61","content":"CPU: 16m, MEMORY: Alloc=9.7Mi, TotalAlloc=1029.5Mi, Sys=26.8Mi, NumGC=194","level":"stat"}
{"@timestamp":"2025-02-16T07:59:13.406+08:00","caller":"load/sheddingstat.go:61","content":"(api) shedding_stat [1m], cpu: 17, total: 0, pass: 0, drop: 0","level":"stat"}
{"@timestamp":"2025-02-16T08:00:12.349+08:00","caller":"stat/usage.go:61","content":"CPU: 16m, MEMORY: Alloc=13.9Mi, TotalAlloc=1033.7Mi, Sys=26.8Mi, NumGC=194","level":"stat"}
{"@timestamp":"2025-02-16T08:00:13.407+08:00","caller":"load/sheddingstat.go:61","content":"(api) shedding_stat [1m], cpu: 17, total: 0, pass: 0, drop: 0","level":"stat"}
{"@timestamp":"2025-02-16T08:01:12.349+08:00","caller":"stat/usage.go:61","content":"CPU: 16m, MEMORY: Alloc=10.7Mi, TotalAlloc=1037.9Mi, Sys=26.8Mi, NumGC=195","level":"stat"}
{"@timestamp":"2025-02-16T08:01:13.407+08:00","caller":"load/sheddingstat.go:61","content":"(api) shedding_stat [1m], cpu: 16, total: 0, pass: 0, drop: 0","level":"stat"}
{"@timestamp":"2025-02-16T08:02:12.349+08:00","caller":"stat/usage.go:61","content":"CPU: 15m, MEMORY: Alloc=7.6Mi, TotalAlloc=1042.1Mi, Sys=26.8Mi, NumGC=196","level":"stat"}
{"@timestamp":"2025-02-16T08:02:13.406+08:00","caller":"load/sheddingstat.go:61","content":"(api) shedding_stat [1m], cpu: 15, total: 0, pass: 0, drop: 0","level":"stat"}
{"@timestamp":"2025-02-16T08:03:12.349+08:00","caller":"stat/usage.go:61","content":"CPU: 16m, MEMORY: Alloc=11.8Mi, TotalAlloc=1046.3Mi, Sys=26.8Mi, NumGC=196","level":"stat"}
{"@timestamp":"2025-02-16T08:03:13.406+08:00","caller":"load/sheddingstat.go:61","content":"(api) shedding_stat [1m], cpu: 17, total: 0, pass: 0, drop: 0","level":"stat"}
{"@timestamp":"2025-02-16T08:04:12.349+08:00","caller":"stat/usage.go:61","content":"CPU: 16m, MEMORY: Alloc=8.7Mi, TotalAlloc=1050.5Mi, Sys=26.8Mi, NumGC=197","level":"stat"}
{"@timestamp":"2025-02-16T08:04:13.406+08:00","caller":"load/sheddingstat.go:61","content":"(api) shedding_stat [1m], cpu: 16, total: 0, pass: 0, drop: 0","level":"stat"}
{"@timestamp":"2025-02-16T08:05:12.349+08:00","caller":"stat/usage.go:61","content":"CPU: 16m, MEMORY: Alloc=12.9Mi, TotalAlloc=1054.7Mi, Sys=26.8Mi, NumGC=197","level":"stat"}
{"@timestamp":"2025-02-16T08:05:13.407+08:00","caller":"load/sheddingstat.go:61","content":"(api) shedding_stat [1m], cpu: 16, total: 0, pass: 0, drop: 0","level":"stat"}
{"@timestamp":"2025-02-16T08:06:12.349+08:00","caller":"stat/usage.go:61","content":"CPU: 15m, MEMORY: Alloc=9.8Mi, TotalAlloc=1058.9Mi, Sys=26.8Mi, NumGC=198","level":"stat"}
{"@timestamp":"2025-02-16T08:06:13.406+08:00","caller":"load/sheddingstat.go:61","content":"(api) shedding_stat [1m], cpu: 15, total: 0, pass: 0, drop: 0","level":"stat"}
{"@timestamp":"2025-02-16T08:07:12.349+08:00","caller":"stat/usage.go:61","content":"CPU: 19m, MEMORY: Alloc=14.0Mi, TotalAlloc=1063.2Mi, Sys=26.8Mi, NumGC=198","level":"stat"}
{"@timestamp":"2025-02-16T08:07:13.406+08:00","caller":"load/sheddingstat.go:61","content":"(api) shedding_stat [1m], cpu: 19, total: 0, pass: 0, drop: 0","level":"stat"}
{"@timestamp":"2025-02-16T08:08:12.349+08:00","caller":"stat/usage.go:61","content":"CPU: 17m, MEMORY: Alloc=10.8Mi, TotalAlloc=1067.4Mi, Sys=26.8Mi, NumGC=199","level":"stat"}
{"@timestamp":"2025-02-16T08:08:13.406+08:00","caller":"load/sheddingstat.go:61","content":"(api) shedding_stat [1m], cpu: 17, total: 0, pass: 0, drop: 0","level":"stat"}
{"@timestamp":"2025-02-16T08:09:12.350+08:00","caller":"stat/usage.go:61","content":"CPU: 17m, MEMORY: Alloc=15.0Mi, TotalAlloc=1071.6Mi, Sys=26.8Mi, NumGC=199","level":"stat"}
{"@timestamp":"2025-02-16T08:09:13.406+08:00","caller":"load/sheddingstat.go:61","content":"(api) shedding_stat [1m], cpu: 17, total: 0, pass: 0, drop: 0","level":"stat"}
{"@timestamp":"2025-02-16T08:10:12.349+08:00","caller":"stat/usage.go:61","content":"CPU: 15m, MEMORY: Alloc=11.6Mi, TotalAlloc=1075.8Mi, Sys=26.8Mi, NumGC=200","level":"stat"}
{"@timestamp":"2025-02-16T08:10:13.406+08:00","caller":"load/sheddingstat.go:61","content":"(api) shedding_stat [1m], cpu: 16, total: 0, pass: 0, drop: 0","level":"stat"}
{"@timestamp":"2025-02-16T08:11:12.349+08:00","caller":"stat/usage.go:61","content":"CPU: 23m, MEMORY: Alloc=8.3Mi, TotalAlloc=1080.0Mi, Sys=26.8Mi, NumGC=201","level":"stat"}
{"@timestamp":"2025-02-16T08:11:13.407+08:00","caller":"load/sheddingstat.go:61","content":"(api) shedding_stat [1m], cpu: 22, total: 0, pass: 0, drop: 0","level":"stat"}
{"@timestamp":"2025-02-16T08:12:12.349+08:00","caller":"stat/usage.go:61","content":"CPU: 17m, MEMORY: Alloc=12.5Mi, TotalAlloc=1084.2Mi, Sys=26.8Mi, NumGC=201","level":"stat"}
{"@timestamp":"2025-02-16T08:12:13.406+08:00","caller":"load/sheddingstat.go:61","content":"(api) shedding_stat [1m], cpu: 17, total: 0, pass: 0, drop: 0","level":"stat"}
{"@timestamp":"2025-02-16T08:13:12.349+08:00","caller":"stat/usage.go:61","content":"CPU: 17m, MEMORY: Alloc=9.2Mi, TotalAlloc=1088.4Mi, Sys=26.8Mi, NumGC=202","level":"stat"}
{"@timestamp":"2025-02-16T08:13:13.406+08:00","caller":"load/sheddingstat.go:61","content":"(api) shedding_stat [1m], cpu: 18, total: 0, pass: 0, drop: 0","level":"stat"}
{"@timestamp":"2025-02-16T08:14:12.349+08:00","caller":"stat/usage.go:61","content":"CPU: 18m, MEMORY: Alloc=13.4Mi, TotalAlloc=1092.6Mi, Sys=26.8Mi, NumGC=202","level":"stat"}
{"@timestamp":"2025-02-16T08:14:13.406+08:00","caller":"load/sheddingstat.go:61","content":"(api) shedding_stat [1m], cpu: 18, total: 0, pass: 0, drop: 0","level":"stat"}
{"@timestamp":"2025-02-16T08:15:12.349+08:00","caller":"stat/usage.go:61","content":"CPU: 17m, MEMORY: Alloc=10.1Mi, TotalAlloc=1096.8Mi, Sys=26.8Mi, NumGC=203","level":"stat"}
{"@timestamp":"2025-02-16T08:15:13.406+08:00","caller":"load/sheddingstat.go:61","content":"(api) shedding_stat [1m], cpu: 17, total: 0, pass: 0, drop: 0","level":"stat"}
{"@timestamp":"2025-02-16T08:16:12.349+08:00","caller":"stat/usage.go:61","content":"CPU: 17m, MEMORY: Alloc=14.3Mi, TotalAlloc=1101.0Mi, Sys=26.8Mi, NumGC=203","level":"stat"}
{"@timestamp":"2025-02-16T08:16:13.407+08:00","caller":"load/sheddingstat.go:61","content":"(api) shedding_stat [1m], cpu: 17, total: 0, pass: 0, drop: 0","level":"stat"}
{"@timestamp":"2025-02-16T08:17:12.350+08:00","caller":"stat/usage.go:61","content":"CPU: 18m, MEMORY: Alloc=11.0Mi, TotalAlloc=1105.2Mi, Sys=26.8Mi, NumGC=204","level":"stat"}
{"@timestamp":"2025-02-16T08:17:13.406+08:00","caller":"load/sheddingstat.go:61","content":"(api) shedding_stat [1m], cpu: 18, total: 0, pass: 0, drop: 0","level":"stat"}
{"@timestamp":"2025-02-16T08:18:12.349+08:00","caller":"stat/usage.go:61","content":"CPU: 19m, MEMORY: Alloc=15.2Mi, TotalAlloc=1109.4Mi, Sys=26.8Mi, NumGC=204","level":"stat"}
{"@timestamp":"2025-02-16T08:18:13.406+08:00","caller":"load/sheddingstat.go:61","content":"(api) shedding_stat [1m], cpu: 20, total: 0, pass: 0, drop: 0","level":"stat"}
{"@timestamp":"2025-02-16T08:19:12.349+08:00","caller":"stat/usage.go:61","content":"CPU: 18m, MEMORY: Alloc=11.9Mi, TotalAlloc=1113.6Mi, Sys=26.8Mi, NumGC=205","level":"stat"}
{"@timestamp":"2025-02-16T08:19:13.406+08:00","caller":"load/sheddingstat.go:61","content":"(api) shedding_stat [1m], cpu: 18, total: 0, pass: 0, drop: 0","level":"stat"}
{"@timestamp":"2025-02-16T08:20:12.349+08:00","caller":"stat/usage.go:61","content":"CPU: 17m, MEMORY: Alloc=8.5Mi, TotalAlloc=1117.8Mi, Sys=26.8Mi, NumGC=206","level":"stat"}
{"@timestamp":"2025-02-16T08:20:13.406+08:00","caller":"load/sheddingstat.go:61","content":"(api) shedding_stat [1m], cpu: 19, total: 0, pass: 0, drop: 0","level":"stat"}
{"@timestamp":"2025-02-16T08:21:12.349+08:00","caller":"stat/usage.go:61","content":"CPU: 16m, MEMORY: Alloc=12.7Mi, TotalAlloc=1122.0Mi, Sys=26.8Mi, NumGC=206","level":"stat"}
{"@timestamp":"2025-02-16T08:21:13.406+08:00","caller":"load/sheddingstat.go:61","content":"(api) shedding_stat [1m], cpu: 19, total: 0, pass: 0, drop: 0","level":"stat"}
{"@timestamp":"2025-02-16T08:22:12.349+08:00","caller":"stat/usage.go:61","content":"CPU: 15m, MEMORY: Alloc=9.3Mi, TotalAlloc=1126.2Mi, Sys=26.8Mi, NumGC=207","level":"stat"}
{"@timestamp":"2025-02-16T08:22:13.406+08:00","caller":"load/sheddingstat.go:61","content":"(api) shedding_stat [1m], cpu: 17, total: 0, pass: 0, drop: 0","level":"stat"}
{"@timestamp":"2025-02-16T08:23:12.349+08:00","caller":"stat/usage.go:61","content":"CPU: 15m, MEMORY: Alloc=13.5Mi, TotalAlloc=1130.4Mi, Sys=26.8Mi, NumGC=207","level":"stat"}
{"@timestamp":"2025-02-16T08:23:13.406+08:00","caller":"load/sheddingstat.go:61","content":"(api) shedding_stat [1m], cpu: 15, total: 0, pass: 0, drop: 0","level":"stat"}
{"@timestamp":"2025-02-16T08:24:12.349+08:00","caller":"stat/usage.go:61","content":"CPU: 16m, MEMORY: Alloc=10.0Mi, TotalAlloc=1134.6Mi, Sys=26.8Mi, NumGC=208","level":"stat"}
{"@timestamp":"2025-02-16T08:24:13.406+08:00","caller":"load/sheddingstat.go:61","content":"(api) shedding_stat [1m], cpu: 17, total: 0, pass: 0, drop: 0","level":"stat"}
{"@timestamp":"2025-02-16T08:25:12.349+08:00","caller":"stat/usage.go:61","content":"CPU: 15m, MEMORY: Alloc=14.2Mi, TotalAlloc=1138.8Mi, Sys=26.8Mi, NumGC=208","level":"stat"}
{"@timestamp":"2025-02-16T08:25:13.406+08:00","caller":"load/sheddingstat.go:61","content":"(api) shedding_stat [1m], cpu: 16, total: 0, pass: 0, drop: 0","level":"stat"}
{"@timestamp":"2025-02-16T08:26:12.350+08:00","caller":"stat/usage.go:61","content":"CPU: 21m, MEMORY: Alloc=10.8Mi, TotalAlloc=1143.0Mi, Sys=26.8Mi, NumGC=209","level":"stat"}
{"@timestamp":"2025-02-16T08:26:13.406+08:00","caller":"load/sheddingstat.go:61","content":"(api) shedding_stat [1m], cpu: 21, total: 0, pass: 0, drop: 0","level":"stat"}
{"@timestamp":"2025-02-16T08:27:12.349+08:00","caller":"stat/usage.go:61","content":"CPU: 16m, MEMORY: Alloc=15.0Mi, TotalAlloc=1147.2Mi, Sys=26.8Mi, NumGC=209","level":"stat"}
{"@timestamp":"2025-02-16T08:27:13.406+08:00","caller":"load/sheddingstat.go:61","content":"(api) shedding_stat [1m], cpu: 16, total: 0, pass: 0, drop: 0","level":"stat"}
{"@timestamp":"2025-02-16T08:28:12.350+08:00","caller":"stat/usage.go:61","content":"CPU: 17m, MEMORY: Alloc=11.3Mi, TotalAlloc=1151.4Mi, Sys=26.8Mi, NumGC=210","level":"stat"}
{"@timestamp":"2025-02-16T08:28:13.407+08:00","caller":"load/sheddingstat.go:61","content":"(api) shedding_stat [1m], cpu: 17, total: 0, pass: 0, drop: 0","level":"stat"}
{"@timestamp":"2025-02-16T08:29:12.349+08:00","caller":"stat/usage.go:61","content":"CPU: 15m, MEMORY: Alloc=15.5Mi, TotalAlloc=1155.6Mi, Sys=26.8Mi, NumGC=210","level":"stat"}
{"@timestamp":"2025-02-16T08:29:13.406+08:00","caller":"load/sheddingstat.go:61","content":"(api) shedding_stat [1m], cpu: 15, total: 0, pass: 0, drop: 0","level":"stat"}
{"@timestamp":"2025-02-16T08:30:12.350+08:00","caller":"stat/usage.go:61","content":"CPU: 15m, MEMORY: Alloc=11.9Mi, TotalAlloc=1159.8Mi, Sys=26.8Mi, NumGC=211","level":"stat"}
{"@timestamp":"2025-02-16T08:30:13.406+08:00","caller":"load/sheddingstat.go:61","content":"(api) shedding_stat [1m], cpu: 15, total: 0, pass: 0, drop: 0","level":"stat"}
{"@timestamp":"2025-02-16T08:31:12.349+08:00","caller":"stat/usage.go:61","content":"CPU: 16m, MEMORY: Alloc=8.3Mi, TotalAlloc=1164.0Mi, Sys=26.8Mi, NumGC=212","level":"stat"}
{"@timestamp":"2025-02-16T08:31:13.406+08:00","caller":"load/sheddingstat.go:61","content":"(api) shedding_stat [1m], cpu: 16, total: 0, pass: 0, drop: 0","level":"stat"}
{"@timestamp":"2025-02-16T08:32:12.349+08:00","caller":"stat/usage.go:61","content":"CPU: 16m, MEMORY: Alloc=12.5Mi, TotalAlloc=1168.2Mi, Sys=26.8Mi, NumGC=212","level":"stat"}
{"@timestamp":"2025-02-16T08:32:13.405+08:00","caller":"load/sheddingstat.go:61","content":"(api) shedding_stat [1m], cpu: 16, total: 0, pass: 0, drop: 0","level":"stat"}
{"@timestamp":"2025-02-16T08:33:12.350+08:00","caller":"stat/usage.go:61","content":"CPU: 15m, MEMORY: Alloc=9.0Mi, TotalAlloc=1172.4Mi, Sys=26.8Mi, NumGC=213","level":"stat"}
{"@timestamp":"2025-02-16T08:33:13.406+08:00","caller":"load/sheddingstat.go:61","content":"(api) shedding_stat [1m], cpu: 16, total: 0, pass: 0, drop: 0","level":"stat"}
{"@timestamp":"2025-02-16T08:34:12.349+08:00","caller":"stat/usage.go:61","content":"CPU: 16m, MEMORY: Alloc=13.2Mi, TotalAlloc=1176.6Mi, Sys=26.8Mi, NumGC=213","level":"stat"}
{"@timestamp":"2025-02-16T08:34:13.406+08:00","caller":"load/sheddingstat.go:61","content":"(api) shedding_stat [1m], cpu: 16, total: 0, pass: 0, drop: 0","level":"stat"}
{"@timestamp":"2025-02-16T08:35:12.350+08:00","caller":"stat/usage.go:61","content":"CPU: 18m, MEMORY: Alloc=9.6Mi, TotalAlloc=1180.8Mi, Sys=26.8Mi, NumGC=214","level":"stat"}
{"@timestamp":"2025-02-16T08:35:13.406+08:00","caller":"load/sheddingstat.go:61","content":"(api) shedding_stat [1m], cpu: 18, total: 0, pass: 0, drop: 0","level":"stat"}
{"@timestamp":"2025-02-16T08:36:12.349+08:00","caller":"stat/usage.go:61","content":"CPU: 14m, MEMORY: Alloc=13.8Mi, TotalAlloc=1185.0Mi, Sys=26.8Mi, NumGC=214","level":"stat"}
{"@timestamp":"2025-02-16T08:36:13.406+08:00","caller":"load/sheddingstat.go:61","content":"(api) shedding_stat [1m], cpu: 14, total: 0, pass: 0, drop: 0","level":"stat"}
{"@timestamp":"2025-02-16T08:37:12.349+08:00","caller":"stat/usage.go:61","content":"CPU: 17m, MEMORY: Alloc=10.2Mi, TotalAlloc=1189.2Mi, Sys=30.8Mi, NumGC=215","level":"stat"}
{"@timestamp":"2025-02-16T08:37:13.405+08:00","caller":"load/sheddingstat.go:61","content":"(api) shedding_stat [1m], cpu: 17, total: 0, pass: 0, drop: 0","level":"stat"}
{"@timestamp":"2025-02-16T08:38:12.349+08:00","caller":"stat/usage.go:61","content":"CPU: 16m, MEMORY: Alloc=14.4Mi, TotalAlloc=1193.4Mi, Sys=30.8Mi, NumGC=215","level":"stat"}
{"@timestamp":"2025-02-16T08:38:13.406+08:00","caller":"load/sheddingstat.go:61","content":"(api) shedding_stat [1m], cpu: 17, total: 0, pass: 0, drop: 0","level":"stat"}
{"@timestamp":"2025-02-16T08:39:12.349+08:00","caller":"stat/usage.go:61","content":"CPU: 23m, MEMORY: Alloc=10.7Mi, TotalAlloc=1197.6Mi, Sys=30.8Mi, NumGC=216","level":"stat"}
{"@timestamp":"2025-02-16T08:39:13.406+08:00","caller":"load/sheddingstat.go:61","content":"(api) shedding_stat [1m], cpu: 22, total: 0, pass: 0, drop: 0","level":"stat"}
{"@timestamp":"2025-02-16T08:40:12.349+08:00","caller":"stat/usage.go:61","content":"CPU: 16m, MEMORY: Alloc=14.9Mi, TotalAlloc=1201.8Mi, Sys=30.8Mi, NumGC=216","level":"stat"}
{"@timestamp":"2025-02-16T08:40:13.406+08:00","caller":"load/sheddingstat.go:61","content":"(api) shedding_stat [1m], cpu: 17, total: 0, pass: 0, drop: 0","level":"stat"}
{"@timestamp":"2025-02-16T08:41:12.349+08:00","caller":"stat/usage.go:61","content":"CPU: 17m, MEMORY: Alloc=11.3Mi, TotalAlloc=1206.0Mi, Sys=30.8Mi, NumGC=217","level":"stat"}
{"@timestamp":"2025-02-16T08:41:13.407+08:00","caller":"load/sheddingstat.go:61","content":"(api) shedding_stat [1m], cpu: 17, total: 0, pass: 0, drop: 0","level":"stat"}
{"@timestamp":"2025-02-16T08:42:12.349+08:00","caller":"stat/usage.go:61","content":"CPU: 17m, MEMORY: Alloc=15.5Mi, TotalAlloc=1210.2Mi, Sys=30.8Mi, NumGC=217","level":"stat"}
{"@timestamp":"2025-02-16T08:42:13.406+08:00","caller":"load/sheddingstat.go:61","content":"(api) shedding_stat [1m], cpu: 17, total: 0, pass: 0, drop: 0","level":"stat"}
{"@timestamp":"2025-02-16T08:43:12.350+08:00","caller":"stat/usage.go:61","content":"CPU: 17m, MEMORY: Alloc=11.7Mi, TotalAlloc=1214.4Mi, Sys=30.8Mi, NumGC=218","level":"stat"}
{"@timestamp":"2025-02-16T08:43:13.406+08:00","caller":"load/sheddingstat.go:61","content":"(api) shedding_stat [1m], cpu: 17, total: 0, pass: 0, drop: 0","level":"stat"}
{"@timestamp":"2025-02-16T08:44:12.349+08:00","caller":"stat/usage.go:61","content":"CPU: 17m, MEMORY: Alloc=15.9Mi, TotalAlloc=1218.6Mi, Sys=30.8Mi, NumGC=218","level":"stat"}
{"@timestamp":"2025-02-16T08:44:13.406+08:00","caller":"load/sheddingstat.go:61","content":"(api) shedding_stat [1m], cpu: 17, total: 0, pass: 0, drop: 0","level":"stat"}
{"@timestamp":"2025-02-16T08:45:12.349+08:00","caller":"stat/usage.go:61","content":"CPU: 16m, MEMORY: Alloc=12.0Mi, TotalAlloc=1222.8Mi, Sys=30.8Mi, NumGC=219","level":"stat"}
{"@timestamp":"2025-02-16T08:45:13.406+08:00","caller":"load/sheddingstat.go:61","content":"(api) shedding_stat [1m], cpu: 16, total: 0, pass: 0, drop: 0","level":"stat"}
{"@timestamp":"2025-02-16T08:46:12.349+08:00","caller":"stat/usage.go:61","content":"CPU: 17m, MEMORY: Alloc=16.2Mi, TotalAlloc=1227.0Mi, Sys=30.8Mi, NumGC=219","level":"stat"}
{"@timestamp":"2025-02-16T08:46:13.406+08:00","caller":"load/sheddingstat.go:61","content":"(api) shedding_stat [1m], cpu: 17, total: 0, pass: 0, drop: 0","level":"stat"}
{"@timestamp":"2025-02-16T08:47:12.349+08:00","caller":"stat/usage.go:61","content":"CPU: 18m, MEMORY: Alloc=12.3Mi, TotalAlloc=1231.2Mi, Sys=30.8Mi, NumGC=220","level":"stat"}
{"@timestamp":"2025-02-16T08:47:13.406+08:00","caller":"load/sheddingstat.go:61","content":"(api) shedding_stat [1m], cpu: 18, total: 0, pass: 0, drop: 0","level":"stat"}
{"@timestamp":"2025-02-16T08:48:12.349+08:00","caller":"stat/usage.go:61","content":"CPU: 17m, MEMORY: Alloc=8.5Mi, TotalAlloc=1235.5Mi, Sys=30.8Mi, NumGC=221","level":"stat"}
{"@timestamp":"2025-02-16T08:48:13.406+08:00","caller":"load/sheddingstat.go:61","content":"(api) shedding_stat [1m], cpu: 17, total: 0, pass: 0, drop: 0","level":"stat"}
{"@timestamp":"2025-02-16T08:49:12.350+08:00","caller":"stat/usage.go:61","content":"CPU: 17m, MEMORY: Alloc=12.7Mi, TotalAlloc=1239.7Mi, Sys=30.8Mi, NumGC=221","level":"stat"}
{"@timestamp":"2025-02-16T08:49:13.406+08:00","caller":"load/sheddingstat.go:61","content":"(api) shedding_stat [1m], cpu: 17, total: 0, pass: 0, drop: 0","level":"stat"}
{"@timestamp":"2025-02-16T08:50:12.349+08:00","caller":"stat/usage.go:61","content":"CPU: 18m, MEMORY: Alloc=8.9Mi, TotalAlloc=1243.9Mi, Sys=30.8Mi, NumGC=222","level":"stat"}
{"@timestamp":"2025-02-16T08:50:13.406+08:00","caller":"load/sheddingstat.go:61","content":"(api) shedding_stat [1m], cpu: 18, total: 0, pass: 0, drop: 0","level":"stat"}
{"@timestamp":"2025-02-16T08:51:12.349+08:00","caller":"stat/usage.go:61","content":"CPU: 17m, MEMORY: Alloc=13.1Mi, TotalAlloc=1248.1Mi, Sys=30.8Mi, NumGC=222","level":"stat"}
{"@timestamp":"2025-02-16T08:51:13.406+08:00","caller":"load/sheddingstat.go:61","content":"(api) shedding_stat [1m], cpu: 18, total: 0, pass: 0, drop: 0","level":"stat"}
{"@timestamp":"2025-02-16T08:52:12.350+08:00","caller":"stat/usage.go:61","content":"CPU: 23m, MEMORY: Alloc=9.2Mi, TotalAlloc=1252.3Mi, Sys=30.8Mi, NumGC=223","level":"stat"}
{"@timestamp":"2025-02-16T08:52:13.406+08:00","caller":"load/sheddingstat.go:61","content":"(api) shedding_stat [1m], cpu: 22, total: 0, pass: 0, drop: 0","level":"stat"}
{"@timestamp":"2025-02-16T08:53:12.349+08:00","caller":"stat/usage.go:61","content":"CPU: 18m, MEMORY: Alloc=13.5Mi, TotalAlloc=1256.5Mi, Sys=30.8Mi, NumGC=223","level":"stat"}
{"@timestamp":"2025-02-16T08:53:13.405+08:00","caller":"load/sheddingstat.go:61","content":"(api) shedding_stat [1m], cpu: 18, total: 0, pass: 0, drop: 0","level":"stat"}
{"@timestamp":"2025-02-16T08:54:12.349+08:00","caller":"stat/usage.go:61","content":"CPU: 19m, MEMORY: Alloc=9.6Mi, TotalAlloc=1260.7Mi, Sys=30.8Mi, NumGC=224","level":"stat"}
{"@timestamp":"2025-02-16T08:54:13.406+08:00","caller":"load/sheddingstat.go:61","content":"(api) shedding_stat [1m], cpu: 19, total: 0, pass: 0, drop: 0","level":"stat"}
{"@timestamp":"2025-02-16T08:55:12.349+08:00","caller":"stat/usage.go:61","content":"CPU: 17m, MEMORY: Alloc=13.8Mi, TotalAlloc=1264.9Mi, Sys=30.8Mi, NumGC=224","level":"stat"}
{"@timestamp":"2025-02-16T08:55:13.406+08:00","caller":"load/sheddingstat.go:61","content":"(api) shedding_stat [1m], cpu: 18, total: 0, pass: 0, drop: 0","level":"stat"}
{"@timestamp":"2025-02-16T08:56:12.349+08:00","caller":"stat/usage.go:61","content":"CPU: 15m, MEMORY: Alloc=9.9Mi, TotalAlloc=1269.1Mi, Sys=30.8Mi, NumGC=225","level":"stat"}
{"@timestamp":"2025-02-16T08:56:13.406+08:00","caller":"load/sheddingstat.go:61","content":"(api) shedding_stat [1m], cpu: 17, total: 0, pass: 0, drop: 0","level":"stat"}
{"@timestamp":"2025-02-16T08:57:12.349+08:00","caller":"stat/usage.go:61","content":"CPU: 16m, MEMORY: Alloc=14.1Mi, TotalAlloc=1273.3Mi, Sys=30.8Mi, NumGC=225","level":"stat"}
{"@timestamp":"2025-02-16T08:57:13.406+08:00","caller":"load/sheddingstat.go:61","content":"(api) shedding_stat [1m], cpu: 18, total: 0, pass: 0, drop: 0","level":"stat"}
{"@timestamp":"2025-02-16T08:58:12.349+08:00","caller":"stat/usage.go:61","content":"CPU: 19m, MEMORY: Alloc=10.2Mi, TotalAlloc=1277.5Mi, Sys=30.8Mi, NumGC=226","level":"stat"}
{"@timestamp":"2025-02-16T08:58:13.406+08:00","caller":"load/sheddingstat.go:61","content":"(api) shedding_stat [1m], cpu: 21, total: 0, pass: 0, drop: 0","level":"stat"}
{"@timestamp":"2025-02-16T08:59:12.349+08:00","caller":"stat/usage.go:61","content":"CPU: 16m, MEMORY: Alloc=14.4Mi, TotalAlloc=1281.7Mi, Sys=30.8Mi, NumGC=226","level":"stat"}
{"@timestamp":"2025-02-16T08:59:13.405+08:00","caller":"load/sheddingstat.go:61","content":"(api) shedding_stat [1m], cpu: 17, total: 0, pass: 0, drop: 0","level":"stat"}
{"@timestamp":"2025-02-16T09:00:12.349+08:00","caller":"stat/usage.go:61","content":"CPU: 16m, MEMORY: Alloc=10.4Mi, TotalAlloc=1285.9Mi, Sys=30.8Mi, NumGC=227","level":"stat"}
{"@timestamp":"2025-02-16T09:00:13.406+08:00","caller":"load/sheddingstat.go:61","content":"(api) shedding_stat [1m], cpu: 17, total: 0, pass: 0, drop: 0","level":"stat"}
{"@timestamp":"2025-02-16T09:01:12.350+08:00","caller":"stat/usage.go:61","content":"CPU: 16m, MEMORY: Alloc=14.6Mi, TotalAlloc=1290.1Mi, Sys=30.8Mi, NumGC=227","level":"stat"}
{"@timestamp":"2025-02-16T09:01:13.406+08:00","caller":"load/sheddingstat.go:61","content":"(api) shedding_stat [1m], cpu: 16, total: 0, pass: 0, drop: 0","level":"stat"}
{"@timestamp":"2025-02-16T09:02:12.349+08:00","caller":"stat/usage.go:61","content":"CPU: 15m, MEMORY: Alloc=10.7Mi, TotalAlloc=1294.3Mi, Sys=30.8Mi, NumGC=228","level":"stat"}
{"@timestamp":"2025-02-16T09:02:13.406+08:00","caller":"load/sheddingstat.go:61","content":"(api) shedding_stat [1m], cpu: 16, total: 0, pass: 0, drop: 0","level":"stat"}
{"@timestamp":"2025-02-16T09:03:12.349+08:00","caller":"stat/usage.go:61","content":"CPU: 16m, MEMORY: Alloc=14.9Mi, TotalAlloc=1298.5Mi, Sys=30.8Mi, NumGC=228","level":"stat"}
{"@timestamp":"2025-02-16T09:03:13.406+08:00","caller":"load/sheddingstat.go:61","content":"(api) shedding_stat [1m], cpu: 16, total: 0, pass: 0, drop: 0","level":"stat"}
{"@timestamp":"2025-02-16T09:04:12.349+08:00","caller":"stat/usage.go:61","content":"CPU: 17m, MEMORY: Alloc=10.8Mi, TotalAlloc=1302.7Mi, Sys=30.8Mi, NumGC=229","level":"stat"}
{"@timestamp":"2025-02-16T09:04:13.406+08:00","caller":"load/sheddingstat.go:61","content":"(api) shedding_stat [1m], cpu: 17, total: 0, pass: 0, drop: 0","level":"stat"}
{"@timestamp":"2025-02-16T09:05:12.349+08:00","caller":"stat/usage.go:61","content":"CPU: 20m, MEMORY: Alloc=15.0Mi, TotalAlloc=1306.9Mi, Sys=30.8Mi, NumGC=229","level":"stat"}
{"@timestamp":"2025-02-16T09:05:13.406+08:00","caller":"load/sheddingstat.go:61","content":"(api) shedding_stat [1m], cpu: 20, total: 0, pass: 0, drop: 0","level":"stat"}
{"@timestamp":"2025-02-16T09:06:12.349+08:00","caller":"stat/usage.go:61","content":"CPU: 17m, MEMORY: Alloc=10.9Mi, TotalAlloc=1311.1Mi, Sys=30.8Mi, NumGC=230","level":"stat"}
{"@timestamp":"2025-02-16T09:06:13.406+08:00","caller":"load/sheddingstat.go:61","content":"(api) shedding_stat [1m], cpu: 17, total: 0, pass: 0, drop: 0","level":"stat"}
{"@timestamp":"2025-02-16T09:07:12.350+08:00","caller":"stat/usage.go:61","content":"CPU: 15m, MEMORY: Alloc=15.2Mi, TotalAlloc=1315.3Mi, Sys=30.8Mi, NumGC=230","level":"stat"}
{"@timestamp":"2025-02-16T09:07:13.406+08:00","caller":"load/sheddingstat.go:61","content":"(api) shedding_stat [1m], cpu: 15, total: 0, pass: 0, drop: 0","level":"stat"}
{"@timestamp":"2025-02-16T09:08:12.349+08:00","caller":"stat/usage.go:61","content":"CPU: 16m, MEMORY: Alloc=11.1Mi, TotalAlloc=1319.5Mi, Sys=30.8Mi, NumGC=231","level":"stat"}
{"@timestamp":"2025-02-16T09:08:13.406+08:00","caller":"load/sheddingstat.go:61","content":"(api) shedding_stat [1m], cpu: 16, total: 0, pass: 0, drop: 0","level":"stat"}
{"@timestamp":"2025-02-16T09:09:12.349+08:00","caller":"stat/usage.go:61","content":"CPU: 16m, MEMORY: Alloc=15.3Mi, TotalAlloc=1323.7Mi, Sys=30.8Mi, NumGC=231","level":"stat"}
{"@timestamp":"2025-02-16T09:09:13.406+08:00","caller":"load/sheddingstat.go:61","content":"(api) shedding_stat [1m], cpu: 16, total: 0, pass: 0, drop: 0","level":"stat"}
{"@timestamp":"2025-02-16T09:10:12.349+08:00","caller":"stat/usage.go:61","content":"CPU: 15m, MEMORY: Alloc=11.2Mi, TotalAlloc=1327.9Mi, Sys=30.8Mi, NumGC=232","level":"stat"}
{"@timestamp":"2025-02-16T09:10:13.405+08:00","caller":"load/sheddingstat.go:61","content":"(api) shedding_stat [1m], cpu: 15, total: 0, pass: 0, drop: 0","level":"stat"}
{"@timestamp":"2025-02-16T09:11:12.349+08:00","caller":"stat/usage.go:61","content":"CPU: 17m, MEMORY: Alloc=15.4Mi, TotalAlloc=1332.1Mi, Sys=30.8Mi, NumGC=232","level":"stat"}
{"@timestamp":"2025-02-16T09:11:13.406+08:00","caller":"load/sheddingstat.go:61","content":"(api) shedding_stat [1m], cpu: 17, total: 0, pass: 0, drop: 0","level":"stat"}
{"@timestamp":"2025-02-16T09:12:12.349+08:00","caller":"stat/usage.go:61","content":"CPU: 16m, MEMORY: Alloc=11.3Mi, TotalAlloc=1336.3Mi, Sys=30.8Mi, NumGC=233","level":"stat"}
{"@timestamp":"2025-02-16T09:12:13.405+08:00","caller":"load/sheddingstat.go:61","content":"(api) shedding_stat [1m], cpu: 16, total: 0, pass: 0, drop: 0","level":"stat"}
{"@timestamp":"2025-02-16T09:13:12.349+08:00","caller":"stat/usage.go:61","content":"CPU: 16m, MEMORY: Alloc=15.5Mi, TotalAlloc=1340.5Mi, Sys=30.8Mi, NumGC=233","level":"stat"}
{"@timestamp":"2025-02-16T09:13:13.406+08:00","caller":"load/sheddingstat.go:61","content":"(api) shedding_stat [1m], cpu: 16, total: 0, pass: 0, drop: 0","level":"stat"}
{"@timestamp":"2025-02-16T09:14:12.349+08:00","caller":"stat/usage.go:61","content":"CPU: 17m, MEMORY: Alloc=11.3Mi, TotalAlloc=1344.7Mi, Sys=30.8Mi, NumGC=234","level":"stat"}
{"@timestamp":"2025-02-16T09:14:13.406+08:00","caller":"load/sheddingstat.go:61","content":"(api) shedding_stat [1m], cpu: 17, total: 0, pass: 0, drop: 0","level":"stat"}
{"@timestamp":"2025-02-16T09:15:12.349+08:00","caller":"stat/usage.go:61","content":"CPU: 17m, MEMORY: Alloc=15.5Mi, TotalAlloc=1348.9Mi, Sys=30.8Mi, NumGC=234","level":"stat"}
{"@timestamp":"2025-02-16T09:15:13.406+08:00","caller":"load/sheddingstat.go:61","content":"(api) shedding_stat [1m], cpu: 18, total: 0, pass: 0, drop: 0","level":"stat"}
{"@timestamp":"2025-02-16T09:16:12.349+08:00","caller":"stat/usage.go:61","content":"CPU: 17m, MEMORY: Alloc=11.3Mi, TotalAlloc=1353.1Mi, Sys=30.8Mi, NumGC=235","level":"stat"}
{"@timestamp":"2025-02-16T09:16:13.406+08:00","caller":"load/sheddingstat.go:61","content":"(api) shedding_stat [1m], cpu: 17, total: 0, pass: 0, drop: 0","level":"stat"}
{"@timestamp":"2025-02-16T09:17:12.349+08:00","caller":"stat/usage.go:61","content":"CPU: 16m, MEMORY: Alloc=15.6Mi, TotalAlloc=1357.3Mi, Sys=30.8Mi, NumGC=235","level":"stat"}
{"@timestamp":"2025-02-16T09:17:13.406+08:00","caller":"load/sheddingstat.go:61","content":"(api) shedding_stat [1m], cpu: 17, total: 0, pass: 0, drop: 0","level":"stat"}
{"@timestamp":"2025-02-16T09:18:12.349+08:00","caller":"stat/usage.go:61","content":"CPU: 23m, MEMORY: Alloc=11.4Mi, TotalAlloc=1361.5Mi, Sys=30.8Mi, NumGC=236","level":"stat"}
{"@timestamp":"2025-02-16T09:18:13.406+08:00","caller":"load/sheddingstat.go:61","content":"(api) shedding_stat [1m], cpu: 22, total: 0, pass: 0, drop: 0","level":"stat"}
{"@timestamp":"2025-02-16T09:19:12.349+08:00","caller":"stat/usage.go:61","content":"CPU: 17m, MEMORY: Alloc=15.6Mi, TotalAlloc=1365.7Mi, Sys=30.8Mi, NumGC=236","level":"stat"}
{"@timestamp":"2025-02-16T09:19:13.406+08:00","caller":"load/sheddingstat.go:61","content":"(api) shedding_stat [1m], cpu: 17, total: 0, pass: 0, drop: 0","level":"stat"}
{"@timestamp":"2025-02-16T09:20:12.349+08:00","caller":"stat/usage.go:61","content":"CPU: 17m, MEMORY: Alloc=11.4Mi, TotalAlloc=1369.9Mi, Sys=30.8Mi, NumGC=237","level":"stat"}
{"@timestamp":"2025-02-16T09:20:13.406+08:00","caller":"load/sheddingstat.go:61","content":"(api) shedding_stat [1m], cpu: 17, total: 0, pass: 0, drop: 0","level":"stat"}
{"@timestamp":"2025-02-16T09:21:12.349+08:00","caller":"stat/usage.go:61","content":"CPU: 18m, MEMORY: Alloc=15.6Mi, TotalAlloc=1374.1Mi, Sys=30.8Mi, NumGC=237","level":"stat"}
{"@timestamp":"2025-02-16T09:21:13.406+08:00","caller":"load/sheddingstat.go:61","content":"(api) shedding_stat [1m], cpu: 18, total: 0, pass: 0, drop: 0","level":"stat"}
{"@timestamp":"2025-02-16T09:22:12.350+08:00","caller":"stat/usage.go:61","content":"CPU: 17m, MEMORY: Alloc=11.4Mi, TotalAlloc=1378.3Mi, Sys=30.8Mi, NumGC=238","level":"stat"}
{"@timestamp":"2025-02-16T09:22:13.406+08:00","caller":"load/sheddingstat.go:61","content":"(api) shedding_stat [1m], cpu: 17, total: 0, pass: 0, drop: 0","level":"stat"}
{"@timestamp":"2025-02-16T09:23:12.349+08:00","caller":"stat/usage.go:61","content":"CPU: 16m, MEMORY: Alloc=15.6Mi, TotalAlloc=1382.5Mi, Sys=30.8Mi, NumGC=238","level":"stat"}
{"@timestamp":"2025-02-16T09:23:13.406+08:00","caller":"load/sheddingstat.go:61","content":"(api) shedding_stat [1m], cpu: 16, total: 0, pass: 0, drop: 0","level":"stat"}
{"@timestamp":"2025-02-16T09:24:12.349+08:00","caller":"stat/usage.go:61","content":"CPU: 17m, MEMORY: Alloc=11.5Mi, TotalAlloc=1386.7Mi, Sys=30.8Mi, NumGC=239","level":"stat"}
{"@timestamp":"2025-02-16T09:24:13.406+08:00","caller":"load/sheddingstat.go:61","content":"(api) shedding_stat [1m], cpu: 17, total: 0, pass: 0, drop: 0","level":"stat"}
{"@timestamp":"2025-02-16T09:25:12.349+08:00","caller":"stat/usage.go:61","content":"CPU: 17m, MEMORY: Alloc=15.7Mi, TotalAlloc=1390.9Mi, Sys=30.8Mi, NumGC=239","level":"stat"}
{"@timestamp":"2025-02-16T09:25:13.406+08:00","caller":"load/sheddingstat.go:61","content":"(api) shedding_stat [1m], cpu: 17, total: 0, pass: 0, drop: 0","level":"stat"}
{"@timestamp":"2025-02-16T09:26:12.349+08:00","caller":"stat/usage.go:61","content":"CPU: 17m, MEMORY: Alloc=11.5Mi, TotalAlloc=1395.1Mi, Sys=30.8Mi, NumGC=240","level":"stat"}
{"@timestamp":"2025-02-16T09:26:13.405+08:00","caller":"load/sheddingstat.go:61","content":"(api) shedding_stat [1m], cpu: 17, total: 0, pass: 0, drop: 0","level":"stat"}
{"@timestamp":"2025-02-16T09:27:12.349+08:00","caller":"stat/usage.go:61","content":"CPU: 17m, MEMORY: Alloc=15.7Mi, TotalAlloc=1399.3Mi, Sys=30.8Mi, NumGC=240","level":"stat"}
{"@timestamp":"2025-02-16T09:27:13.406+08:00","caller":"load/sheddingstat.go:61","content":"(api) shedding_stat [1m], cpu: 17, total: 0, pass: 0, drop: 0","level":"stat"}
{"@timestamp":"2025-02-16T09:28:12.349+08:00","caller":"stat/usage.go:61","content":"CPU: 17m, MEMORY: Alloc=11.5Mi, TotalAlloc=1403.5Mi, Sys=30.8Mi, NumGC=241","level":"stat"}
{"@timestamp":"2025-02-16T09:28:13.407+08:00","caller":"load/sheddingstat.go:61","content":"(api) shedding_stat [1m], cpu: 17, total: 0, pass: 0, drop: 0","level":"stat"}
{"@timestamp":"2025-02-16T09:29:12.349+08:00","caller":"stat/usage.go:61","content":"CPU: 16m, MEMORY: Alloc=15.7Mi, TotalAlloc=1407.7Mi, Sys=30.8Mi, NumGC=241","level":"stat"}
{"@timestamp":"2025-02-16T09:29:13.406+08:00","caller":"load/sheddingstat.go:61","content":"(api) shedding_stat [1m], cpu: 16, total: 0, pass: 0, drop: 0","level":"stat"}
{"@timestamp":"2025-02-16T09:30:12.349+08:00","caller":"stat/usage.go:61","content":"CPU: 18m, MEMORY: Alloc=11.5Mi, TotalAlloc=1411.9Mi, Sys=30.8Mi, NumGC=242","level":"stat"}
{"@timestamp":"2025-02-16T09:30:13.405+08:00","caller":"load/sheddingstat.go:61","content":"(api) shedding_stat [1m], cpu: 18, total: 0, pass: 0, drop: 0","level":"stat"}
{"@timestamp":"2025-02-16T09:31:12.350+08:00","caller":"stat/usage.go:61","content":"CPU: 22m, MEMORY: Alloc=15.7Mi, TotalAlloc=1416.1Mi, Sys=30.8Mi, NumGC=242","level":"stat"}
{"@timestamp":"2025-02-16T09:31:13.407+08:00","caller":"load/sheddingstat.go:61","content":"(api) shedding_stat [1m], cpu: 23, total: 0, pass: 0, drop: 0","level":"stat"}
{"@timestamp":"2025-02-16T09:32:12.350+08:00","caller":"stat/usage.go:61","content":"CPU: 16m, MEMORY: Alloc=11.6Mi, TotalAlloc=1420.3Mi, Sys=30.8Mi, NumGC=243","level":"stat"}
{"@timestamp":"2025-02-16T09:32:13.406+08:00","caller":"load/sheddingstat.go:61","content":"(api) shedding_stat [1m], cpu: 19, total: 0, pass: 0, drop: 0","level":"stat"}
{"@timestamp":"2025-02-16T09:33:12.350+08:00","caller":"stat/usage.go:61","content":"CPU: 15m, MEMORY: Alloc=15.8Mi, TotalAlloc=1424.5Mi, Sys=30.8Mi, NumGC=243","level":"stat"}
{"@timestamp":"2025-02-16T09:33:13.406+08:00","caller":"load/sheddingstat.go:61","content":"(api) shedding_stat [1m], cpu: 18, total: 0, pass: 0, drop: 0","level":"stat"}
{"@timestamp":"2025-02-16T09:34:12.349+08:00","caller":"stat/usage.go:61","content":"CPU: 16m, MEMORY: Alloc=11.6Mi, TotalAlloc=1428.7Mi, Sys=30.8Mi, NumGC=244","level":"stat"}
{"@timestamp":"2025-02-16T09:34:13.406+08:00","caller":"load/sheddingstat.go:61","content":"(api) shedding_stat [1m], cpu: 16, total: 0, pass: 0, drop: 0","level":"stat"}
{"@timestamp":"2025-02-16T09:35:12.349+08:00","caller":"stat/usage.go:61","content":"CPU: 16m, MEMORY: Alloc=15.8Mi, TotalAlloc=1432.9Mi, Sys=30.8Mi, NumGC=244","level":"stat"}
{"@timestamp":"2025-02-16T09:35:13.406+08:00","caller":"load/sheddingstat.go:61","content":"(api) shedding_stat [1m], cpu: 17, total: 0, pass: 0, drop: 0","level":"stat"}
{"@timestamp":"2025-02-16T09:36:12.350+08:00","caller":"stat/usage.go:61","content":"CPU: 15m, MEMORY: Alloc=11.6Mi, TotalAlloc=1437.1Mi, Sys=30.8Mi, NumGC=245","level":"stat"}
{"@timestamp":"2025-02-16T09:36:13.406+08:00","caller":"load/sheddingstat.go:61","content":"(api) shedding_stat [1m], cpu: 15, total: 0, pass: 0, drop: 0","level":"stat"}
{"@timestamp":"2025-02-16T09:37:12.349+08:00","caller":"stat/usage.go:61","content":"CPU: 16m, MEMORY: Alloc=15.9Mi, TotalAlloc=1441.4Mi, Sys=30.8Mi, NumGC=245","level":"stat"}
{"@timestamp":"2025-02-16T09:37:13.406+08:00","caller":"load/sheddingstat.go:61","content":"(api) shedding_stat [1m], cpu: 17, total: 0, pass: 0, drop: 0","level":"stat"}
{"@timestamp":"2025-02-16T09:38:12.350+08:00","caller":"stat/usage.go:61","content":"CPU: 16m, MEMORY: Alloc=11.7Mi, TotalAlloc=1445.6Mi, Sys=30.8Mi, NumGC=246","level":"stat"}
{"@timestamp":"2025-02-16T09:38:13.406+08:00","caller":"load/sheddingstat.go:61","content":"(api) shedding_stat [1m], cpu: 16, total: 0, pass: 0, drop: 0","level":"stat"}
{"@timestamp":"2025-02-16T09:39:12.349+08:00","caller":"stat/usage.go:61","content":"CPU: 15m, MEMORY: Alloc=15.9Mi, TotalAlloc=1449.8Mi, Sys=30.8Mi, NumGC=246","level":"stat"}
{"@timestamp":"2025-02-16T09:39:13.406+08:00","caller":"load/sheddingstat.go:61","content":"(api) shedding_stat [1m], cpu: 15, total: 0, pass: 0, drop: 0","level":"stat"}
{"@timestamp":"2025-02-16T09:40:12.349+08:00","caller":"stat/usage.go:61","content":"CPU: 15m, MEMORY: Alloc=11.7Mi, TotalAlloc=1454.0Mi, Sys=30.8Mi, NumGC=247","level":"stat"}
{"@timestamp":"2025-02-16T09:40:13.406+08:00","caller":"load/sheddingstat.go:61","content":"(api) shedding_stat [1m], cpu: 15, total: 0, pass: 0, drop: 0","level":"stat"}
{"@timestamp":"2025-02-16T09:41:12.349+08:00","caller":"stat/usage.go:61","content":"CPU: 15m, MEMORY: Alloc=15.9Mi, TotalAlloc=1458.2Mi, Sys=30.8Mi, NumGC=247","level":"stat"}
{"@timestamp":"2025-02-16T09:41:13.406+08:00","caller":"load/sheddingstat.go:61","content":"(api) shedding_stat [1m], cpu: 16, total: 0, pass: 0, drop: 0","level":"stat"}
{"@timestamp":"2025-02-16T09:42:12.349+08:00","caller":"stat/usage.go:61","content":"CPU: 15m, MEMORY: Alloc=11.7Mi, TotalAlloc=1462.4Mi, Sys=30.8Mi, NumGC=248","level":"stat"}
{"@timestamp":"2025-02-16T09:42:13.406+08:00","caller":"load/sheddingstat.go:61","content":"(api) shedding_stat [1m], cpu: 15, total: 0, pass: 0, drop: 0","level":"stat"}
{"@timestamp":"2025-02-16T09:43:12.349+08:00","caller":"stat/usage.go:61","content":"CPU: 16m, MEMORY: Alloc=15.9Mi, TotalAlloc=1466.6Mi, Sys=30.8Mi, NumGC=248","level":"stat"}
{"@timestamp":"2025-02-16T09:43:13.406+08:00","caller":"load/sheddingstat.go:61","content":"(api) shedding_stat [1m], cpu: 16, total: 0, pass: 0, drop: 0","level":"stat"}
{"@timestamp":"2025-02-16T09:44:12.349+08:00","caller":"stat/usage.go:61","content":"CPU: 23m, MEMORY: Alloc=11.8Mi, TotalAlloc=1470.8Mi, Sys=30.8Mi, NumGC=249","level":"stat"}
{"@timestamp":"2025-02-16T09:44:13.406+08:00","caller":"load/sheddingstat.go:61","content":"(api) shedding_stat [1m], cpu: 22, total: 0, pass: 0, drop: 0","level":"stat"}
{"@timestamp":"2025-02-16T09:45:12.350+08:00","caller":"stat/usage.go:61","content":"CPU: 15m, MEMORY: Alloc=16.0Mi, TotalAlloc=1475.0Mi, Sys=30.8Mi, NumGC=249","level":"stat"}
{"@timestamp":"2025-02-16T09:45:13.406+08:00","caller":"load/sheddingstat.go:61","content":"(api) shedding_stat [1m], cpu: 15, total: 0, pass: 0, drop: 0","level":"stat"}
{"@timestamp":"2025-02-16T09:46:12.350+08:00","caller":"stat/usage.go:61","content":"CPU: 16m, MEMORY: Alloc=11.8Mi, TotalAlloc=1479.1Mi, Sys=30.8Mi, NumGC=250","level":"stat"}
{"@timestamp":"2025-02-16T09:46:13.406+08:00","caller":"load/sheddingstat.go:61","content":"(api) shedding_stat [1m], cpu: 16, total: 0, pass: 0, drop: 0","level":"stat"}
{"@timestamp":"2025-02-16T09:47:12.349+08:00","caller":"stat/usage.go:61","content":"CPU: 17m, MEMORY: Alloc=16.0Mi, TotalAlloc=1483.4Mi, Sys=30.8Mi, NumGC=250","level":"stat"}
{"@timestamp":"2025-02-16T09:47:13.406+08:00","caller":"load/sheddingstat.go:61","content":"(api) shedding_stat [1m], cpu: 17, total: 0, pass: 0, drop: 0","level":"stat"}
{"@timestamp":"2025-02-16T09:48:12.349+08:00","caller":"stat/usage.go:61","content":"CPU: 17m, MEMORY: Alloc=11.8Mi, TotalAlloc=1487.6Mi, Sys=30.8Mi, NumGC=251","level":"stat"}
{"@timestamp":"2025-02-16T09:48:13.406+08:00","caller":"load/sheddingstat.go:61","content":"(api) shedding_stat [1m], cpu: 17, total: 0, pass: 0, drop: 0","level":"stat"}
{"@timestamp":"2025-02-16T09:49:12.349+08:00","caller":"stat/usage.go:61","content":"CPU: 17m, MEMORY: Alloc=16.0Mi, TotalAlloc=1491.8Mi, Sys=30.8Mi, NumGC=251","level":"stat"}
{"@timestamp":"2025-02-16T09:49:13.406+08:00","caller":"load/sheddingstat.go:61","content":"(api) shedding_stat [1m], cpu: 17, total: 0, pass: 0, drop: 0","level":"stat"}
{"@timestamp":"2025-02-16T09:50:12.349+08:00","caller":"stat/usage.go:61","content":"CPU: 16m, MEMORY: Alloc=11.8Mi, TotalAlloc=1496.0Mi, Sys=30.8Mi, NumGC=252","level":"stat"}
{"@timestamp":"2025-02-16T09:50:13.406+08:00","caller":"load/sheddingstat.go:61","content":"(api) shedding_stat [1m], cpu: 16, total: 0, pass: 0, drop: 0","level":"stat"}
{"@timestamp":"2025-02-16T09:51:12.349+08:00","caller":"stat/usage.go:61","content":"CPU: 17m, MEMORY: Alloc=16.0Mi, TotalAlloc=1500.2Mi, Sys=30.8Mi, NumGC=252","level":"stat"}
{"@timestamp":"2025-02-16T09:51:13.406+08:00","caller":"load/sheddingstat.go:61","content":"(api) shedding_stat [1m], cpu: 17, total: 0, pass: 0, drop: 0","level":"stat"}
{"@timestamp":"2025-02-16T09:52:12.349+08:00","caller":"stat/usage.go:61","content":"CPU: 18m, MEMORY: Alloc=11.9Mi, TotalAlloc=1504.4Mi, Sys=30.8Mi, NumGC=253","level":"stat"}
{"@timestamp":"2025-02-16T09:52:13.406+08:00","caller":"load/sheddingstat.go:61","content":"(api) shedding_stat [1m], cpu: 18, total: 0, pass: 0, drop: 0","level":"stat"}
{"@timestamp":"2025-02-16T09:53:12.349+08:00","caller":"stat/usage.go:61","content":"CPU: 16m, MEMORY: Alloc=16.1Mi, TotalAlloc=1508.6Mi, Sys=30.8Mi, NumGC=253","level":"stat"}
{"@timestamp":"2025-02-16T09:53:13.405+08:00","caller":"load/sheddingstat.go:61","content":"(api) shedding_stat [1m], cpu: 16, total: 0, pass: 0, drop: 0","level":"stat"}
{"@timestamp":"2025-02-16T09:54:12.349+08:00","caller":"stat/usage.go:61","content":"CPU: 18m, MEMORY: Alloc=11.9Mi, TotalAlloc=1512.8Mi, Sys=30.8Mi, NumGC=254","level":"stat"}
{"@timestamp":"2025-02-16T09:54:13.406+08:00","caller":"load/sheddingstat.go:61","content":"(api) shedding_stat [1m], cpu: 18, total: 0, pass: 0, drop: 0","level":"stat"}
{"@timestamp":"2025-02-16T09:55:12.350+08:00","caller":"stat/usage.go:61","content":"CPU: 17m, MEMORY: Alloc=16.1Mi, TotalAlloc=1517.0Mi, Sys=30.8Mi, NumGC=254","level":"stat"}
{"@timestamp":"2025-02-16T09:55:13.406+08:00","caller":"load/sheddingstat.go:61","content":"(api) shedding_stat [1m], cpu: 17, total: 0, pass: 0, drop: 0","level":"stat"}
{"@timestamp":"2025-02-16T09:56:12.350+08:00","caller":"stat/usage.go:61","content":"CPU: 17m, MEMORY: Alloc=11.9Mi, TotalAlloc=1521.2Mi, Sys=30.8Mi, NumGC=255","level":"stat"}
{"@timestamp":"2025-02-16T09:56:13.406+08:00","caller":"load/sheddingstat.go:61","content":"(api) shedding_stat [1m], cpu: 17, total: 0, pass: 0, drop: 0","level":"stat"}
{"@timestamp":"2025-02-16T09:57:12.349+08:00","caller":"stat/usage.go:61","content":"CPU: 24m, MEMORY: Alloc=16.1Mi, TotalAlloc=1525.4Mi, Sys=30.8Mi, NumGC=255","level":"stat"}
{"@timestamp":"2025-02-16T09:57:13.406+08:00","caller":"load/sheddingstat.go:61","content":"(api) shedding_stat [1m], cpu: 23, total: 0, pass: 0, drop: 0","level":"stat"}
{"@timestamp":"2025-02-16T09:58:12.349+08:00","caller":"stat/usage.go:61","content":"CPU: 17m, MEMORY: Alloc=11.9Mi, TotalAlloc=1529.6Mi, Sys=30.8Mi, NumGC=256","level":"stat"}
{"@timestamp":"2025-02-16T09:58:13.406+08:00","caller":"load/sheddingstat.go:61","content":"(api) shedding_stat [1m], cpu: 17, total: 0, pass: 0, drop: 0","level":"stat"}
{"@timestamp":"2025-02-16T09:59:12.350+08:00","caller":"stat/usage.go:61","content":"CPU: 17m, MEMORY: Alloc=16.1Mi, TotalAlloc=1533.8Mi, Sys=30.8Mi, NumGC=256","level":"stat"}
{"@timestamp":"2025-02-16T09:59:13.406+08:00","caller":"load/sheddingstat.go:61","content":"(api) shedding_stat [1m], cpu: 17, total: 0, pass: 0, drop: 0","level":"stat"}
{"@timestamp":"2025-02-16T10:00:12.349+08:00","caller":"stat/usage.go:61","content":"CPU: 16m, MEMORY: Alloc=12.0Mi, TotalAlloc=1538.0Mi, Sys=30.8Mi, NumGC=257","level":"stat"}
{"@timestamp":"2025-02-16T10:00:13.406+08:00","caller":"load/sheddingstat.go:61","content":"(api) shedding_stat [1m], cpu: 17, total: 0, pass: 0, drop: 0","level":"stat"}
{"@timestamp":"2025-02-16T10:01:12.349+08:00","caller":"stat/usage.go:61","content":"CPU: 17m, MEMORY: Alloc=16.2Mi, TotalAlloc=1542.2Mi, Sys=30.8Mi, NumGC=257","level":"stat"}
{"@timestamp":"2025-02-16T10:01:13.406+08:00","caller":"load/sheddingstat.go:61","content":"(api) shedding_stat [1m], cpu: 18, total: 0, pass: 0, drop: 0","level":"stat"}
{"@timestamp":"2025-02-16T10:02:12.349+08:00","caller":"stat/usage.go:61","content":"CPU: 17m, MEMORY: Alloc=12.0Mi, TotalAlloc=1546.4Mi, Sys=30.8Mi, NumGC=258","level":"stat"}
{"@timestamp":"2025-02-16T10:02:13.406+08:00","caller":"load/sheddingstat.go:61","content":"(api) shedding_stat [1m], cpu: 17, total: 0, pass: 0, drop: 0","level":"stat"}
{"@timestamp":"2025-02-16T10:03:12.349+08:00","caller":"stat/usage.go:61","content":"CPU: 19m, MEMORY: Alloc=16.2Mi, TotalAlloc=1550.6Mi, Sys=30.8Mi, NumGC=258","level":"stat"}
{"@timestamp":"2025-02-16T10:03:13.406+08:00","caller":"load/sheddingstat.go:61","content":"(api) shedding_stat [1m], cpu: 19, total: 0, pass: 0, drop: 0","level":"stat"}
{"@timestamp":"2025-02-16T10:04:12.349+08:00","caller":"stat/usage.go:61","content":"CPU: 17m, MEMORY: Alloc=12.0Mi, TotalAlloc=1554.8Mi, Sys=30.8Mi, NumGC=259","level":"stat"}
{"@timestamp":"2025-02-16T10:04:13.406+08:00","caller":"load/sheddingstat.go:61","content":"(api) shedding_stat [1m], cpu: 17, total: 0, pass: 0, drop: 0","level":"stat"}
{"@timestamp":"2025-02-16T10:05:12.349+08:00","caller":"stat/usage.go:61","content":"CPU: 18m, MEMORY: Alloc=16.2Mi, TotalAlloc=1559.0Mi, Sys=30.8Mi, NumGC=259","level":"stat"}
{"@timestamp":"2025-02-16T10:05:13.406+08:00","caller":"load/sheddingstat.go:61","content":"(api) shedding_stat [1m], cpu: 18, total: 0, pass: 0, drop: 0","level":"stat"}
{"@timestamp":"2025-02-16T10:06:12.349+08:00","caller":"stat/usage.go:61","content":"CPU: 15m, MEMORY: Alloc=12.0Mi, TotalAlloc=1563.2Mi, Sys=30.8Mi, NumGC=260","level":"stat"}
{"@timestamp":"2025-02-16T10:06:13.406+08:00","caller":"load/sheddingstat.go:61","content":"(api) shedding_stat [1m], cpu: 19, total: 0, pass: 0, drop: 0","level":"stat"}
{"@timestamp":"2025-02-16T10:07:12.349+08:00","caller":"stat/usage.go:61","content":"CPU: 16m, MEMORY: Alloc=16.3Mi, TotalAlloc=1567.4Mi, Sys=30.8Mi, NumGC=260","level":"stat"}
{"@timestamp":"2025-02-16T10:07:13.406+08:00","caller":"load/sheddingstat.go:61","content":"(api) shedding_stat [1m], cpu: 18, total: 0, pass: 0, drop: 0","level":"stat"}
{"@timestamp":"2025-02-16T10:08:12.349+08:00","caller":"stat/usage.go:61","content":"CPU: 17m, MEMORY: Alloc=12.1Mi, TotalAlloc=1571.6Mi, Sys=30.8Mi, NumGC=261","level":"stat"}
{"@timestamp":"2025-02-16T10:08:13.406+08:00","caller":"load/sheddingstat.go:61","content":"(api) shedding_stat [1m], cpu: 19, total: 0, pass: 0, drop: 0","level":"stat"}
{"@timestamp":"2025-02-16T10:09:12.349+08:00","caller":"stat/usage.go:61","content":"CPU: 15m, MEMORY: Alloc=16.3Mi, TotalAlloc=1575.8Mi, Sys=30.8Mi, NumGC=261","level":"stat"}
{"@timestamp":"2025-02-16T10:09:13.406+08:00","caller":"load/sheddingstat.go:61","content":"(api) shedding_stat [1m], cpu: 17, total: 0, pass: 0, drop: 0","level":"stat"}
{"@timestamp":"2025-02-16T10:10:12.349+08:00","caller":"stat/usage.go:61","content":"CPU: 22m, MEMORY: Alloc=12.1Mi, TotalAlloc=1580.0Mi, Sys=30.8Mi, NumGC=262","level":"stat"}
{"@timestamp":"2025-02-16T10:10:13.406+08:00","caller":"load/sheddingstat.go:61","content":"(api) shedding_stat [1m], cpu: 21, total: 0, pass: 0, drop: 0","level":"stat"}
{"@timestamp":"2025-02-16T10:11:12.349+08:00","caller":"stat/usage.go:61","content":"CPU: 15m, MEMORY: Alloc=16.3Mi, TotalAlloc=1584.2Mi, Sys=30.8Mi, NumGC=262","level":"stat"}
{"@timestamp":"2025-02-16T10:11:13.406+08:00","caller":"load/sheddingstat.go:61","content":"(api) shedding_stat [1m], cpu: 15, total: 0, pass: 0, drop: 0","level":"stat"}
{"@timestamp":"2025-02-16T10:12:12.349+08:00","caller":"stat/usage.go:61","content":"CPU: 15m, MEMORY: Alloc=12.1Mi, TotalAlloc=1588.4Mi, Sys=30.8Mi, NumGC=263","level":"stat"}
{"@timestamp":"2025-02-16T10:12:13.406+08:00","caller":"load/sheddingstat.go:61","content":"(api) shedding_stat [1m], cpu: 15, total: 0, pass: 0, drop: 0","level":"stat"}
{"@timestamp":"2025-02-16T10:13:12.349+08:00","caller":"stat/usage.go:61","content":"CPU: 16m, MEMORY: Alloc=16.3Mi, TotalAlloc=1592.6Mi, Sys=30.8Mi, NumGC=263","level":"stat"}
{"@timestamp":"2025-02-16T10:13:13.407+08:00","caller":"load/sheddingstat.go:61","content":"(api) shedding_stat [1m], cpu: 16, total: 0, pass: 0, drop: 0","level":"stat"}
{"@timestamp":"2025-02-16T10:14:12.349+08:00","caller":"stat/usage.go:61","content":"CPU: 16m, MEMORY: Alloc=12.2Mi, TotalAlloc=1596.8Mi, Sys=30.8Mi, NumGC=264","level":"stat"}
{"@timestamp":"2025-02-16T10:14:13.406+08:00","caller":"load/sheddingstat.go:61","content":"(api) shedding_stat [1m], cpu: 16, total: 0, pass: 0, drop: 0","level":"stat"}
{"@timestamp":"2025-02-16T10:15:12.349+08:00","caller":"stat/usage.go:61","content":"CPU: 16m, MEMORY: Alloc=16.4Mi, TotalAlloc=1601.0Mi, Sys=30.8Mi, NumGC=264","level":"stat"}
{"@timestamp":"2025-02-16T10:15:13.406+08:00","caller":"load/sheddingstat.go:61","content":"(api) shedding_stat [1m], cpu: 16, total: 0, pass: 0, drop: 0","level":"stat"}
{"@timestamp":"2025-02-16T10:16:12.349+08:00","caller":"stat/usage.go:61","content":"CPU: 16m, MEMORY: Alloc=12.2Mi, TotalAlloc=1605.2Mi, Sys=30.8Mi, NumGC=265","level":"stat"}
{"@timestamp":"2025-02-16T10:16:13.406+08:00","caller":"load/sheddingstat.go:61","content":"(api) shedding_stat [1m], cpu: 16, total: 0, pass: 0, drop: 0","level":"stat"}
{"@timestamp":"2025-02-16T10:17:12.350+08:00","caller":"stat/usage.go:61","content":"CPU: 16m, MEMORY: Alloc=16.4Mi, TotalAlloc=1609.4Mi, Sys=30.8Mi, NumGC=265","level":"stat"}
{"@timestamp":"2025-02-16T10:17:13.407+08:00","caller":"load/sheddingstat.go:61","content":"(api) shedding_stat [1m], cpu: 16, total: 0, pass: 0, drop: 0","level":"stat"}
{"@timestamp":"2025-02-16T10:18:12.349+08:00","caller":"stat/usage.go:61","content":"CPU: 15m, MEMORY: Alloc=12.2Mi, TotalAlloc=1613.6Mi, Sys=30.8Mi, NumGC=266","level":"stat"}
{"@timestamp":"2025-02-16T10:18:13.406+08:00","caller":"load/sheddingstat.go:61","content":"(api) shedding_stat [1m], cpu: 15, total: 0, pass: 0, drop: 0","level":"stat"}
{"@timestamp":"2025-02-16T10:19:12.349+08:00","caller":"stat/usage.go:61","content":"CPU: 14m, MEMORY: Alloc=16.4Mi, TotalAlloc=1617.8Mi, Sys=30.8Mi, NumGC=266","level":"stat"}
{"@timestamp":"2025-02-16T10:19:13.408+08:00","caller":"load/sheddingstat.go:61","content":"(api) shedding_stat [1m], cpu: 15, total: 0, pass: 0, drop: 0","level":"stat"}
{"@timestamp":"2025-02-16T10:20:12.349+08:00","caller":"stat/usage.go:61","content":"CPU: 16m, MEMORY: Alloc=12.3Mi, TotalAlloc=1622.0Mi, Sys=30.8Mi, NumGC=267","level":"stat"}
{"@timestamp":"2025-02-16T10:20:13.406+08:00","caller":"load/sheddingstat.go:61","content":"(api) shedding_stat [1m], cpu: 16, total: 0, pass: 0, drop: 0","level":"stat"}
{"@timestamp":"2025-02-16T10:21:12.349+08:00","caller":"stat/usage.go:61","content":"CPU: 15m, MEMORY: Alloc=16.5Mi, TotalAlloc=1626.2Mi, Sys=30.8Mi, NumGC=267","level":"stat"}
{"@timestamp":"2025-02-16T10:21:13.406+08:00","caller":"load/sheddingstat.go:61","content":"(api) shedding_stat [1m], cpu: 16, total: 0, pass: 0, drop: 0","level":"stat"}
{"@timestamp":"2025-02-16T10:22:12.349+08:00","caller":"stat/usage.go:61","content":"CPU: 17m, MEMORY: Alloc=12.3Mi, TotalAlloc=1630.4Mi, Sys=30.8Mi, NumGC=268","level":"stat"}
{"@timestamp":"2025-02-16T10:22:13.406+08:00","caller":"load/sheddingstat.go:61","content":"(api) shedding_stat [1m], cpu: 17, total: 0, pass: 0, drop: 0","level":"stat"}
{"@timestamp":"2025-02-16T10:23:12.349+08:00","caller":"stat/usage.go:61","content":"CPU: 22m, MEMORY: Alloc=16.5Mi, TotalAlloc=1634.6Mi, Sys=30.8Mi, NumGC=268","level":"stat"}
{"@timestamp":"2025-02-16T10:23:13.406+08:00","caller":"load/sheddingstat.go:61","content":"(api) shedding_stat [1m], cpu: 20, total: 0, pass: 0, drop: 0","level":"stat"}
{"@timestamp":"2025-02-16T10:24:12.349+08:00","caller":"stat/usage.go:61","content":"CPU: 17m, MEMORY: Alloc=12.3Mi, TotalAlloc=1638.8Mi, Sys=30.8Mi, NumGC=269","level":"stat"}
{"@timestamp":"2025-02-16T10:24:13.406+08:00","caller":"load/sheddingstat.go:61","content":"(api) shedding_stat [1m], cpu: 17, total: 0, pass: 0, drop: 0","level":"stat"}
{"@timestamp":"2025-02-16T10:25:12.350+08:00","caller":"stat/usage.go:61","content":"CPU: 15m, MEMORY: Alloc=16.5Mi, TotalAlloc=1643.0Mi, Sys=30.8Mi, NumGC=269","level":"stat"}
{"@timestamp":"2025-02-16T10:25:13.407+08:00","caller":"load/sheddingstat.go:61","content":"(api) shedding_stat [1m], cpu: 15, total: 0, pass: 0, drop: 0","level":"stat"}
{"@timestamp":"2025-02-16T10:26:12.350+08:00","caller":"stat/usage.go:61","content":"CPU: 16m, MEMORY: Alloc=12.4Mi, TotalAlloc=1647.2Mi, Sys=30.8Mi, NumGC=270","level":"stat"}
{"@timestamp":"2025-02-16T10:26:13.405+08:00","caller":"load/sheddingstat.go:61","content":"(api) shedding_stat [1m], cpu: 16, total: 0, pass: 0, drop: 0","level":"stat"}
{"@timestamp":"2025-02-16T10:27:12.349+08:00","caller":"stat/usage.go:61","content":"CPU: 16m, MEMORY: Alloc=16.6Mi, TotalAlloc=1651.4Mi, Sys=30.8Mi, NumGC=270","level":"stat"}
{"@timestamp":"2025-02-16T10:27:13.406+08:00","caller":"load/sheddingstat.go:61","content":"(api) shedding_stat [1m], cpu: 16, total: 0, pass: 0, drop: 0","level":"stat"}
{"@timestamp":"2025-02-16T10:28:12.349+08:00","caller":"stat/usage.go:61","content":"CPU: 17m, MEMORY: Alloc=12.4Mi, TotalAlloc=1655.6Mi, Sys=30.8Mi, NumGC=271","level":"stat"}
{"@timestamp":"2025-02-16T10:28:13.406+08:00","caller":"load/sheddingstat.go:61","content":"(api) shedding_stat [1m], cpu: 17, total: 0, pass: 0, drop: 0","level":"stat"}
{"@timestamp":"2025-02-16T10:29:12.350+08:00","caller":"stat/usage.go:61","content":"CPU: 17m, MEMORY: Alloc=16.6Mi, TotalAlloc=1659.8Mi, Sys=30.8Mi, NumGC=271","level":"stat"}
{"@timestamp":"2025-02-16T10:29:13.406+08:00","caller":"load/sheddingstat.go:61","content":"(api) shedding_stat [1m], cpu: 17, total: 0, pass: 0, drop: 0","level":"stat"}
{"@timestamp":"2025-02-16T10:30:12.349+08:00","caller":"stat/usage.go:61","content":"CPU: 17m, MEMORY: Alloc=12.4Mi, TotalAlloc=1664.0Mi, Sys=30.8Mi, NumGC=272","level":"stat"}
{"@timestamp":"2025-02-16T10:30:13.406+08:00","caller":"load/sheddingstat.go:61","content":"(api) shedding_stat [1m], cpu: 18, total: 0, pass: 0, drop: 0","level":"stat"}
{"@timestamp":"2025-02-16T10:31:12.350+08:00","caller":"stat/usage.go:61","content":"CPU: 15m, MEMORY: Alloc=16.6Mi, TotalAlloc=1668.2Mi, Sys=30.8Mi, NumGC=272","level":"stat"}
{"@timestamp":"2025-02-16T10:31:13.406+08:00","caller":"load/sheddingstat.go:61","content":"(api) shedding_stat [1m], cpu: 16, total: 0, pass: 0, drop: 0","level":"stat"}
{"@timestamp":"2025-02-16T10:32:12.349+08:00","caller":"stat/usage.go:61","content":"CPU: 16m, MEMORY: Alloc=12.4Mi, TotalAlloc=1672.4Mi, Sys=30.8Mi, NumGC=273","level":"stat"}
{"@timestamp":"2025-02-16T10:32:13.406+08:00","caller":"load/sheddingstat.go:61","content":"(api) shedding_stat [1m], cpu: 17, total: 0, pass: 0, drop: 0","level":"stat"}
{"@timestamp":"2025-02-16T10:33:12.349+08:00","caller":"stat/usage.go:61","content":"CPU: 17m, MEMORY: Alloc=16.6Mi, TotalAlloc=1676.6Mi, Sys=30.8Mi, NumGC=273","level":"stat"}
{"@timestamp":"2025-02-16T10:33:13.406+08:00","caller":"load/sheddingstat.go:61","content":"(api) shedding_stat [1m], cpu: 17, total: 0, pass: 0, drop: 0","level":"stat"}
{"@timestamp":"2025-02-16T10:34:12.350+08:00","caller":"stat/usage.go:61","content":"CPU: 17m, MEMORY: Alloc=12.5Mi, TotalAlloc=1680.8Mi, Sys=30.8Mi, NumGC=274","level":"stat"}
{"@timestamp":"2025-02-16T10:34:13.405+08:00","caller":"load/sheddingstat.go:61","content":"(api) shedding_stat [1m], cpu: 17, total: 0, pass: 0, drop: 0","level":"stat"}
{"@timestamp":"2025-02-16T10:35:12.349+08:00","caller":"stat/usage.go:61","content":"CPU: 16m, MEMORY: Alloc=16.7Mi, TotalAlloc=1685.0Mi, Sys=30.8Mi, NumGC=274","level":"stat"}
{"@timestamp":"2025-02-16T10:35:13.406+08:00","caller":"load/sheddingstat.go:61","content":"(api) shedding_stat [1m], cpu: 16, total: 0, pass: 0, drop: 0","level":"stat"}
{"@timestamp":"2025-02-16T10:36:12.349+08:00","caller":"stat/usage.go:61","content":"CPU: 17m, MEMORY: Alloc=12.5Mi, TotalAlloc=1689.2Mi, Sys=30.8Mi, NumGC=275","level":"stat"}
{"@timestamp":"2025-02-16T10:36:13.406+08:00","caller":"load/sheddingstat.go:61","content":"(api) shedding_stat [1m], cpu: 17, total: 0, pass: 0, drop: 0","level":"stat"}
{"@timestamp":"2025-02-16T10:37:12.349+08:00","caller":"stat/usage.go:61","content":"CPU: 17m, MEMORY: Alloc=16.7Mi, TotalAlloc=1693.4Mi, Sys=30.8Mi, NumGC=275","level":"stat"}
{"@timestamp":"2025-02-16T10:37:13.406+08:00","caller":"load/sheddingstat.go:61","content":"(api) shedding_stat [1m], cpu: 17, total: 0, pass: 0, drop: 0","level":"stat"}
{"@timestamp":"2025-02-16T10:38:12.350+08:00","caller":"stat/usage.go:61","content":"CPU: 23m, MEMORY: Alloc=12.5Mi, TotalAlloc=1697.6Mi, Sys=30.8Mi, NumGC=276","level":"stat"}
{"@timestamp":"2025-02-16T10:38:13.407+08:00","caller":"load/sheddingstat.go:61","content":"(api) shedding_stat [1m], cpu: 22, total: 0, pass: 0, drop: 0","level":"stat"}
{"@timestamp":"2025-02-16T10:39:12.349+08:00","caller":"stat/usage.go:61","content":"CPU: 17m, MEMORY: Alloc=16.7Mi, TotalAlloc=1701.8Mi, Sys=30.8Mi, NumGC=276","level":"stat"}
{"@timestamp":"2025-02-16T10:39:13.406+08:00","caller":"load/sheddingstat.go:61","content":"(api) shedding_stat [1m], cpu: 17, total: 0, pass: 0, drop: 0","level":"stat"}
{"@timestamp":"2025-02-16T10:40:12.349+08:00","caller":"stat/usage.go:61","content":"CPU: 17m, MEMORY: Alloc=12.6Mi, TotalAlloc=1706.0Mi, Sys=30.8Mi, NumGC=277","level":"stat"}
{"@timestamp":"2025-02-16T10:40:13.406+08:00","caller":"load/sheddingstat.go:61","content":"(api) shedding_stat [1m], cpu: 17, total: 0, pass: 0, drop: 0","level":"stat"}
{"@timestamp":"2025-02-16T10:41:12.349+08:00","caller":"stat/usage.go:61","content":"CPU: 19m, MEMORY: Alloc=16.8Mi, TotalAlloc=1710.2Mi, Sys=30.8Mi, NumGC=277","level":"stat"}
{"@timestamp":"2025-02-16T10:41:13.406+08:00","caller":"load/sheddingstat.go:61","content":"(api) shedding_stat [1m], cpu: 19, total: 0, pass: 0, drop: 0","level":"stat"}
{"@timestamp":"2025-02-16T10:42:12.349+08:00","caller":"stat/usage.go:61","content":"CPU: 15m, MEMORY: Alloc=12.6Mi, TotalAlloc=1714.4Mi, Sys=30.8Mi, NumGC=278","level":"stat"}
{"@timestamp":"2025-02-16T10:42:13.406+08:00","caller":"load/sheddingstat.go:61","content":"(api) shedding_stat [1m], cpu: 17, total: 0, pass: 0, drop: 0","level":"stat"}
{"@timestamp":"2025-02-16T10:43:12.349+08:00","caller":"stat/usage.go:61","content":"CPU: 16m, MEMORY: Alloc=16.8Mi, TotalAlloc=1718.6Mi, Sys=30.8Mi, NumGC=278","level":"stat"}
{"@timestamp":"2025-02-16T10:43:13.406+08:00","caller":"load/sheddingstat.go:61","content":"(api) shedding_stat [1m], cpu: 18, total: 0, pass: 0, drop: 0","level":"stat"}
{"@timestamp":"2025-02-16T10:44:12.349+08:00","caller":"stat/usage.go:61","content":"CPU: 17m, MEMORY: Alloc=12.6Mi, TotalAlloc=1722.8Mi, Sys=30.8Mi, NumGC=279","level":"stat"}
{"@timestamp":"2025-02-16T10:44:13.406+08:00","caller":"load/sheddingstat.go:61","content":"(api) shedding_stat [1m], cpu: 19, total: 0, pass: 0, drop: 0","level":"stat"}
{"@timestamp":"2025-02-16T10:45:12.349+08:00","caller":"stat/usage.go:61","content":"CPU: 17m, MEMORY: Alloc=16.8Mi, TotalAlloc=1727.1Mi, Sys=30.8Mi, NumGC=279","level":"stat"}
{"@timestamp":"2025-02-16T10:45:13.406+08:00","caller":"load/sheddingstat.go:61","content":"(api) shedding_stat [1m], cpu: 17, total: 0, pass: 0, drop: 0","level":"stat"}
{"@timestamp":"2025-02-16T10:46:12.349+08:00","caller":"stat/usage.go:61","content":"CPU: 14m, MEMORY: Alloc=12.6Mi, TotalAlloc=1731.3Mi, Sys=30.8Mi, NumGC=280","level":"stat"}
{"@timestamp":"2025-02-16T10:46:13.406+08:00","caller":"load/sheddingstat.go:61","content":"(api) shedding_stat [1m], cpu: 14, total: 0, pass: 0, drop: 0","level":"stat"}
{"@timestamp":"2025-02-16T10:47:12.349+08:00","caller":"stat/usage.go:61","content":"CPU: 16m, MEMORY: Alloc=16.9Mi, TotalAlloc=1735.5Mi, Sys=30.8Mi, NumGC=280","level":"stat"}
{"@timestamp":"2025-02-16T10:47:13.406+08:00","caller":"load/sheddingstat.go:61","content":"(api) shedding_stat [1m], cpu: 16, total: 0, pass: 0, drop: 0","level":"stat"}
{"@timestamp":"2025-02-16T10:48:12.349+08:00","caller":"stat/usage.go:61","content":"CPU: 16m, MEMORY: Alloc=12.7Mi, TotalAlloc=1739.7Mi, Sys=30.8Mi, NumGC=281","level":"stat"}
{"@timestamp":"2025-02-16T10:48:13.406+08:00","caller":"load/sheddingstat.go:61","content":"(api) shedding_stat [1m], cpu: 16, total: 0, pass: 0, drop: 0","level":"stat"}
{"@timestamp":"2025-02-16T10:49:12.349+08:00","caller":"stat/usage.go:61","content":"CPU: 16m, MEMORY: Alloc=16.9Mi, TotalAlloc=1743.9Mi, Sys=30.8Mi, NumGC=281","level":"stat"}
{"@timestamp":"2025-02-16T10:49:13.406+08:00","caller":"load/sheddingstat.go:61","content":"(api) shedding_stat [1m], cpu: 16, total: 0, pass: 0, drop: 0","level":"stat"}
{"@timestamp":"2025-02-16T10:50:12.350+08:00","caller":"stat/usage.go:61","content":"CPU: 16m, MEMORY: Alloc=12.7Mi, TotalAlloc=1748.1Mi, Sys=30.8Mi, NumGC=282","level":"stat"}
{"@timestamp":"2025-02-16T10:50:13.406+08:00","caller":"load/sheddingstat.go:61","content":"(api) shedding_stat [1m], cpu: 16, total: 0, pass: 0, drop: 0","level":"stat"}
{"@timestamp":"2025-02-16T10:51:12.349+08:00","caller":"stat/usage.go:61","content":"CPU: 20m, MEMORY: Alloc=16.9Mi, TotalAlloc=1752.3Mi, Sys=30.8Mi, NumGC=282","level":"stat"}
{"@timestamp":"2025-02-16T10:51:13.406+08:00","caller":"load/sheddingstat.go:61","content":"(api) shedding_stat [1m], cpu: 20, total: 0, pass: 0, drop: 0","level":"stat"}
{"@timestamp":"2025-02-16T10:52:12.349+08:00","caller":"stat/usage.go:61","content":"CPU: 15m, MEMORY: Alloc=12.7Mi, TotalAlloc=1756.5Mi, Sys=30.8Mi, NumGC=283","level":"stat"}
{"@timestamp":"2025-02-16T10:52:13.406+08:00","caller":"load/sheddingstat.go:61","content":"(api) shedding_stat [1m], cpu: 15, total: 0, pass: 0, drop: 0","level":"stat"}
{"@timestamp":"2025-02-16T10:53:12.349+08:00","caller":"stat/usage.go:61","content":"CPU: 16m, MEMORY: Alloc=16.9Mi, TotalAlloc=1760.7Mi, Sys=30.8Mi, NumGC=283","level":"stat"}
{"@timestamp":"2025-02-16T10:53:13.406+08:00","caller":"load/sheddingstat.go:61","content":"(api) shedding_stat [1m], cpu: 16, total: 0, pass: 0, drop: 0","level":"stat"}
{"@timestamp":"2025-02-16T10:54:12.349+08:00","caller":"stat/usage.go:61","content":"CPU: 17m, MEMORY: Alloc=12.8Mi, TotalAlloc=1764.9Mi, Sys=30.8Mi, NumGC=284","level":"stat"}
{"@timestamp":"2025-02-16T10:54:13.407+08:00","caller":"load/sheddingstat.go:61","content":"(api) shedding_stat [1m], cpu: 18, total: 0, pass: 0, drop: 0","level":"stat"}
{"@timestamp":"2025-02-16T10:55:12.349+08:00","caller":"stat/usage.go:61","content":"CPU: 17m, MEMORY: Alloc=17.0Mi, TotalAlloc=1769.1Mi, Sys=30.8Mi, NumGC=284","level":"stat"}
{"@timestamp":"2025-02-16T10:55:13.407+08:00","caller":"load/sheddingstat.go:61","content":"(api) shedding_stat [1m], cpu: 17, total: 0, pass: 0, drop: 0","level":"stat"}
{"@timestamp":"2025-02-16T10:56:12.349+08:00","caller":"stat/usage.go:61","content":"CPU: 17m, MEMORY: Alloc=12.8Mi, TotalAlloc=1773.3Mi, Sys=30.8Mi, NumGC=285","level":"stat"}
{"@timestamp":"2025-02-16T10:56:13.406+08:00","caller":"load/sheddingstat.go:61","content":"(api) shedding_stat [1m], cpu: 17, total: 0, pass: 0, drop: 0","level":"stat"}
{"@timestamp":"2025-02-16T10:57:12.350+08:00","caller":"stat/usage.go:61","content":"CPU: 15m, MEMORY: Alloc=17.0Mi, TotalAlloc=1777.5Mi, Sys=30.8Mi, NumGC=285","level":"stat"}
{"@timestamp":"2025-02-16T10:57:13.405+08:00","caller":"load/sheddingstat.go:61","content":"(api) shedding_stat [1m], cpu: 15, total: 0, pass: 0, drop: 0","level":"stat"}
{"@timestamp":"2025-02-16T10:58:12.349+08:00","caller":"stat/usage.go:61","content":"CPU: 16m, MEMORY: Alloc=12.8Mi, TotalAlloc=1781.7Mi, Sys=30.8Mi, NumGC=286","level":"stat"}
{"@timestamp":"2025-02-16T10:58:13.407+08:00","caller":"load/sheddingstat.go:61","content":"(api) shedding_stat [1m], cpu: 16, total: 0, pass: 0, drop: 0","level":"stat"}
{"@timestamp":"2025-02-16T10:59:12.349+08:00","caller":"stat/usage.go:61","content":"CPU: 16m, MEMORY: Alloc=17.0Mi, TotalAlloc=1785.9Mi, Sys=30.8Mi, NumGC=286","level":"stat"}
{"@timestamp":"2025-02-16T10:59:13.406+08:00","caller":"load/sheddingstat.go:61","content":"(api) shedding_stat [1m], cpu: 16, total: 0, pass: 0, drop: 0","level":"stat"}
{"@timestamp":"2025-02-16T11:00:12.349+08:00","caller":"stat/usage.go:61","content":"CPU: 16m, MEMORY: Alloc=12.9Mi, TotalAlloc=1790.1Mi, Sys=30.8Mi, NumGC=287","level":"stat"}
{"@timestamp":"2025-02-16T11:00:13.406+08:00","caller":"load/sheddingstat.go:61","content":"(api) shedding_stat [1m], cpu: 17, total: 0, pass: 0, drop: 0","level":"stat"}
{"@timestamp":"2025-02-16T11:01:12.350+08:00","caller":"stat/usage.go:61","content":"CPU: 17m, MEMORY: Alloc=17.1Mi, TotalAlloc=1794.3Mi, Sys=30.8Mi, NumGC=287","level":"stat"}
{"@timestamp":"2025-02-16T11:01:13.406+08:00","caller":"load/sheddingstat.go:61","content":"(api) shedding_stat [1m], cpu: 18, total: 0, pass: 0, drop: 0","level":"stat"}
{"@timestamp":"2025-02-16T11:02:12.349+08:00","caller":"stat/usage.go:61","content":"CPU: 17m, MEMORY: Alloc=12.9Mi, TotalAlloc=1798.5Mi, Sys=30.8Mi, NumGC=288","level":"stat"}
{"@timestamp":"2025-02-16T11:02:13.406+08:00","caller":"load/sheddingstat.go:61","content":"(api) shedding_stat [1m], cpu: 17, total: 0, pass: 0, drop: 0","level":"stat"}
{"@timestamp":"2025-02-16T11:03:12.349+08:00","caller":"stat/usage.go:61","content":"CPU: 17m, MEMORY: Alloc=17.1Mi, TotalAlloc=1802.7Mi, Sys=30.8Mi, NumGC=288","level":"stat"}
{"@timestamp":"2025-02-16T11:03:13.407+08:00","caller":"load/sheddingstat.go:61","content":"(api) shedding_stat [1m], cpu: 17, total: 0, pass: 0, drop: 0","level":"stat"}
{"@timestamp":"2025-02-16T11:04:12.350+08:00","caller":"stat/usage.go:61","content":"CPU: 23m, MEMORY: Alloc=12.9Mi, TotalAlloc=1806.9Mi, Sys=30.8Mi, NumGC=289","level":"stat"}
{"@timestamp":"2025-02-16T11:04:13.406+08:00","caller":"load/sheddingstat.go:61","content":"(api) shedding_stat [1m], cpu: 22, total: 0, pass: 0, drop: 0","level":"stat"}
{"@timestamp":"2025-02-16T11:05:12.349+08:00","caller":"stat/usage.go:61","content":"CPU: 16m, MEMORY: Alloc=17.1Mi, TotalAlloc=1811.1Mi, Sys=30.8Mi, NumGC=289","level":"stat"}
{"@timestamp":"2025-02-16T11:05:13.406+08:00","caller":"load/sheddingstat.go:61","content":"(api) shedding_stat [1m], cpu: 16, total: 0, pass: 0, drop: 0","level":"stat"}
{"@timestamp":"2025-02-16T11:06:12.349+08:00","caller":"stat/usage.go:61","content":"CPU: 16m, MEMORY: Alloc=12.9Mi, TotalAlloc=1815.3Mi, Sys=30.8Mi, NumGC=290","level":"stat"}
{"@timestamp":"2025-02-16T11:06:13.406+08:00","caller":"load/sheddingstat.go:61","content":"(api) shedding_stat [1m], cpu: 16, total: 0, pass: 0, drop: 0","level":"stat"}
{"@timestamp":"2025-02-16T11:07:12.350+08:00","caller":"stat/usage.go:61","content":"CPU: 17m, MEMORY: Alloc=17.2Mi, TotalAlloc=1819.5Mi, Sys=30.8Mi, NumGC=290","level":"stat"}
{"@timestamp":"2025-02-16T11:07:13.406+08:00","caller":"load/sheddingstat.go:61","content":"(api) shedding_stat [1m], cpu: 17, total: 0, pass: 0, drop: 0","level":"stat"}
{"@timestamp":"2025-02-16T11:08:12.349+08:00","caller":"stat/usage.go:61","content":"CPU: 16m, MEMORY: Alloc=13.0Mi, TotalAlloc=1823.7Mi, Sys=30.8Mi, NumGC=291","level":"stat"}
{"@timestamp":"2025-02-16T11:08:13.406+08:00","caller":"load/sheddingstat.go:61","content":"(api) shedding_stat [1m], cpu: 16, total: 0, pass: 0, drop: 0","level":"stat"}
{"@timestamp":"2025-02-16T11:09:12.349+08:00","caller":"stat/usage.go:61","content":"CPU: 17m, MEMORY: Alloc=17.2Mi, TotalAlloc=1827.9Mi, Sys=30.8Mi, NumGC=291","level":"stat"}
{"@timestamp":"2025-02-16T11:09:13.406+08:00","caller":"load/sheddingstat.go:61","content":"(api) shedding_stat [1m], cpu: 17, total: 0, pass: 0, drop: 0","level":"stat"}
{"@timestamp":"2025-02-16T11:10:12.350+08:00","caller":"stat/usage.go:61","content":"CPU: 17m, MEMORY: Alloc=13.0Mi, TotalAlloc=1832.1Mi, Sys=30.8Mi, NumGC=292","level":"stat"}
{"@timestamp":"2025-02-16T11:10:13.406+08:00","caller":"load/sheddingstat.go:61","content":"(api) shedding_stat [1m], cpu: 17, total: 0, pass: 0, drop: 0","level":"stat"}
{"@timestamp":"2025-02-16T11:11:12.349+08:00","caller":"stat/usage.go:61","content":"CPU: 17m, MEMORY: Alloc=17.2Mi, TotalAlloc=1836.3Mi, Sys=30.8Mi, NumGC=292","level":"stat"}
{"@timestamp":"2025-02-16T11:11:13.407+08:00","caller":"load/sheddingstat.go:61","content":"(api) shedding_stat [1m], cpu: 18, total: 0, pass: 0, drop: 0","level":"stat"}
{"@timestamp":"2025-02-16T11:12:12.349+08:00","caller":"stat/usage.go:61","content":"CPU: 18m, MEMORY: Alloc=13.0Mi, TotalAlloc=1840.5Mi, Sys=30.8Mi, NumGC=293","level":"stat"}
{"@timestamp":"2025-02-16T11:12:13.406+08:00","caller":"load/sheddingstat.go:61","content":"(api) shedding_stat [1m], cpu: 18, total: 0, pass: 0, drop: 0","level":"stat"}
{"@timestamp":"2025-02-16T11:13:12.349+08:00","caller":"stat/usage.go:61","content":"CPU: 18m, MEMORY: Alloc=17.2Mi, TotalAlloc=1844.7Mi, Sys=30.8Mi, NumGC=293","level":"stat"}
{"@timestamp":"2025-02-16T11:13:13.405+08:00","caller":"load/sheddingstat.go:61","content":"(api) shedding_stat [1m], cpu: 18, total: 0, pass: 0, drop: 0","level":"stat"}
{"@timestamp":"2025-02-16T11:14:12.349+08:00","caller":"stat/usage.go:61","content":"CPU: 18m, MEMORY: Alloc=13.1Mi, TotalAlloc=1848.9Mi, Sys=30.8Mi, NumGC=294","level":"stat"}
{"@timestamp":"2025-02-16T11:14:13.406+08:00","caller":"load/sheddingstat.go:61","content":"(api) shedding_stat [1m], cpu: 18, total: 0, pass: 0, drop: 0","level":"stat"}
{"@timestamp":"2025-02-16T11:15:12.349+08:00","caller":"stat/usage.go:61","content":"CPU: 16m, MEMORY: Alloc=17.3Mi, TotalAlloc=1853.1Mi, Sys=30.8Mi, NumGC=294","level":"stat"}
{"@timestamp":"2025-02-16T11:15:13.406+08:00","caller":"load/sheddingstat.go:61","content":"(api) shedding_stat [1m], cpu: 16, total: 0, pass: 0, drop: 0","level":"stat"}
{"@timestamp":"2025-02-16T11:16:12.349+08:00","caller":"stat/usage.go:61","content":"CPU: 18m, MEMORY: Alloc=13.1Mi, TotalAlloc=1857.3Mi, Sys=30.8Mi, NumGC=295","level":"stat"}
{"@timestamp":"2025-02-16T11:16:13.407+08:00","caller":"load/sheddingstat.go:61","content":"(api) shedding_stat [1m], cpu: 18, total: 0, pass: 0, drop: 0","level":"stat"}
{"@timestamp":"2025-02-16T11:17:12.349+08:00","caller":"stat/usage.go:61","content":"CPU: 28m, MEMORY: Alloc=17.3Mi, TotalAlloc=1861.5Mi, Sys=30.8Mi, NumGC=295","level":"stat"}
{"@timestamp":"2025-02-16T11:17:13.406+08:00","caller":"load/sheddingstat.go:61","content":"(api) shedding_stat [1m], cpu: 26, total: 0, pass: 0, drop: 0","level":"stat"}
{"@timestamp":"2025-02-16T11:18:12.349+08:00","caller":"stat/usage.go:61","content":"CPU: 16m, MEMORY: Alloc=13.1Mi, TotalAlloc=1865.7Mi, Sys=30.8Mi, NumGC=296","level":"stat"}
{"@timestamp":"2025-02-16T11:18:13.406+08:00","caller":"load/sheddingstat.go:61","content":"(api) shedding_stat [1m], cpu: 18, total: 0, pass: 0, drop: 0","level":"stat"}
{"@timestamp":"2025-02-16T11:19:12.349+08:00","caller":"stat/usage.go:61","content":"CPU: 16m, MEMORY: Alloc=17.3Mi, TotalAlloc=1869.9Mi, Sys=30.8Mi, NumGC=296","level":"stat"}
{"@timestamp":"2025-02-16T11:19:13.407+08:00","caller":"load/sheddingstat.go:61","content":"(api) shedding_stat [1m], cpu: 18, total: 0, pass: 0, drop: 0","level":"stat"}
{"@timestamp":"2025-02-16T11:20:12.349+08:00","caller":"stat/usage.go:61","content":"CPU: 16m, MEMORY: Alloc=13.2Mi, TotalAlloc=1874.1Mi, Sys=30.8Mi, NumGC=297","level":"stat"}
{"@timestamp":"2025-02-16T11:20:13.407+08:00","caller":"load/sheddingstat.go:61","content":"(api) shedding_stat [1m], cpu: 18, total: 0, pass: 0, drop: 0","level":"stat"}
{"@timestamp":"2025-02-16T11:21:12.349+08:00","caller":"stat/usage.go:61","content":"CPU: 17m, MEMORY: Alloc=17.4Mi, TotalAlloc=1878.3Mi, Sys=30.8Mi, NumGC=297","level":"stat"}
{"@timestamp":"2025-02-16T11:21:13.406+08:00","caller":"load/sheddingstat.go:61","content":"(api) shedding_stat [1m], cpu: 17, total: 0, pass: 0, drop: 0","level":"stat"}
{"@timestamp":"2025-02-16T11:22:12.349+08:00","caller":"stat/usage.go:61","content":"CPU: 15m, MEMORY: Alloc=13.2Mi, TotalAlloc=1882.5Mi, Sys=30.8Mi, NumGC=298","level":"stat"}
{"@timestamp":"2025-02-16T11:22:13.406+08:00","caller":"load/sheddingstat.go:61","content":"(api) shedding_stat [1m], cpu: 15, total: 0, pass: 0, drop: 0","level":"stat"}
{"@timestamp":"2025-02-16T11:23:12.349+08:00","caller":"stat/usage.go:61","content":"CPU: 16m, MEMORY: Alloc=17.4Mi, TotalAlloc=1886.7Mi, Sys=30.8Mi, NumGC=298","level":"stat"}
{"@timestamp":"2025-02-16T11:23:13.406+08:00","caller":"load/sheddingstat.go:61","content":"(api) shedding_stat [1m], cpu: 16, total: 0, pass: 0, drop: 0","level":"stat"}
{"@timestamp":"2025-02-16T11:24:12.349+08:00","caller":"stat/usage.go:61","content":"CPU: 16m, MEMORY: Alloc=13.2Mi, TotalAlloc=1890.9Mi, Sys=30.8Mi, NumGC=299","level":"stat"}
{"@timestamp":"2025-02-16T11:24:13.406+08:00","caller":"load/sheddingstat.go:61","content":"(api) shedding_stat [1m], cpu: 17, total: 0, pass: 0, drop: 0","level":"stat"}
{"@timestamp":"2025-02-16T11:25:12.349+08:00","caller":"stat/usage.go:61","content":"CPU: 14m, MEMORY: Alloc=17.4Mi, TotalAlloc=1895.1Mi, Sys=30.8Mi, NumGC=299","level":"stat"}
{"@timestamp":"2025-02-16T11:25:13.405+08:00","caller":"load/sheddingstat.go:61","content":"(api) shedding_stat [1m], cpu: 14, total: 0, pass: 0, drop: 0","level":"stat"}
{"@timestamp":"2025-02-16T11:26:12.349+08:00","caller":"stat/usage.go:61","content":"CPU: 17m, MEMORY: Alloc=13.2Mi, TotalAlloc=1899.3Mi, Sys=30.8Mi, NumGC=300","level":"stat"}
{"@timestamp":"2025-02-16T11:26:13.406+08:00","caller":"load/sheddingstat.go:61","content":"(api) shedding_stat [1m], cpu: 17, total: 0, pass: 0, drop: 0","level":"stat"}
{"@timestamp":"2025-02-16T11:27:12.349+08:00","caller":"stat/usage.go:61","content":"CPU: 16m, MEMORY: Alloc=17.5Mi, TotalAlloc=1903.5Mi, Sys=30.8Mi, NumGC=300","level":"stat"}
{"@timestamp":"2025-02-16T11:27:13.406+08:00","caller":"load/sheddingstat.go:61","content":"(api) shedding_stat [1m], cpu: 17, total: 0, pass: 0, drop: 0","level":"stat"}
{"@timestamp":"2025-02-16T11:28:12.349+08:00","caller":"stat/usage.go:61","content":"CPU: 16m, MEMORY: Alloc=13.3Mi, TotalAlloc=1907.7Mi, Sys=30.8Mi, NumGC=301","level":"stat"}
{"@timestamp":"2025-02-16T11:28:13.406+08:00","caller":"load/sheddingstat.go:61","content":"(api) shedding_stat [1m], cpu: 16, total: 0, pass: 0, drop: 0","level":"stat"}
{"@timestamp":"2025-02-16T11:29:12.349+08:00","caller":"stat/usage.go:61","content":"CPU: 16m, MEMORY: Alloc=17.5Mi, TotalAlloc=1911.9Mi, Sys=30.8Mi, NumGC=301","level":"stat"}
{"@timestamp":"2025-02-16T11:29:13.407+08:00","caller":"load/sheddingstat.go:61","content":"(api) shedding_stat [1m], cpu: 16, total: 0, pass: 0, drop: 0","level":"stat"}
{"@timestamp":"2025-02-16T11:30:12.349+08:00","caller":"stat/usage.go:61","content":"CPU: 21m, MEMORY: Alloc=13.3Mi, TotalAlloc=1916.1Mi, Sys=30.8Mi, NumGC=302","level":"stat"}
{"@timestamp":"2025-02-16T11:30:13.405+08:00","caller":"load/sheddingstat.go:61","content":"(api) shedding_stat [1m], cpu: 20, total: 0, pass: 0, drop: 0","level":"stat"}
{"@timestamp":"2025-02-16T11:31:12.349+08:00","caller":"stat/usage.go:61","content":"CPU: 17m, MEMORY: Alloc=17.5Mi, TotalAlloc=1920.3Mi, Sys=30.8Mi, NumGC=302","level":"stat"}
{"@timestamp":"2025-02-16T11:31:13.406+08:00","caller":"load/sheddingstat.go:61","content":"(api) shedding_stat [1m], cpu: 17, total: 0, pass: 0, drop: 0","level":"stat"}
{"@timestamp":"2025-02-16T11:32:12.349+08:00","caller":"stat/usage.go:61","content":"CPU: 16m, MEMORY: Alloc=13.3Mi, TotalAlloc=1924.5Mi, Sys=30.8Mi, NumGC=303","level":"stat"}
{"@timestamp":"2025-02-16T11:32:13.406+08:00","caller":"load/sheddingstat.go:61","content":"(api) shedding_stat [1m], cpu: 17, total: 0, pass: 0, drop: 0","level":"stat"}
{"@timestamp":"2025-02-16T11:33:12.349+08:00","caller":"stat/usage.go:61","content":"CPU: 17m, MEMORY: Alloc=17.5Mi, TotalAlloc=1928.7Mi, Sys=30.8Mi, NumGC=303","level":"stat"}
{"@timestamp":"2025-02-16T11:33:13.406+08:00","caller":"load/sheddingstat.go:61","content":"(api) shedding_stat [1m], cpu: 17, total: 0, pass: 0, drop: 0","level":"stat"}
{"@timestamp":"2025-02-16T11:34:12.349+08:00","caller":"stat/usage.go:61","content":"CPU: 15m, MEMORY: Alloc=13.4Mi, TotalAlloc=1932.9Mi, Sys=30.8Mi, NumGC=304","level":"stat"}
{"@timestamp":"2025-02-16T11:34:13.406+08:00","caller":"load/sheddingstat.go:61","content":"(api) shedding_stat [1m], cpu: 15, total: 0, pass: 0, drop: 0","level":"stat"}
{"@timestamp":"2025-02-16T11:35:12.349+08:00","caller":"stat/usage.go:61","content":"CPU: 15m, MEMORY: Alloc=17.6Mi, TotalAlloc=1937.1Mi, Sys=30.8Mi, NumGC=304","level":"stat"}
{"@timestamp":"2025-02-16T11:35:13.406+08:00","caller":"load/sheddingstat.go:61","content":"(api) shedding_stat [1m], cpu: 15, total: 0, pass: 0, drop: 0","level":"stat"}
{"@timestamp":"2025-02-16T11:36:12.350+08:00","caller":"stat/usage.go:61","content":"CPU: 16m, MEMORY: Alloc=13.4Mi, TotalAlloc=1941.3Mi, Sys=30.8Mi, NumGC=305","level":"stat"}
{"@timestamp":"2025-02-16T11:36:13.406+08:00","caller":"load/sheddingstat.go:61","content":"(api) shedding_stat [1m], cpu: 16, total: 0, pass: 0, drop: 0","level":"stat"}
{"@timestamp":"2025-02-16T11:37:12.349+08:00","caller":"stat/usage.go:61","content":"CPU: 17m, MEMORY: Alloc=17.6Mi, TotalAlloc=1945.5Mi, Sys=30.8Mi, NumGC=305","level":"stat"}
{"@timestamp":"2025-02-16T11:37:13.406+08:00","caller":"load/sheddingstat.go:61","content":"(api) shedding_stat [1m], cpu: 17, total: 0, pass: 0, drop: 0","level":"stat"}
{"@timestamp":"2025-02-16T11:38:12.350+08:00","caller":"stat/usage.go:61","content":"CPU: 16m, MEMORY: Alloc=13.4Mi, TotalAlloc=1949.7Mi, Sys=30.8Mi, NumGC=306","level":"stat"}
{"@timestamp":"2025-02-16T11:38:13.406+08:00","caller":"load/sheddingstat.go:61","content":"(api) shedding_stat [1m], cpu: 16, total: 0, pass: 0, drop: 0","level":"stat"}
{"@timestamp":"2025-02-16T11:39:12.349+08:00","caller":"stat/usage.go:61","content":"CPU: 16m, MEMORY: Alloc=17.6Mi, TotalAlloc=1953.9Mi, Sys=30.8Mi, NumGC=306","level":"stat"}
{"@timestamp":"2025-02-16T11:39:13.406+08:00","caller":"load/sheddingstat.go:61","content":"(api) shedding_stat [1m], cpu: 16, total: 0, pass: 0, drop: 0","level":"stat"}
{"@timestamp":"2025-02-16T11:40:12.350+08:00","caller":"stat/usage.go:61","content":"CPU: 17m, MEMORY: Alloc=13.5Mi, TotalAlloc=1958.1Mi, Sys=30.8Mi, NumGC=307","level":"stat"}
{"@timestamp":"2025-02-16T11:40:13.406+08:00","caller":"load/sheddingstat.go:61","content":"(api) shedding_stat [1m], cpu: 17, total: 0, pass: 0, drop: 0","level":"stat"}
{"@timestamp":"2025-02-16T11:41:12.349+08:00","caller":"stat/usage.go:61","content":"CPU: 16m, MEMORY: Alloc=17.7Mi, TotalAlloc=1962.3Mi, Sys=30.8Mi, NumGC=307","level":"stat"}
{"@timestamp":"2025-02-16T11:41:13.406+08:00","caller":"load/sheddingstat.go:61","content":"(api) shedding_stat [1m], cpu: 16, total: 0, pass: 0, drop: 0","level":"stat"}
{"@timestamp":"2025-02-16T11:42:12.349+08:00","caller":"stat/usage.go:61","content":"CPU: 17m, MEMORY: Alloc=13.5Mi, TotalAlloc=1966.5Mi, Sys=30.8Mi, NumGC=308","level":"stat"}
{"@timestamp":"2025-02-16T11:42:13.405+08:00","caller":"load/sheddingstat.go:61","content":"(api) shedding_stat [1m], cpu: 17, total: 0, pass: 0, drop: 0","level":"stat"}
{"@timestamp":"2025-02-16T11:43:12.349+08:00","caller":"stat/usage.go:61","content":"CPU: 23m, MEMORY: Alloc=17.7Mi, TotalAlloc=1970.7Mi, Sys=30.8Mi, NumGC=308","level":"stat"}
{"@timestamp":"2025-02-16T11:43:13.406+08:00","caller":"load/sheddingstat.go:61","content":"(api) shedding_stat [1m], cpu: 21, total: 0, pass: 0, drop: 0","level":"stat"}
{"@timestamp":"2025-02-16T11:44:12.349+08:00","caller":"stat/usage.go:61","content":"CPU: 17m, MEMORY: Alloc=13.5Mi, TotalAlloc=1974.9Mi, Sys=30.8Mi, NumGC=309","level":"stat"}
{"@timestamp":"2025-02-16T11:44:13.406+08:00","caller":"load/sheddingstat.go:61","content":"(api) shedding_stat [1m], cpu: 17, total: 0, pass: 0, drop: 0","level":"stat"}
{"@timestamp":"2025-02-16T11:45:12.350+08:00","caller":"stat/usage.go:61","content":"CPU: 18m, MEMORY: Alloc=17.7Mi, TotalAlloc=1979.1Mi, Sys=30.8Mi, NumGC=309","level":"stat"}
{"@timestamp":"2025-02-16T11:45:13.406+08:00","caller":"load/sheddingstat.go:61","content":"(api) shedding_stat [1m], cpu: 18, total: 0, pass: 0, drop: 0","level":"stat"}
{"@timestamp":"2025-02-16T11:46:12.349+08:00","caller":"stat/usage.go:61","content":"CPU: 18m, MEMORY: Alloc=13.5Mi, TotalAlloc=1983.3Mi, Sys=30.8Mi, NumGC=310","level":"stat"}
{"@timestamp":"2025-02-16T11:46:13.406+08:00","caller":"load/sheddingstat.go:61","content":"(api) shedding_stat [1m], cpu: 18, total: 0, pass: 0, drop: 0","level":"stat"}
{"@timestamp":"2025-02-16T11:47:12.349+08:00","caller":"stat/usage.go:61","content":"CPU: 18m, MEMORY: Alloc=17.8Mi, TotalAlloc=1987.6Mi, Sys=30.8Mi, NumGC=310","level":"stat"}
{"@timestamp":"2025-02-16T11:47:13.406+08:00","caller":"load/sheddingstat.go:61","content":"(api) shedding_stat [1m], cpu: 18, total: 0, pass: 0, drop: 0","level":"stat"}
{"@timestamp":"2025-02-16T11:48:12.350+08:00","caller":"stat/usage.go:61","content":"CPU: 15m, MEMORY: Alloc=13.6Mi, TotalAlloc=1991.8Mi, Sys=30.8Mi, NumGC=311","level":"stat"}
{"@timestamp":"2025-02-16T11:48:13.406+08:00","caller":"load/sheddingstat.go:61","content":"(api) shedding_stat [1m], cpu: 15, total: 0, pass: 0, drop: 0","level":"stat"}
{"@timestamp":"2025-02-16T11:49:12.350+08:00","caller":"stat/usage.go:61","content":"CPU: 18m, MEMORY: Alloc=17.8Mi, TotalAlloc=1996.0Mi, Sys=30.8Mi, NumGC=311","level":"stat"}
{"@timestamp":"2025-02-16T11:49:13.406+08:00","caller":"load/sheddingstat.go:61","content":"(api) shedding_stat [1m], cpu: 18, total: 0, pass: 0, drop: 0","level":"stat"}
{"@timestamp":"2025-02-16T11:50:12.350+08:00","caller":"stat/usage.go:61","content":"CPU: 17m, MEMORY: Alloc=13.6Mi, TotalAlloc=2000.2Mi, Sys=30.8Mi, NumGC=312","level":"stat"}
{"@timestamp":"2025-02-16T11:50:13.406+08:00","caller":"load/sheddingstat.go:61","content":"(api) shedding_stat [1m], cpu: 18, total: 0, pass: 0, drop: 0","level":"stat"}
{"@timestamp":"2025-02-16T11:51:12.349+08:00","caller":"stat/usage.go:61","content":"CPU: 18m, MEMORY: Alloc=17.8Mi, TotalAlloc=2004.4Mi, Sys=30.8Mi, NumGC=312","level":"stat"}
{"@timestamp":"2025-02-16T11:51:13.407+08:00","caller":"load/sheddingstat.go:61","content":"(api) shedding_stat [1m], cpu: 21, total: 0, pass: 0, drop: 0","level":"stat"}
{"@timestamp":"2025-02-16T11:52:12.349+08:00","caller":"stat/usage.go:61","content":"CPU: 18m, MEMORY: Alloc=13.6Mi, TotalAlloc=2008.6Mi, Sys=30.8Mi, NumGC=313","level":"stat"}
{"@timestamp":"2025-02-16T11:52:13.406+08:00","caller":"load/sheddingstat.go:61","content":"(api) shedding_stat [1m], cpu: 18, total: 0, pass: 0, drop: 0","level":"stat"}
{"@timestamp":"2025-02-16T11:53:12.349+08:00","caller":"stat/usage.go:61","content":"CPU: 15m, MEMORY: Alloc=17.8Mi, TotalAlloc=2012.8Mi, Sys=30.8Mi, NumGC=313","level":"stat"}
{"@timestamp":"2025-02-16T11:53:13.406+08:00","caller":"load/sheddingstat.go:61","content":"(api) shedding_stat [1m], cpu: 17, total: 0, pass: 0, drop: 0","level":"stat"}
{"@timestamp":"2025-02-16T11:54:12.349+08:00","caller":"stat/usage.go:61","content":"CPU: 15m, MEMORY: Alloc=13.7Mi, TotalAlloc=2017.0Mi, Sys=30.8Mi, NumGC=314","level":"stat"}
{"@timestamp":"2025-02-16T11:54:13.406+08:00","caller":"load/sheddingstat.go:61","content":"(api) shedding_stat [1m], cpu: 17, total: 0, pass: 0, drop: 0","level":"stat"}
{"@timestamp":"2025-02-16T11:55:12.349+08:00","caller":"stat/usage.go:61","content":"CPU: 16m, MEMORY: Alloc=17.9Mi, TotalAlloc=2021.2Mi, Sys=30.8Mi, NumGC=314","level":"stat"}
{"@timestamp":"2025-02-16T11:55:13.407+08:00","caller":"load/sheddingstat.go:61","content":"(api) shedding_stat [1m], cpu: 18, total: 0, pass: 0, drop: 0","level":"stat"}
{"@timestamp":"2025-02-16T11:56:12.349+08:00","caller":"stat/usage.go:61","content":"CPU: 21m, MEMORY: Alloc=13.7Mi, TotalAlloc=2025.4Mi, Sys=30.8Mi, NumGC=315","level":"stat"}
{"@timestamp":"2025-02-16T11:56:13.406+08:00","caller":"load/sheddingstat.go:61","content":"(api) shedding_stat [1m], cpu: 21, total: 0, pass: 0, drop: 0","level":"stat"}
{"@timestamp":"2025-02-16T11:57:12.349+08:00","caller":"stat/usage.go:61","content":"CPU: 17m, MEMORY: Alloc=17.9Mi, TotalAlloc=2029.6Mi, Sys=30.8Mi, NumGC=315","level":"stat"}
{"@timestamp":"2025-02-16T11:57:13.407+08:00","caller":"load/sheddingstat.go:61","content":"(api) shedding_stat [1m], cpu: 17, total: 0, pass: 0, drop: 0","level":"stat"}
{"@timestamp":"2025-02-16T11:58:12.350+08:00","caller":"stat/usage.go:61","content":"CPU: 17m, MEMORY: Alloc=13.7Mi, TotalAlloc=2033.8Mi, Sys=30.8Mi, NumGC=316","level":"stat"}
{"@timestamp":"2025-02-16T11:58:13.406+08:00","caller":"load/sheddingstat.go:61","content":"(api) shedding_stat [1m], cpu: 17, total: 0, pass: 0, drop: 0","level":"stat"}
{"@timestamp":"2025-02-16T11:59:12.349+08:00","caller":"stat/usage.go:61","content":"CPU: 17m, MEMORY: Alloc=17.9Mi, TotalAlloc=2038.0Mi, Sys=30.8Mi, NumGC=316","level":"stat"}
{"@timestamp":"2025-02-16T11:59:13.405+08:00","caller":"load/sheddingstat.go:61","content":"(api) shedding_stat [1m], cpu: 17, total: 0, pass: 0, drop: 0","level":"stat"}
{"@timestamp":"2025-02-16T12:00:12.349+08:00","caller":"stat/usage.go:61","content":"CPU: 17m, MEMORY: Alloc=13.8Mi, TotalAlloc=2042.2Mi, Sys=31.1Mi, NumGC=317","level":"stat"}
{"@timestamp":"2025-02-16T12:00:13.406+08:00","caller":"load/sheddingstat.go:61","content":"(api) shedding_stat [1m], cpu: 18, total: 0, pass: 0, drop: 0","level":"stat"}
{"@timestamp":"2025-02-16T12:01:12.349+08:00","caller":"stat/usage.go:61","content":"CPU: 16m, MEMORY: Alloc=18.0Mi, TotalAlloc=2046.4Mi, Sys=31.1Mi, NumGC=317","level":"stat"}
{"@timestamp":"2025-02-16T12:01:13.406+08:00","caller":"load/sheddingstat.go:61","content":"(api) shedding_stat [1m], cpu: 16, total: 0, pass: 0, drop: 0","level":"stat"}
{"@timestamp":"2025-02-16T12:02:12.349+08:00","caller":"stat/usage.go:61","content":"CPU: 16m, MEMORY: Alloc=13.8Mi, TotalAlloc=2050.6Mi, Sys=31.1Mi, NumGC=318","level":"stat"}
{"@timestamp":"2025-02-16T12:02:13.406+08:00","caller":"load/sheddingstat.go:61","content":"(api) shedding_stat [1m], cpu: 16, total: 0, pass: 0, drop: 0","level":"stat"}
{"@timestamp":"2025-02-16T12:03:12.349+08:00","caller":"stat/usage.go:61","content":"CPU: 17m, MEMORY: Alloc=18.0Mi, TotalAlloc=2054.8Mi, Sys=31.1Mi, NumGC=318","level":"stat"}
{"@timestamp":"2025-02-16T12:03:13.406+08:00","caller":"load/sheddingstat.go:61","content":"(api) shedding_stat [1m], cpu: 17, total: 0, pass: 0, drop: 0","level":"stat"}
{"@timestamp":"2025-02-16T12:04:12.349+08:00","caller":"stat/usage.go:61","content":"CPU: 16m, MEMORY: Alloc=13.8Mi, TotalAlloc=2059.0Mi, Sys=35.1Mi, NumGC=319","level":"stat"}
{"@timestamp":"2025-02-16T12:04:13.406+08:00","caller":"load/sheddingstat.go:61","content":"(api) shedding_stat [1m], cpu: 16, total: 0, pass: 0, drop: 0","level":"stat"}
{"@timestamp":"2025-02-16T12:05:12.349+08:00","caller":"stat/usage.go:61","content":"CPU: 17m, MEMORY: Alloc=18.0Mi, TotalAlloc=2063.2Mi, Sys=35.1Mi, NumGC=319","level":"stat"}
{"@timestamp":"2025-02-16T12:05:13.405+08:00","caller":"load/sheddingstat.go:61","content":"(api) shedding_stat [1m], cpu: 17, total: 0, pass: 0, drop: 0","level":"stat"}
{"@timestamp":"2025-02-16T12:06:12.349+08:00","caller":"stat/usage.go:61","content":"CPU: 16m, MEMORY: Alloc=13.8Mi, TotalAlloc=2067.4Mi, Sys=35.1Mi, NumGC=320","level":"stat"}
{"@timestamp":"2025-02-16T12:06:13.406+08:00","caller":"load/sheddingstat.go:61","content":"(api) shedding_stat [1m], cpu: 16, total: 0, pass: 0, drop: 0","level":"stat"}
{"@timestamp":"2025-02-16T12:07:12.349+08:00","caller":"stat/usage.go:61","content":"CPU: 16m, MEMORY: Alloc=18.1Mi, TotalAlloc=2071.6Mi, Sys=35.1Mi, NumGC=320","level":"stat"}
{"@timestamp":"2025-02-16T12:07:13.406+08:00","caller":"load/sheddingstat.go:61","content":"(api) shedding_stat [1m], cpu: 16, total: 0, pass: 0, drop: 0","level":"stat"}
{"@timestamp":"2025-02-16T12:08:12.349+08:00","caller":"stat/usage.go:61","content":"CPU: 15m, MEMORY: Alloc=13.9Mi, TotalAlloc=2075.8Mi, Sys=35.1Mi, NumGC=321","level":"stat"}
{"@timestamp":"2025-02-16T12:08:13.406+08:00","caller":"load/sheddingstat.go:61","content":"(api) shedding_stat [1m], cpu: 15, total: 0, pass: 0, drop: 0","level":"stat"}
{"@timestamp":"2025-02-16T12:09:12.349+08:00","caller":"stat/usage.go:61","content":"CPU: 22m, MEMORY: Alloc=18.1Mi, TotalAlloc=2080.0Mi, Sys=35.1Mi, NumGC=321","level":"stat"}
{"@timestamp":"2025-02-16T12:09:13.407+08:00","caller":"load/sheddingstat.go:61","content":"(api) shedding_stat [1m], cpu: 21, total: 0, pass: 0, drop: 0","level":"stat"}
{"@timestamp":"2025-02-16T12:10:12.349+08:00","caller":"stat/usage.go:61","content":"CPU: 18m, MEMORY: Alloc=13.9Mi, TotalAlloc=2084.2Mi, Sys=35.1Mi, NumGC=322","level":"stat"}
{"@timestamp":"2025-02-16T12:10:13.405+08:00","caller":"load/sheddingstat.go:61","content":"(api) shedding_stat [1m], cpu: 19, total: 0, pass: 0, drop: 0","level":"stat"}
{"@timestamp":"2025-02-16T12:11:12.349+08:00","caller":"stat/usage.go:61","content":"CPU: 16m, MEMORY: Alloc=18.1Mi, TotalAlloc=2088.4Mi, Sys=35.1Mi, NumGC=322","level":"stat"}
{"@timestamp":"2025-02-16T12:11:13.406+08:00","caller":"load/sheddingstat.go:61","content":"(api) shedding_stat [1m], cpu: 16, total: 0, pass: 0, drop: 0","level":"stat"}
{"@timestamp":"2025-02-16T12:12:12.349+08:00","caller":"stat/usage.go:61","content":"CPU: 17m, MEMORY: Alloc=13.9Mi, TotalAlloc=2092.6Mi, Sys=35.1Mi, NumGC=323","level":"stat"}
{"@timestamp":"2025-02-16T12:12:13.406+08:00","caller":"load/sheddingstat.go:61","content":"(api) shedding_stat [1m], cpu: 17, total: 0, pass: 0, drop: 0","level":"stat"}
{"@timestamp":"2025-02-16T12:13:12.349+08:00","caller":"stat/usage.go:61","content":"CPU: 15m, MEMORY: Alloc=18.1Mi, TotalAlloc=2096.8Mi, Sys=35.1Mi, NumGC=323","level":"stat"}
{"@timestamp":"2025-02-16T12:13:13.406+08:00","caller":"load/sheddingstat.go:61","content":"(api) shedding_stat [1m], cpu: 15, total: 0, pass: 0, drop: 0","level":"stat"}
{"@timestamp":"2025-02-16T12:14:12.349+08:00","caller":"stat/usage.go:61","content":"CPU: 16m, MEMORY: Alloc=14.0Mi, TotalAlloc=2101.0Mi, Sys=35.1Mi, NumGC=324","level":"stat"}
{"@timestamp":"2025-02-16T12:14:13.406+08:00","caller":"load/sheddingstat.go:61","content":"(api) shedding_stat [1m], cpu: 16, total: 0, pass: 0, drop: 0","level":"stat"}
{"@timestamp":"2025-02-16T12:15:12.349+08:00","caller":"stat/usage.go:61","content":"CPU: 18m, MEMORY: Alloc=18.2Mi, TotalAlloc=2105.2Mi, Sys=35.1Mi, NumGC=324","level":"stat"}
{"@timestamp":"2025-02-16T12:15:13.406+08:00","caller":"load/sheddingstat.go:61","content":"(api) shedding_stat [1m], cpu: 18, total: 0, pass: 0, drop: 0","level":"stat"}
{"@timestamp":"2025-02-16T12:16:12.350+08:00","caller":"stat/usage.go:61","content":"CPU: 16m, MEMORY: Alloc=14.0Mi, TotalAlloc=2109.4Mi, Sys=35.1Mi, NumGC=325","level":"stat"}
{"@timestamp":"2025-02-16T12:16:13.406+08:00","caller":"load/sheddingstat.go:61","content":"(api) shedding_stat [1m], cpu: 17, total: 0, pass: 0, drop: 0","level":"stat"}
{"@timestamp":"2025-02-16T12:17:12.349+08:00","caller":"stat/usage.go:61","content":"CPU: 17m, MEMORY: Alloc=18.2Mi, TotalAlloc=2113.6Mi, Sys=35.1Mi, NumGC=325","level":"stat"}
{"@timestamp":"2025-02-16T12:17:13.406+08:00","caller":"load/sheddingstat.go:61","content":"(api) shedding_stat [1m], cpu: 17, total: 0, pass: 0, drop: 0","level":"stat"}
{"@timestamp":"2025-02-16T12:18:12.350+08:00","caller":"stat/usage.go:61","content":"CPU: 71m, MEMORY: Alloc=14.0Mi, TotalAlloc=2117.8Mi, Sys=35.1Mi, NumGC=326","level":"stat"}
{"@timestamp":"2025-02-16T12:18:13.406+08:00","caller":"load/sheddingstat.go:61","content":"(api) shedding_stat [1m], cpu: 61, total: 0, pass: 0, drop: 0","level":"stat"}
{"@timestamp":"2025-02-16T12:19:12.349+08:00","caller":"stat/usage.go:61","content":"CPU: 17m, MEMORY: Alloc=18.2Mi, TotalAlloc=2122.0Mi, Sys=35.1Mi, NumGC=326","level":"stat"}
{"@timestamp":"2025-02-16T12:19:13.406+08:00","caller":"load/sheddingstat.go:61","content":"(api) shedding_stat [1m], cpu: 17, total: 0, pass: 0, drop: 0","level":"stat"}
{"@timestamp":"2025-02-16T12:20:12.349+08:00","caller":"stat/usage.go:61","content":"CPU: 23m, MEMORY: Alloc=14.1Mi, TotalAlloc=2126.2Mi, Sys=35.1Mi, NumGC=327","level":"stat"}
{"@timestamp":"2025-02-16T12:20:13.406+08:00","caller":"load/sheddingstat.go:61","content":"(api) shedding_stat [1m], cpu: 22, total: 0, pass: 0, drop: 0","level":"stat"}
{"@timestamp":"2025-02-16T12:21:12.350+08:00","caller":"stat/usage.go:61","content":"CPU: 21m, MEMORY: Alloc=18.3Mi, TotalAlloc=2130.4Mi, Sys=35.1Mi, NumGC=327","level":"stat"}
{"@timestamp":"2025-02-16T12:21:13.406+08:00","caller":"load/sheddingstat.go:61","content":"(api) shedding_stat [1m], cpu: 21, total: 0, pass: 0, drop: 0","level":"stat"}
{"@timestamp":"2025-02-16T12:22:12.349+08:00","caller":"stat/usage.go:61","content":"CPU: 18m, MEMORY: Alloc=14.1Mi, TotalAlloc=2134.6Mi, Sys=35.1Mi, NumGC=328","level":"stat"}
{"@timestamp":"2025-02-16T12:22:13.406+08:00","caller":"load/sheddingstat.go:61","content":"(api) shedding_stat [1m], cpu: 18, total: 0, pass: 0, drop: 0","level":"stat"}
{"@timestamp":"2025-02-16T12:23:12.349+08:00","caller":"stat/usage.go:61","content":"CPU: 20m, MEMORY: Alloc=18.3Mi, TotalAlloc=2138.8Mi, Sys=35.1Mi, NumGC=328","level":"stat"}
{"@timestamp":"2025-02-16T12:23:13.406+08:00","caller":"load/sheddingstat.go:61","content":"(api) shedding_stat [1m], cpu: 21, total: 0, pass: 0, drop: 0","level":"stat"}
{"@timestamp":"2025-02-16T12:24:12.349+08:00","caller":"stat/usage.go:61","content":"CPU: 17m, MEMORY: Alloc=14.1Mi, TotalAlloc=2143.0Mi, Sys=35.1Mi, NumGC=329","level":"stat"}
{"@timestamp":"2025-02-16T12:24:13.406+08:00","caller":"load/sheddingstat.go:61","content":"(api) shedding_stat [1m], cpu: 17, total: 0, pass: 0, drop: 0","level":"stat"}
{"@timestamp":"2025-02-16T12:25:12.350+08:00","caller":"stat/usage.go:61","content":"CPU: 19m, MEMORY: Alloc=18.3Mi, TotalAlloc=2147.2Mi, Sys=35.1Mi, NumGC=329","level":"stat"}
{"@timestamp":"2025-02-16T12:25:13.406+08:00","caller":"load/sheddingstat.go:61","content":"(api) shedding_stat [1m], cpu: 18, total: 0, pass: 0, drop: 0","level":"stat"}
{"@timestamp":"2025-02-16T12:26:12.349+08:00","caller":"stat/usage.go:61","content":"CPU: 21m, MEMORY: Alloc=14.1Mi, TotalAlloc=2151.4Mi, Sys=35.1Mi, NumGC=330","level":"stat"}
{"@timestamp":"2025-02-16T12:26:13.406+08:00","caller":"load/sheddingstat.go:61","content":"(api) shedding_stat [1m], cpu: 21, total: 0, pass: 0, drop: 0","level":"stat"}
{"@timestamp":"2025-02-16T12:27:12.350+08:00","caller":"stat/usage.go:61","content":"CPU: 17m, MEMORY: Alloc=18.4Mi, TotalAlloc=2155.6Mi, Sys=35.1Mi, NumGC=330","level":"stat"}
{"@timestamp":"2025-02-16T12:27:13.406+08:00","caller":"load/sheddingstat.go:61","content":"(api) shedding_stat [1m], cpu: 17, total: 0, pass: 0, drop: 0","level":"stat"}
{"@timestamp":"2025-02-16T12:28:12.349+08:00","caller":"stat/usage.go:61","content":"CPU: 18m, MEMORY: Alloc=14.2Mi, TotalAlloc=2159.8Mi, Sys=35.1Mi, NumGC=331","level":"stat"}
{"@timestamp":"2025-02-16T12:28:13.406+08:00","caller":"load/sheddingstat.go:61","content":"(api) shedding_stat [1m], cpu: 19, total: 0, pass: 0, drop: 0","level":"stat"}
{"@timestamp":"2025-02-16T12:29:12.349+08:00","caller":"stat/usage.go:61","content":"CPU: 17m, MEMORY: Alloc=18.4Mi, TotalAlloc=2164.0Mi, Sys=35.1Mi, NumGC=331","level":"stat"}
{"@timestamp":"2025-02-16T12:29:13.406+08:00","caller":"load/sheddingstat.go:61","content":"(api) shedding_stat [1m], cpu: 19, total: 0, pass: 0, drop: 0","level":"stat"}
{"@timestamp":"2025-02-16T12:30:12.349+08:00","caller":"stat/usage.go:61","content":"CPU: 16m, MEMORY: Alloc=14.2Mi, TotalAlloc=2168.2Mi, Sys=35.1Mi, NumGC=332","level":"stat"}
{"@timestamp":"2025-02-16T12:30:13.406+08:00","caller":"load/sheddingstat.go:61","content":"(api) shedding_stat [1m], cpu: 19, total: 0, pass: 0, drop: 0","level":"stat"}
{"@timestamp":"2025-02-16T12:31:12.349+08:00","caller":"stat/usage.go:61","content":"CPU: 20m, MEMORY: Alloc=18.4Mi, TotalAlloc=2172.4Mi, Sys=35.1Mi, NumGC=332","level":"stat"}
{"@timestamp":"2025-02-16T12:31:13.406+08:00","caller":"load/sheddingstat.go:61","content":"(api) shedding_stat [1m], cpu: 21, total: 0, pass: 0, drop: 0","level":"stat"}
{"@timestamp":"2025-02-16T12:32:12.349+08:00","caller":"stat/usage.go:61","content":"CPU: 16m, MEMORY: Alloc=14.2Mi, TotalAlloc=2176.6Mi, Sys=35.1Mi, NumGC=333","level":"stat"}
{"@timestamp":"2025-02-16T12:32:13.406+08:00","caller":"load/sheddingstat.go:61","content":"(api) shedding_stat [1m], cpu: 16, total: 0, pass: 0, drop: 0","level":"stat"}
{"@timestamp":"2025-02-16T12:33:12.349+08:00","caller":"stat/usage.go:61","content":"CPU: 21m, MEMORY: Alloc=18.4Mi, TotalAlloc=2180.8Mi, Sys=35.1Mi, NumGC=333","level":"stat"}
{"@timestamp":"2025-02-16T12:33:13.406+08:00","caller":"load/sheddingstat.go:61","content":"(api) shedding_stat [1m], cpu: 20, total: 0, pass: 0, drop: 0","level":"stat"}
{"@timestamp":"2025-02-16T12:34:12.349+08:00","caller":"stat/usage.go:61","content":"CPU: 17m, MEMORY: Alloc=14.3Mi, TotalAlloc=2185.0Mi, Sys=35.1Mi, NumGC=334","level":"stat"}
{"@timestamp":"2025-02-16T12:34:13.406+08:00","caller":"load/sheddingstat.go:61","content":"(api) shedding_stat [1m], cpu: 17, total: 0, pass: 0, drop: 0","level":"stat"}
{"@timestamp":"2025-02-16T12:35:12.350+08:00","caller":"stat/usage.go:61","content":"CPU: 18m, MEMORY: Alloc=18.5Mi, TotalAlloc=2189.2Mi, Sys=35.1Mi, NumGC=334","level":"stat"}
{"@timestamp":"2025-02-16T12:35:13.406+08:00","caller":"load/sheddingstat.go:61","content":"(api) shedding_stat [1m], cpu: 18, total: 0, pass: 0, drop: 0","level":"stat"}
{"@timestamp":"2025-02-16T12:36:12.349+08:00","caller":"stat/usage.go:61","content":"CPU: 16m, MEMORY: Alloc=14.3Mi, TotalAlloc=2193.4Mi, Sys=35.1Mi, NumGC=335","level":"stat"}
{"@timestamp":"2025-02-16T12:36:13.406+08:00","caller":"load/sheddingstat.go:61","content":"(api) shedding_stat [1m], cpu: 16, total: 0, pass: 0, drop: 0","level":"stat"}
{"@timestamp":"2025-02-16T12:37:12.349+08:00","caller":"stat/usage.go:61","content":"CPU: 16m, MEMORY: Alloc=18.5Mi, TotalAlloc=2197.6Mi, Sys=35.1Mi, NumGC=335","level":"stat"}
{"@timestamp":"2025-02-16T12:37:13.406+08:00","caller":"load/sheddingstat.go:61","content":"(api) shedding_stat [1m], cpu: 16, total: 0, pass: 0, drop: 0","level":"stat"}
{"@timestamp":"2025-02-16T12:38:12.349+08:00","caller":"stat/usage.go:61","content":"CPU: 16m, MEMORY: Alloc=14.3Mi, TotalAlloc=2201.8Mi, Sys=35.1Mi, NumGC=336","level":"stat"}
{"@timestamp":"2025-02-16T12:38:13.405+08:00","caller":"load/sheddingstat.go:61","content":"(api) shedding_stat [1m], cpu: 16, total: 0, pass: 0, drop: 0","level":"stat"}
{"@timestamp":"2025-02-16T12:39:12.349+08:00","caller":"stat/usage.go:61","content":"CPU: 16m, MEMORY: Alloc=18.5Mi, TotalAlloc=2206.0Mi, Sys=35.1Mi, NumGC=336","level":"stat"}
{"@timestamp":"2025-02-16T12:39:13.407+08:00","caller":"load/sheddingstat.go:61","content":"(api) shedding_stat [1m], cpu: 16, total: 0, pass: 0, drop: 0","level":"stat"}
{"@timestamp":"2025-02-16T12:40:12.349+08:00","caller":"stat/usage.go:61","content":"CPU: 15m, MEMORY: Alloc=14.3Mi, TotalAlloc=2210.2Mi, Sys=35.1Mi, NumGC=337","level":"stat"}
{"@timestamp":"2025-02-16T12:40:13.406+08:00","caller":"load/sheddingstat.go:61","content":"(api) shedding_stat [1m], cpu: 16, total: 0, pass: 0, drop: 0","level":"stat"}
{"@timestamp":"2025-02-16T12:41:12.349+08:00","caller":"stat/usage.go:61","content":"CPU: 16m, MEMORY: Alloc=18.6Mi, TotalAlloc=2214.4Mi, Sys=35.1Mi, NumGC=337","level":"stat"}
{"@timestamp":"2025-02-16T12:41:13.406+08:00","caller":"load/sheddingstat.go:61","content":"(api) shedding_stat [1m], cpu: 16, total: 0, pass: 0, drop: 0","level":"stat"}
{"@timestamp":"2025-02-16T12:42:12.350+08:00","caller":"stat/usage.go:61","content":"CPU: 16m, MEMORY: Alloc=14.4Mi, TotalAlloc=2218.6Mi, Sys=35.1Mi, NumGC=338","level":"stat"}
{"@timestamp":"2025-02-16T12:42:13.406+08:00","caller":"load/sheddingstat.go:61","content":"(api) shedding_stat [1m], cpu: 16, total: 0, pass: 0, drop: 0","level":"stat"}
{"@timestamp":"2025-02-16T12:43:12.349+08:00","caller":"stat/usage.go:61","content":"CPU: 17m, MEMORY: Alloc=18.6Mi, TotalAlloc=2222.8Mi, Sys=35.1Mi, NumGC=338","level":"stat"}
{"@timestamp":"2025-02-16T12:43:13.406+08:00","caller":"load/sheddingstat.go:61","content":"(api) shedding_stat [1m], cpu: 17, total: 0, pass: 0, drop: 0","level":"stat"}
{"@timestamp":"2025-02-16T12:44:12.349+08:00","caller":"stat/usage.go:61","content":"CPU: 16m, MEMORY: Alloc=14.4Mi, TotalAlloc=2227.0Mi, Sys=35.1Mi, NumGC=339","level":"stat"}
{"@timestamp":"2025-02-16T12:44:13.406+08:00","caller":"load/sheddingstat.go:61","content":"(api) shedding_stat [1m], cpu: 16, total: 0, pass: 0, drop: 0","level":"stat"}
{"@timestamp":"2025-02-16T12:45:12.349+08:00","caller":"stat/usage.go:61","content":"CPU: 16m, MEMORY: Alloc=18.6Mi, TotalAlloc=2231.2Mi, Sys=35.1Mi, NumGC=339","level":"stat"}
{"@timestamp":"2025-02-16T12:45:13.407+08:00","caller":"load/sheddingstat.go:61","content":"(api) shedding_stat [1m], cpu: 16, total: 0, pass: 0, drop: 0","level":"stat"}
{"@timestamp":"2025-02-16T12:46:12.350+08:00","caller":"stat/usage.go:61","content":"CPU: 18m, MEMORY: Alloc=14.4Mi, TotalAlloc=2235.4Mi, Sys=35.1Mi, NumGC=340","level":"stat"}
{"@timestamp":"2025-02-16T12:46:13.406+08:00","caller":"load/sheddingstat.go:61","content":"(api) shedding_stat [1m], cpu: 18, total: 0, pass: 0, drop: 0","level":"stat"}
{"@timestamp":"2025-02-16T12:47:12.349+08:00","caller":"stat/usage.go:61","content":"CPU: 23m, MEMORY: Alloc=18.7Mi, TotalAlloc=2239.7Mi, Sys=35.1Mi, NumGC=340","level":"stat"}
{"@timestamp":"2025-02-16T12:47:13.406+08:00","caller":"load/sheddingstat.go:61","content":"(api) shedding_stat [1m], cpu: 22, total: 0, pass: 0, drop: 0","level":"stat"}
{"@timestamp":"2025-02-16T12:48:12.349+08:00","caller":"stat/usage.go:61","content":"CPU: 24m, MEMORY: Alloc=14.5Mi, TotalAlloc=2243.9Mi, Sys=35.1Mi, NumGC=341","level":"stat"}
{"@timestamp":"2025-02-16T12:48:13.406+08:00","caller":"load/sheddingstat.go:61","content":"(api) shedding_stat [1m], cpu: 24, total: 0, pass: 0, drop: 0","level":"stat"}
{"@timestamp":"2025-02-16T12:49:12.349+08:00","caller":"stat/usage.go:61","content":"CPU: 16m, MEMORY: Alloc=18.7Mi, TotalAlloc=2248.1Mi, Sys=35.1Mi, NumGC=341","level":"stat"}
{"@timestamp":"2025-02-16T12:49:13.406+08:00","caller":"load/sheddingstat.go:61","content":"(api) shedding_stat [1m], cpu: 17, total: 0, pass: 0, drop: 0","level":"stat"}
{"@timestamp":"2025-02-16T12:50:12.349+08:00","caller":"stat/usage.go:61","content":"CPU: 26m, MEMORY: Alloc=14.5Mi, TotalAlloc=2252.3Mi, Sys=35.1Mi, NumGC=342","level":"stat"}
{"@timestamp":"2025-02-16T12:50:13.406+08:00","caller":"load/sheddingstat.go:61","content":"(api) shedding_stat [1m], cpu: 24, total: 0, pass: 0, drop: 0","level":"stat"}
{"@timestamp":"2025-02-16T12:51:12.349+08:00","caller":"stat/usage.go:61","content":"CPU: 43m, MEMORY: Alloc=18.7Mi, TotalAlloc=2256.4Mi, Sys=35.1Mi, NumGC=342","level":"stat"}
{"@timestamp":"2025-02-16T12:51:13.406+08:00","caller":"load/sheddingstat.go:61","content":"(api) shedding_stat [1m], cpu: 39, total: 0, pass: 0, drop: 0","level":"stat"}
{"@timestamp":"2025-02-16T12:52:12.349+08:00","caller":"stat/usage.go:61","content":"CPU: 18m, MEMORY: Alloc=14.5Mi, TotalAlloc=2260.6Mi, Sys=35.1Mi, NumGC=343","level":"stat"}
{"@timestamp":"2025-02-16T12:52:13.406+08:00","caller":"load/sheddingstat.go:61","content":"(api) shedding_stat [1m], cpu: 19, total: 0, pass: 0, drop: 0","level":"stat"}
{"@timestamp":"2025-02-16T12:53:12.349+08:00","caller":"stat/usage.go:61","content":"CPU: 40m, MEMORY: Alloc=18.7Mi, TotalAlloc=2264.8Mi, Sys=35.1Mi, NumGC=343","level":"stat"}
{"@timestamp":"2025-02-16T12:53:13.406+08:00","caller":"load/sheddingstat.go:61","content":"(api) shedding_stat [1m], cpu: 37, total: 0, pass: 0, drop: 0","level":"stat"}
{"@timestamp":"2025-02-16T12:54:12.349+08:00","caller":"stat/usage.go:61","content":"CPU: 19m, MEMORY: Alloc=14.6Mi, TotalAlloc=2269.0Mi, Sys=35.1Mi, NumGC=344","level":"stat"}
{"@timestamp":"2025-02-16T12:54:13.407+08:00","caller":"load/sheddingstat.go:61","content":"(api) shedding_stat [1m], cpu: 18, total: 0, pass: 0, drop: 0","level":"stat"}
{"@timestamp":"2025-02-16T12:55:12.349+08:00","caller":"stat/usage.go:61","content":"CPU: 17m, MEMORY: Alloc=18.8Mi, TotalAlloc=2273.3Mi, Sys=35.1Mi, NumGC=344","level":"stat"}
{"@timestamp":"2025-02-16T12:55:13.407+08:00","caller":"load/sheddingstat.go:61","content":"(api) shedding_stat [1m], cpu: 17, total: 0, pass: 0, drop: 0","level":"stat"}
{"@timestamp":"2025-02-16T12:56:12.350+08:00","caller":"stat/usage.go:61","content":"CPU: 27m, MEMORY: Alloc=14.6Mi, TotalAlloc=2277.5Mi, Sys=35.1Mi, NumGC=345","level":"stat"}
{"@timestamp":"2025-02-16T12:56:13.406+08:00","caller":"load/sheddingstat.go:61","content":"(api) shedding_stat [1m], cpu: 26, total: 0, pass: 0, drop: 0","level":"stat"}
{"@timestamp":"2025-02-16T12:57:12.350+08:00","caller":"stat/usage.go:61","content":"CPU: 16m, MEMORY: Alloc=18.8Mi, TotalAlloc=2281.7Mi, Sys=35.1Mi, NumGC=345","level":"stat"}
{"@timestamp":"2025-02-16T12:57:13.406+08:00","caller":"load/sheddingstat.go:61","content":"(api) shedding_stat [1m], cpu: 16, total: 0, pass: 0, drop: 0","level":"stat"}
{"@timestamp":"2025-02-16T12:58:12.349+08:00","caller":"stat/usage.go:61","content":"CPU: 18m, MEMORY: Alloc=14.6Mi, TotalAlloc=2285.9Mi, Sys=35.1Mi, NumGC=346","level":"stat"}
{"@timestamp":"2025-02-16T12:58:13.406+08:00","caller":"load/sheddingstat.go:61","content":"(api) shedding_stat [1m], cpu: 18, total: 0, pass: 0, drop: 0","level":"stat"}
{"@timestamp":"2025-02-16T12:59:12.349+08:00","caller":"stat/usage.go:61","content":"CPU: 17m, MEMORY: Alloc=18.8Mi, TotalAlloc=2290.1Mi, Sys=35.1Mi, NumGC=346","level":"stat"}
{"@timestamp":"2025-02-16T12:59:13.406+08:00","caller":"load/sheddingstat.go:61","content":"(api) shedding_stat [1m], cpu: 17, total: 0, pass: 0, drop: 0","level":"stat"}
{"@timestamp":"2025-02-16T13:00:12.349+08:00","caller":"stat/usage.go:61","content":"CPU: 18m, MEMORY: Alloc=14.7Mi, TotalAlloc=2294.3Mi, Sys=35.1Mi, NumGC=347","level":"stat"}
{"@timestamp":"2025-02-16T13:00:13.406+08:00","caller":"load/sheddingstat.go:61","content":"(api) shedding_stat [1m], cpu: 18, total: 0, pass: 0, drop: 0","level":"stat"}
{"@timestamp":"2025-02-16T13:01:12.349+08:00","caller":"stat/usage.go:61","content":"CPU: 19m, MEMORY: Alloc=18.9Mi, TotalAlloc=2298.5Mi, Sys=35.1Mi, NumGC=347","level":"stat"}
{"@timestamp":"2025-02-16T13:01:13.406+08:00","caller":"load/sheddingstat.go:61","content":"(api) shedding_stat [1m], cpu: 18, total: 0, pass: 0, drop: 0","level":"stat"}
{"@timestamp":"2025-02-16T13:02:12.350+08:00","caller":"stat/usage.go:61","content":"CPU: 18m, MEMORY: Alloc=14.7Mi, TotalAlloc=2302.7Mi, Sys=35.1Mi, NumGC=348","level":"stat"}
{"@timestamp":"2025-02-16T13:02:13.406+08:00","caller":"load/sheddingstat.go:61","content":"(api) shedding_stat [1m], cpu: 18, total: 0, pass: 0, drop: 0","level":"stat"}
{"@timestamp":"2025-02-16T13:03:12.349+08:00","caller":"stat/usage.go:61","content":"CPU: 34m, MEMORY: Alloc=18.9Mi, TotalAlloc=2306.9Mi, Sys=35.1Mi, NumGC=348","level":"stat"}
{"@timestamp":"2025-02-16T13:03:13.406+08:00","caller":"load/sheddingstat.go:61","content":"(api) shedding_stat [1m], cpu: 30, total: 0, pass: 0, drop: 0","level":"stat"}
{"@timestamp":"2025-02-16T13:04:12.349+08:00","caller":"stat/usage.go:61","content":"CPU: 22m, MEMORY: Alloc=14.7Mi, TotalAlloc=2311.1Mi, Sys=35.1Mi, NumGC=349","level":"stat"}
{"@timestamp":"2025-02-16T13:04:13.405+08:00","caller":"load/sheddingstat.go:61","content":"(api) shedding_stat [1m], cpu: 26, total: 0, pass: 0, drop: 0","level":"stat"}
{"@timestamp":"2025-02-16T13:05:12.349+08:00","caller":"stat/usage.go:61","content":"CPU: 22m, MEMORY: Alloc=18.9Mi, TotalAlloc=2315.3Mi, Sys=35.1Mi, NumGC=349","level":"stat"}
{"@timestamp":"2025-02-16T13:05:13.406+08:00","caller":"load/sheddingstat.go:61","content":"(api) shedding_stat [1m], cpu: 24, total: 0, pass: 0, drop: 0","level":"stat"}
{"@timestamp":"2025-02-16T13:06:12.349+08:00","caller":"stat/usage.go:61","content":"CPU: 33m, MEMORY: Alloc=14.8Mi, TotalAlloc=2319.5Mi, Sys=35.1Mi, NumGC=350","level":"stat"}
{"@timestamp":"2025-02-16T13:06:13.406+08:00","caller":"load/sheddingstat.go:61","content":"(api) shedding_stat [1m], cpu: 43, total: 0, pass: 0, drop: 0","level":"stat"}
{"@timestamp":"2025-02-16T13:07:12.349+08:00","caller":"stat/usage.go:61","content":"CPU: 20m, MEMORY: Alloc=19.0Mi, TotalAlloc=2323.7Mi, Sys=35.1Mi, NumGC=350","level":"stat"}
{"@timestamp":"2025-02-16T13:07:13.406+08:00","caller":"load/sheddingstat.go:61","content":"(api) shedding_stat [1m], cpu: 20, total: 0, pass: 0, drop: 0","level":"stat"}
{"@timestamp":"2025-02-16T13:08:12.349+08:00","caller":"stat/usage.go:61","content":"CPU: 18m, MEMORY: Alloc=14.8Mi, TotalAlloc=2327.9Mi, Sys=35.1Mi, NumGC=351","level":"stat"}
{"@timestamp":"2025-02-16T13:08:13.406+08:00","caller":"load/sheddingstat.go:61","content":"(api) shedding_stat [1m], cpu: 18, total: 0, pass: 0, drop: 0","level":"stat"}
{"@timestamp":"2025-02-16T13:09:12.349+08:00","caller":"stat/usage.go:61","content":"CPU: 30m, MEMORY: Alloc=19.0Mi, TotalAlloc=2332.1Mi, Sys=35.1Mi, NumGC=351","level":"stat"}
{"@timestamp":"2025-02-16T13:09:13.406+08:00","caller":"load/sheddingstat.go:61","content":"(api) shedding_stat [1m], cpu: 35, total: 0, pass: 0, drop: 0","level":"stat"}
{"@timestamp":"2025-02-16T13:10:12.350+08:00","caller":"stat/usage.go:61","content":"CPU: 16m, MEMORY: Alloc=14.8Mi, TotalAlloc=2336.3Mi, Sys=35.1Mi, NumGC=352","level":"stat"}
{"@timestamp":"2025-02-16T13:10:13.406+08:00","caller":"load/sheddingstat.go:61","content":"(api) shedding_stat [1m], cpu: 17, total: 0, pass: 0, drop: 0","level":"stat"}
{"@timestamp":"2025-02-16T13:11:12.350+08:00","caller":"stat/usage.go:61","content":"CPU: 16m, MEMORY: Alloc=19.0Mi, TotalAlloc=2340.5Mi, Sys=35.1Mi, NumGC=352","level":"stat"}
{"@timestamp":"2025-02-16T13:11:13.406+08:00","caller":"load/sheddingstat.go:61","content":"(api) shedding_stat [1m], cpu: 18, total: 0, pass: 0, drop: 0","level":"stat"}
{"@timestamp":"2025-02-16T13:12:12.349+08:00","caller":"stat/usage.go:61","content":"CPU: 19m, MEMORY: Alloc=14.8Mi, TotalAlloc=2344.7Mi, Sys=35.1Mi, NumGC=353","level":"stat"}
{"@timestamp":"2025-02-16T13:12:13.406+08:00","caller":"load/sheddingstat.go:61","content":"(api) shedding_stat [1m], cpu: 19, total: 0, pass: 0, drop: 0","level":"stat"}
{"@timestamp":"2025-02-16T13:13:12.352+08:00","caller":"stat/usage.go:61","content":"CPU: 74m, MEMORY: Alloc=19.0Mi, TotalAlloc=2348.9Mi, Sys=35.1Mi, NumGC=353","level":"stat"}
{"@timestamp":"2025-02-16T13:13:13.406+08:00","caller":"load/sheddingstat.go:61","content":"(api) shedding_stat [1m], cpu: 70, total: 0, pass: 0, drop: 0","level":"stat"}
{"@timestamp":"2025-02-16T13:14:12.349+08:00","caller":"stat/usage.go:61","content":"CPU: 17m, MEMORY: Alloc=14.9Mi, TotalAlloc=2353.1Mi, Sys=35.1Mi, NumGC=354","level":"stat"}
{"@timestamp":"2025-02-16T13:14:13.407+08:00","caller":"load/sheddingstat.go:61","content":"(api) shedding_stat [1m], cpu: 17, total: 0, pass: 0, drop: 0","level":"stat"}
{"@timestamp":"2025-02-16T13:15:12.350+08:00","caller":"stat/usage.go:61","content":"CPU: 17m, MEMORY: Alloc=19.1Mi, TotalAlloc=2357.3Mi, Sys=35.1Mi, NumGC=354","level":"stat"}
{"@timestamp":"2025-02-16T13:15:13.406+08:00","caller":"load/sheddingstat.go:61","content":"(api) shedding_stat [1m], cpu: 17, total: 0, pass: 0, drop: 0","level":"stat"}
{"@timestamp":"2025-02-16T13:16:12.349+08:00","caller":"stat/usage.go:61","content":"CPU: 29m, MEMORY: Alloc=14.9Mi, TotalAlloc=2361.5Mi, Sys=35.1Mi, NumGC=355","level":"stat"}
{"@timestamp":"2025-02-16T13:16:13.406+08:00","caller":"load/sheddingstat.go:61","content":"(api) shedding_stat [1m], cpu: 26, total: 0, pass: 0, drop: 0","level":"stat"}
{"@timestamp":"2025-02-16T13:17:12.349+08:00","caller":"stat/usage.go:61","content":"CPU: 15m, MEMORY: Alloc=19.1Mi, TotalAlloc=2365.7Mi, Sys=35.1Mi, NumGC=355","level":"stat"}
{"@timestamp":"2025-02-16T13:17:13.406+08:00","caller":"load/sheddingstat.go:61","content":"(api) shedding_stat [1m], cpu: 15, total: 0, pass: 0, drop: 0","level":"stat"}
{"@timestamp":"2025-02-16T13:18:12.349+08:00","caller":"stat/usage.go:61","content":"CPU: 28m, MEMORY: Alloc=14.9Mi, TotalAlloc=2369.9Mi, Sys=35.1Mi, NumGC=356","level":"stat"}
{"@timestamp":"2025-02-16T13:18:13.406+08:00","caller":"load/sheddingstat.go:61","content":"(api) shedding_stat [1m], cpu: 26, total: 0, pass: 0, drop: 0","level":"stat"}
{"@timestamp":"2025-02-16T13:19:12.349+08:00","caller":"stat/usage.go:61","content":"CPU: 17m, MEMORY: Alloc=19.1Mi, TotalAlloc=2374.1Mi, Sys=35.1Mi, NumGC=356","level":"stat"}
{"@timestamp":"2025-02-16T13:19:13.406+08:00","caller":"load/sheddingstat.go:61","content":"(api) shedding_stat [1m], cpu: 18, total: 0, pass: 0, drop: 0","level":"stat"}
{"@timestamp":"2025-02-16T13:20:12.349+08:00","caller":"stat/usage.go:61","content":"CPU: 19m, MEMORY: Alloc=15.0Mi, TotalAlloc=2378.3Mi, Sys=35.1Mi, NumGC=357","level":"stat"}
{"@timestamp":"2025-02-16T13:20:13.406+08:00","caller":"load/sheddingstat.go:61","content":"(api) shedding_stat [1m], cpu: 19, total: 0, pass: 0, drop: 0","level":"stat"}
{"@timestamp":"2025-02-16T13:21:12.349+08:00","caller":"stat/usage.go:61","content":"CPU: 17m, MEMORY: Alloc=19.2Mi, TotalAlloc=2382.5Mi, Sys=35.1Mi, NumGC=357","level":"stat"}
{"@timestamp":"2025-02-16T13:21:13.405+08:00","caller":"load/sheddingstat.go:61","content":"(api) shedding_stat [1m], cpu: 18, total: 0, pass: 0, drop: 0","level":"stat"}
{"@timestamp":"2025-02-16T13:22:12.349+08:00","caller":"stat/usage.go:61","content":"CPU: 16m, MEMORY: Alloc=15.0Mi, TotalAlloc=2386.7Mi, Sys=35.1Mi, NumGC=358","level":"stat"}
{"@timestamp":"2025-02-16T13:22:13.406+08:00","caller":"load/sheddingstat.go:61","content":"(api) shedding_stat [1m], cpu: 16, total: 0, pass: 0, drop: 0","level":"stat"}
{"@timestamp":"2025-02-16T13:23:12.350+08:00","caller":"stat/usage.go:61","content":"CPU: 17m, MEMORY: Alloc=19.2Mi, TotalAlloc=2390.9Mi, Sys=35.1Mi, NumGC=358","level":"stat"}
{"@timestamp":"2025-02-16T13:23:13.407+08:00","caller":"load/sheddingstat.go:61","content":"(api) shedding_stat [1m], cpu: 17, total: 0, pass: 0, drop: 0","level":"stat"}
{"@timestamp":"2025-02-16T13:24:12.350+08:00","caller":"stat/usage.go:61","content":"CPU: 17m, MEMORY: Alloc=15.0Mi, TotalAlloc=2395.1Mi, Sys=35.1Mi, NumGC=359","level":"stat"}
{"@timestamp":"2025-02-16T13:24:13.406+08:00","caller":"load/sheddingstat.go:61","content":"(api) shedding_stat [1m], cpu: 17, total: 0, pass: 0, drop: 0","level":"stat"}
{"@timestamp":"2025-02-16T13:25:12.349+08:00","caller":"stat/usage.go:61","content":"CPU: 17m, MEMORY: Alloc=19.2Mi, TotalAlloc=2399.3Mi, Sys=35.1Mi, NumGC=359","level":"stat"}
{"@timestamp":"2025-02-16T13:25:13.406+08:00","caller":"load/sheddingstat.go:61","content":"(api) shedding_stat [1m], cpu: 17, total: 0, pass: 0, drop: 0","level":"stat"}
{"@timestamp":"2025-02-16T13:26:12.349+08:00","caller":"stat/usage.go:61","content":"CPU: 23m, MEMORY: Alloc=15.0Mi, TotalAlloc=2403.5Mi, Sys=35.1Mi, NumGC=360","level":"stat"}
{"@timestamp":"2025-02-16T13:26:13.406+08:00","caller":"load/sheddingstat.go:61","content":"(api) shedding_stat [1m], cpu: 22, total: 0, pass: 0, drop: 0","level":"stat"}
{"@timestamp":"2025-02-16T13:27:12.349+08:00","caller":"stat/usage.go:61","content":"CPU: 16m, MEMORY: Alloc=19.3Mi, TotalAlloc=2407.7Mi, Sys=35.1Mi, NumGC=360","level":"stat"}
{"@timestamp":"2025-02-16T13:27:13.405+08:00","caller":"load/sheddingstat.go:61","content":"(api) shedding_stat [1m], cpu: 16, total: 0, pass: 0, drop: 0","level":"stat"}
{"@timestamp":"2025-02-16T13:28:12.349+08:00","caller":"stat/usage.go:61","content":"CPU: 17m, MEMORY: Alloc=15.1Mi, TotalAlloc=2411.9Mi, Sys=35.1Mi, NumGC=361","level":"stat"}
{"@timestamp":"2025-02-16T13:28:13.406+08:00","caller":"load/sheddingstat.go:61","content":"(api) shedding_stat [1m], cpu: 17, total: 0, pass: 0, drop: 0","level":"stat"}
{"@timestamp":"2025-02-16T13:29:12.349+08:00","caller":"stat/usage.go:61","content":"CPU: 63m, MEMORY: Alloc=19.3Mi, TotalAlloc=2416.1Mi, Sys=35.1Mi, NumGC=361","level":"stat"}
{"@timestamp":"2025-02-16T13:29:13.406+08:00","caller":"load/sheddingstat.go:61","content":"(api) shedding_stat [1m], cpu: 64, total: 0, pass: 0, drop: 0","level":"stat"}
{"@timestamp":"2025-02-16T13:30:12.349+08:00","caller":"stat/usage.go:61","content":"CPU: 22m, MEMORY: Alloc=15.1Mi, TotalAlloc=2420.3Mi, Sys=35.1Mi, NumGC=362","level":"stat"}
{"@timestamp":"2025-02-16T13:30:13.406+08:00","caller":"load/sheddingstat.go:61","content":"(api) shedding_stat [1m], cpu: 20, total: 0, pass: 0, drop: 0","level":"stat"}
{"@timestamp":"2025-02-16T13:31:12.349+08:00","caller":"stat/usage.go:61","content":"CPU: 21m, MEMORY: Alloc=19.3Mi, TotalAlloc=2424.5Mi, Sys=35.1Mi, NumGC=362","level":"stat"}
{"@timestamp":"2025-02-16T13:31:13.406+08:00","caller":"load/sheddingstat.go:61","content":"(api) shedding_stat [1m], cpu: 20, total: 0, pass: 0, drop: 0","level":"stat"}
{"@timestamp":"2025-02-16T13:32:12.349+08:00","caller":"stat/usage.go:61","content":"CPU: 18m, MEMORY: Alloc=15.1Mi, TotalAlloc=2428.7Mi, Sys=35.1Mi, NumGC=363","level":"stat"}
{"@timestamp":"2025-02-16T13:32:13.406+08:00","caller":"load/sheddingstat.go:61","content":"(api) shedding_stat [1m], cpu: 17, total: 0, pass: 0, drop: 0","level":"stat"}
{"@timestamp":"2025-02-16T13:33:12.349+08:00","caller":"stat/usage.go:61","content":"CPU: 52m, MEMORY: Alloc=19.3Mi, TotalAlloc=2432.9Mi, Sys=35.1Mi, NumGC=363","level":"stat"}
{"@timestamp":"2025-02-16T13:33:13.406+08:00","caller":"load/sheddingstat.go:61","content":"(api) shedding_stat [1m], cpu: 55, total: 0, pass: 0, drop: 0","level":"stat"}
{"@timestamp":"2025-02-16T13:34:12.349+08:00","caller":"stat/usage.go:61","content":"CPU: 32m, MEMORY: Alloc=15.2Mi, TotalAlloc=2437.1Mi, Sys=35.1Mi, NumGC=364","level":"stat"}
{"@timestamp":"2025-02-16T13:34:13.406+08:00","caller":"load/sheddingstat.go:61","content":"(api) shedding_stat [1m], cpu: 29, total: 0, pass: 0, drop: 0","level":"stat"}
{"@timestamp":"2025-02-16T13:35:12.349+08:00","caller":"stat/usage.go:61","content":"CPU: 17m, MEMORY: Alloc=19.4Mi, TotalAlloc=2441.3Mi, Sys=35.1Mi, NumGC=364","level":"stat"}
{"@timestamp":"2025-02-16T13:35:13.406+08:00","caller":"load/sheddingstat.go:61","content":"(api) shedding_stat [1m], cpu: 17, total: 0, pass: 0, drop: 0","level":"stat"}
{"@timestamp":"2025-02-16T13:36:12.349+08:00","caller":"stat/usage.go:61","content":"CPU: 21m, MEMORY: Alloc=15.2Mi, TotalAlloc=2445.5Mi, Sys=35.1Mi, NumGC=365","level":"stat"}
{"@timestamp":"2025-02-16T13:36:13.405+08:00","caller":"load/sheddingstat.go:61","content":"(api) shedding_stat [1m], cpu: 21, total: 0, pass: 0, drop: 0","level":"stat"}
{"@timestamp":"2025-02-16T13:37:12.349+08:00","caller":"stat/usage.go:61","content":"CPU: 18m, MEMORY: Alloc=19.4Mi, TotalAlloc=2449.7Mi, Sys=35.1Mi, NumGC=365","level":"stat"}
{"@timestamp":"2025-02-16T13:37:13.406+08:00","caller":"load/sheddingstat.go:61","content":"(api) shedding_stat [1m], cpu: 18, total: 0, pass: 0, drop: 0","level":"stat"}
{"@timestamp":"2025-02-16T13:38:12.349+08:00","caller":"stat/usage.go:61","content":"CPU: 35m, MEMORY: Alloc=15.2Mi, TotalAlloc=2453.9Mi, Sys=35.1Mi, NumGC=366","level":"stat"}
{"@timestamp":"2025-02-16T13:38:13.407+08:00","caller":"load/sheddingstat.go:61","content":"(api) shedding_stat [1m], cpu: 40, total: 0, pass: 0, drop: 0","level":"stat"}
{"@timestamp":"2025-02-16T13:39:12.349+08:00","caller":"stat/usage.go:61","content":"CPU: 18m, MEMORY: Alloc=19.4Mi, TotalAlloc=2458.1Mi, Sys=35.1Mi, NumGC=366","level":"stat"}
{"@timestamp":"2025-02-16T13:39:13.406+08:00","caller":"load/sheddingstat.go:61","content":"(api) shedding_stat [1m], cpu: 20, total: 0, pass: 0, drop: 0","level":"stat"}
{"@timestamp":"2025-02-16T13:40:12.349+08:00","caller":"stat/usage.go:61","content":"CPU: 17m, MEMORY: Alloc=15.2Mi, TotalAlloc=2462.3Mi, Sys=35.1Mi, NumGC=367","level":"stat"}
{"@timestamp":"2025-02-16T13:40:13.406+08:00","caller":"load/sheddingstat.go:61","content":"(api) shedding_stat [1m], cpu: 19, total: 0, pass: 0, drop: 0","level":"stat"}
{"@timestamp":"2025-02-16T13:41:12.349+08:00","caller":"stat/usage.go:61","content":"CPU: 17m, MEMORY: Alloc=19.5Mi, TotalAlloc=2466.5Mi, Sys=35.1Mi, NumGC=367","level":"stat"}
{"@timestamp":"2025-02-16T13:41:13.407+08:00","caller":"load/sheddingstat.go:61","content":"(api) shedding_stat [1m], cpu: 19, total: 0, pass: 0, drop: 0","level":"stat"}
{"@timestamp":"2025-02-16T13:42:12.349+08:00","caller":"stat/usage.go:61","content":"CPU: 17m, MEMORY: Alloc=15.3Mi, TotalAlloc=2470.7Mi, Sys=35.1Mi, NumGC=368","level":"stat"}
{"@timestamp":"2025-02-16T13:42:13.406+08:00","caller":"load/sheddingstat.go:61","content":"(api) shedding_stat [1m], cpu: 19, total: 0, pass: 0, drop: 0","level":"stat"}
{"@timestamp":"2025-02-16T13:43:12.349+08:00","caller":"stat/usage.go:61","content":"CPU: 20m, MEMORY: Alloc=19.5Mi, TotalAlloc=2474.9Mi, Sys=35.1Mi, NumGC=368","level":"stat"}
{"@timestamp":"2025-02-16T13:43:13.406+08:00","caller":"load/sheddingstat.go:61","content":"(api) shedding_stat [1m], cpu: 20, total: 0, pass: 0, drop: 0","level":"stat"}
{"@timestamp":"2025-02-16T13:44:12.349+08:00","caller":"stat/usage.go:61","content":"CPU: 14m, MEMORY: Alloc=15.3Mi, TotalAlloc=2479.1Mi, Sys=35.1Mi, NumGC=369","level":"stat"}
{"@timestamp":"2025-02-16T13:44:13.406+08:00","caller":"load/sheddingstat.go:61","content":"(api) shedding_stat [1m], cpu: 14, total: 0, pass: 0, drop: 0","level":"stat"}
{"@timestamp":"2025-02-16T13:45:12.349+08:00","caller":"stat/usage.go:61","content":"CPU: 15m, MEMORY: Alloc=19.5Mi, TotalAlloc=2483.3Mi, Sys=35.1Mi, NumGC=369","level":"stat"}
{"@timestamp":"2025-02-16T13:45:13.407+08:00","caller":"load/sheddingstat.go:61","content":"(api) shedding_stat [1m], cpu: 15, total: 0, pass: 0, drop: 0","level":"stat"}
{"@timestamp":"2025-02-16T13:46:12.349+08:00","caller":"stat/usage.go:61","content":"CPU: 27m, MEMORY: Alloc=15.3Mi, TotalAlloc=2487.5Mi, Sys=35.1Mi, NumGC=370","level":"stat"}
{"@timestamp":"2025-02-16T13:46:13.405+08:00","caller":"load/sheddingstat.go:61","content":"(api) shedding_stat [1m], cpu: 26, total: 0, pass: 0, drop: 0","level":"stat"}
{"@timestamp":"2025-02-16T13:47:12.349+08:00","caller":"stat/usage.go:61","content":"CPU: 22m, MEMORY: Alloc=19.6Mi, TotalAlloc=2491.8Mi, Sys=35.1Mi, NumGC=370","level":"stat"}
{"@timestamp":"2025-02-16T13:47:13.406+08:00","caller":"load/sheddingstat.go:61","content":"(api) shedding_stat [1m], cpu: 22, total: 0, pass: 0, drop: 0","level":"stat"}
{"@timestamp":"2025-02-16T13:48:12.349+08:00","caller":"stat/usage.go:61","content":"CPU: 15m, MEMORY: Alloc=15.4Mi, TotalAlloc=2496.0Mi, Sys=35.1Mi, NumGC=371","level":"stat"}
{"@timestamp":"2025-02-16T13:48:13.406+08:00","caller":"load/sheddingstat.go:61","content":"(api) shedding_stat [1m], cpu: 17, total: 0, pass: 0, drop: 0","level":"stat"}
{"@timestamp":"2025-02-16T13:49:12.349+08:00","caller":"stat/usage.go:61","content":"CPU: 20m, MEMORY: Alloc=19.6Mi, TotalAlloc=2500.2Mi, Sys=35.1Mi, NumGC=371","level":"stat"}
{"@timestamp":"2025-02-16T13:49:13.406+08:00","caller":"load/sheddingstat.go:61","content":"(api) shedding_stat [1m], cpu: 20, total: 0, pass: 0, drop: 0","level":"stat"}
{"@timestamp":"2025-02-16T13:50:12.349+08:00","caller":"stat/usage.go:61","content":"CPU: 17m, MEMORY: Alloc=15.4Mi, TotalAlloc=2504.4Mi, Sys=35.1Mi, NumGC=372","level":"stat"}
{"@timestamp":"2025-02-16T13:50:13.406+08:00","caller":"load/sheddingstat.go:61","content":"(api) shedding_stat [1m], cpu: 17, total: 0, pass: 0, drop: 0","level":"stat"}
{"@timestamp":"2025-02-16T13:51:12.350+08:00","caller":"stat/usage.go:61","content":"CPU: 17m, MEMORY: Alloc=19.6Mi, TotalAlloc=2508.6Mi, Sys=35.1Mi, NumGC=372","level":"stat"}
{"@timestamp":"2025-02-16T13:51:13.405+08:00","caller":"load/sheddingstat.go:61","content":"(api) shedding_stat [1m], cpu: 18, total: 0, pass: 0, drop: 0","level":"stat"}
{"@timestamp":"2025-02-16T13:52:12.349+08:00","caller":"stat/usage.go:61","content":"CPU: 17m, MEMORY: Alloc=15.4Mi, TotalAlloc=2512.8Mi, Sys=35.1Mi, NumGC=373","level":"stat"}
{"@timestamp":"2025-02-16T13:52:13.406+08:00","caller":"load/sheddingstat.go:61","content":"(api) shedding_stat [1m], cpu: 17, total: 0, pass: 0, drop: 0","level":"stat"}
{"@timestamp":"2025-02-16T13:53:12.349+08:00","caller":"stat/usage.go:61","content":"CPU: 17m, MEMORY: Alloc=19.6Mi, TotalAlloc=2517.0Mi, Sys=35.1Mi, NumGC=373","level":"stat"}
{"@timestamp":"2025-02-16T13:53:13.406+08:00","caller":"load/sheddingstat.go:61","content":"(api) shedding_stat [1m], cpu: 17, total: 0, pass: 0, drop: 0","level":"stat"}
{"@timestamp":"2025-02-16T13:54:12.350+08:00","caller":"stat/usage.go:61","content":"CPU: 14m, MEMORY: Alloc=15.5Mi, TotalAlloc=2521.2Mi, Sys=35.1Mi, NumGC=374","level":"stat"}
{"@timestamp":"2025-02-16T13:54:13.406+08:00","caller":"load/sheddingstat.go:61","content":"(api) shedding_stat [1m], cpu: 14, total: 0, pass: 0, drop: 0","level":"stat"}
{"@timestamp":"2025-02-16T13:55:12.349+08:00","caller":"stat/usage.go:61","content":"CPU: 17m, MEMORY: Alloc=19.7Mi, TotalAlloc=2525.4Mi, Sys=35.1Mi, NumGC=374","level":"stat"}
{"@timestamp":"2025-02-16T13:55:13.407+08:00","caller":"load/sheddingstat.go:61","content":"(api) shedding_stat [1m], cpu: 17, total: 0, pass: 0, drop: 0","level":"stat"}
{"@timestamp":"2025-02-16T13:56:12.349+08:00","caller":"stat/usage.go:61","content":"CPU: 16m, MEMORY: Alloc=15.5Mi, TotalAlloc=2529.6Mi, Sys=35.1Mi, NumGC=375","level":"stat"}
{"@timestamp":"2025-02-16T13:56:13.406+08:00","caller":"load/sheddingstat.go:61","content":"(api) shedding_stat [1m], cpu: 16, total: 0, pass: 0, drop: 0","level":"stat"}
{"@timestamp":"2025-02-16T13:57:12.349+08:00","caller":"stat/usage.go:61","content":"CPU: 15m, MEMORY: Alloc=19.7Mi, TotalAlloc=2533.8Mi, Sys=35.1Mi, NumGC=375","level":"stat"}
{"@timestamp":"2025-02-16T13:57:13.405+08:00","caller":"load/sheddingstat.go:61","content":"(api) shedding_stat [1m], cpu: 15, total: 0, pass: 0, drop: 0","level":"stat"}
{"@timestamp":"2025-02-16T13:58:12.349+08:00","caller":"stat/usage.go:61","content":"CPU: 16m, MEMORY: Alloc=15.5Mi, TotalAlloc=2538.0Mi, Sys=35.1Mi, NumGC=376","level":"stat"}
{"@timestamp":"2025-02-16T13:58:13.406+08:00","caller":"load/sheddingstat.go:61","content":"(api) shedding_stat [1m], cpu: 17, total: 0, pass: 0, drop: 0","level":"stat"}
{"@timestamp":"2025-02-16T13:59:12.349+08:00","caller":"stat/usage.go:61","content":"CPU: 17m, MEMORY: Alloc=19.7Mi, TotalAlloc=2542.2Mi, Sys=35.1Mi, NumGC=376","level":"stat"}
{"@timestamp":"2025-02-16T13:59:13.406+08:00","caller":"load/sheddingstat.go:61","content":"(api) shedding_stat [1m], cpu: 17, total: 0, pass: 0, drop: 0","level":"stat"}
{"@timestamp":"2025-02-16T14:00:12.349+08:00","caller":"stat/usage.go:61","content":"CPU: 19m, MEMORY: Alloc=15.6Mi, TotalAlloc=2546.4Mi, Sys=35.1Mi, NumGC=377","level":"stat"}
{"@timestamp":"2025-02-16T14:00:13.406+08:00","caller":"load/sheddingstat.go:61","content":"(api) shedding_stat [1m], cpu: 19, total: 0, pass: 0, drop: 0","level":"stat"}
{"@timestamp":"2025-02-16T14:01:12.349+08:00","caller":"stat/usage.go:61","content":"CPU: 17m, MEMORY: Alloc=19.8Mi, TotalAlloc=2550.6Mi, Sys=35.1Mi, NumGC=377","level":"stat"}
{"@timestamp":"2025-02-16T14:01:13.406+08:00","caller":"load/sheddingstat.go:61","content":"(api) shedding_stat [1m], cpu: 17, total: 0, pass: 0, drop: 0","level":"stat"}
{"@timestamp":"2025-02-16T14:02:12.349+08:00","caller":"stat/usage.go:61","content":"CPU: 16m, MEMORY: Alloc=15.6Mi, TotalAlloc=2554.8Mi, Sys=35.1Mi, NumGC=378","level":"stat"}
{"@timestamp":"2025-02-16T14:02:13.406+08:00","caller":"load/sheddingstat.go:61","content":"(api) shedding_stat [1m], cpu: 16, total: 0, pass: 0, drop: 0","level":"stat"}
{"@timestamp":"2025-02-16T14:03:12.349+08:00","caller":"stat/usage.go:61","content":"CPU: 17m, MEMORY: Alloc=19.8Mi, TotalAlloc=2559.0Mi, Sys=35.1Mi, NumGC=378","level":"stat"}
{"@timestamp":"2025-02-16T14:03:13.406+08:00","caller":"load/sheddingstat.go:61","content":"(api) shedding_stat [1m], cpu: 17, total: 0, pass: 0, drop: 0","level":"stat"}
{"@timestamp":"2025-02-16T14:04:12.350+08:00","caller":"stat/usage.go:61","content":"CPU: 17m, MEMORY: Alloc=15.6Mi, TotalAlloc=2563.2Mi, Sys=35.1Mi, NumGC=379","level":"stat"}
{"@timestamp":"2025-02-16T14:04:13.405+08:00","caller":"load/sheddingstat.go:61","content":"(api) shedding_stat [1m], cpu: 17, total: 0, pass: 0, drop: 0","level":"stat"}
{"@timestamp":"2025-02-16T14:05:12.349+08:00","caller":"stat/usage.go:61","content":"CPU: 19m, MEMORY: Alloc=19.8Mi, TotalAlloc=2567.4Mi, Sys=35.1Mi, NumGC=379","level":"stat"}
{"@timestamp":"2025-02-16T14:05:13.406+08:00","caller":"load/sheddingstat.go:61","content":"(api) shedding_stat [1m], cpu: 18, total: 0, pass: 0, drop: 0","level":"stat"}
{"@timestamp":"2025-02-16T14:06:12.349+08:00","caller":"stat/usage.go:61","content":"CPU: 17m, MEMORY: Alloc=15.7Mi, TotalAlloc=2571.6Mi, Sys=35.1Mi, NumGC=380","level":"stat"}
{"@timestamp":"2025-02-16T14:06:13.406+08:00","caller":"load/sheddingstat.go:61","content":"(api) shedding_stat [1m], cpu: 17, total: 0, pass: 0, drop: 0","level":"stat"}
{"@timestamp":"2025-02-16T14:07:12.350+08:00","caller":"stat/usage.go:61","content":"CPU: 17m, MEMORY: Alloc=19.9Mi, TotalAlloc=2575.8Mi, Sys=35.1Mi, NumGC=380","level":"stat"}
{"@timestamp":"2025-02-16T14:07:13.405+08:00","caller":"load/sheddingstat.go:61","content":"(api) shedding_stat [1m], cpu: 19, total: 0, pass: 0, drop: 0","level":"stat"}
{"@timestamp":"2025-02-16T14:08:12.349+08:00","caller":"stat/usage.go:61","content":"CPU: 22m, MEMORY: Alloc=15.7Mi, TotalAlloc=2580.0Mi, Sys=35.1Mi, NumGC=381","level":"stat"}
{"@timestamp":"2025-02-16T14:08:13.406+08:00","caller":"load/sheddingstat.go:61","content":"(api) shedding_stat [1m], cpu: 23, total: 0, pass: 0, drop: 0","level":"stat"}
{"@timestamp":"2025-02-16T14:09:12.349+08:00","caller":"stat/usage.go:61","content":"CPU: 22m, MEMORY: Alloc=19.9Mi, TotalAlloc=2584.2Mi, Sys=35.1Mi, NumGC=381","level":"stat"}
{"@timestamp":"2025-02-16T14:09:13.406+08:00","caller":"load/sheddingstat.go:61","content":"(api) shedding_stat [1m], cpu: 20, total: 0, pass: 0, drop: 0","level":"stat"}
{"@timestamp":"2025-02-16T14:10:12.350+08:00","caller":"stat/usage.go:61","content":"CPU: 18m, MEMORY: Alloc=15.7Mi, TotalAlloc=2588.4Mi, Sys=35.1Mi, NumGC=382","level":"stat"}
{"@timestamp":"2025-02-16T14:10:13.406+08:00","caller":"load/sheddingstat.go:61","content":"(api) shedding_stat [1m], cpu: 17, total: 0, pass: 0, drop: 0","level":"stat"}
{"@timestamp":"2025-02-16T14:11:12.350+08:00","caller":"stat/usage.go:61","content":"CPU: 19m, MEMORY: Alloc=19.9Mi, TotalAlloc=2592.6Mi, Sys=35.1Mi, NumGC=382","level":"stat"}
{"@timestamp":"2025-02-16T14:11:13.406+08:00","caller":"load/sheddingstat.go:61","content":"(api) shedding_stat [1m], cpu: 18, total: 0, pass: 0, drop: 0","level":"stat"}
{"@timestamp":"2025-02-16T14:12:12.349+08:00","caller":"stat/usage.go:61","content":"CPU: 18m, MEMORY: Alloc=15.7Mi, TotalAlloc=2596.8Mi, Sys=35.1Mi, NumGC=383","level":"stat"}
{"@timestamp":"2025-02-16T14:12:13.406+08:00","caller":"load/sheddingstat.go:61","content":"(api) shedding_stat [1m], cpu: 18, total: 0, pass: 0, drop: 0","level":"stat"}
{"@timestamp":"2025-02-16T14:13:12.349+08:00","caller":"stat/usage.go:61","content":"CPU: 19m, MEMORY: Alloc=19.9Mi, TotalAlloc=2601.0Mi, Sys=35.1Mi, NumGC=383","level":"stat"}
{"@timestamp":"2025-02-16T14:13:13.407+08:00","caller":"load/sheddingstat.go:61","content":"(api) shedding_stat [1m], cpu: 18, total: 0, pass: 0, drop: 0","level":"stat"}
{"@timestamp":"2025-02-16T14:14:12.350+08:00","caller":"stat/usage.go:61","content":"CPU: 16m, MEMORY: Alloc=15.8Mi, TotalAlloc=2605.2Mi, Sys=35.1Mi, NumGC=384","level":"stat"}
{"@timestamp":"2025-02-16T14:14:13.406+08:00","caller":"load/sheddingstat.go:61","content":"(api) shedding_stat [1m], cpu: 18, total: 0, pass: 0, drop: 0","level":"stat"}
{"@timestamp":"2025-02-16T14:15:12.349+08:00","caller":"stat/usage.go:61","content":"CPU: 16m, MEMORY: Alloc=20.0Mi, TotalAlloc=2609.4Mi, Sys=35.1Mi, NumGC=384","level":"stat"}
{"@timestamp":"2025-02-16T14:15:13.405+08:00","caller":"load/sheddingstat.go:61","content":"(api) shedding_stat [1m], cpu: 18, total: 0, pass: 0, drop: 0","level":"stat"}
{"@timestamp":"2025-02-16T14:16:12.349+08:00","caller":"stat/usage.go:61","content":"CPU: 17m, MEMORY: Alloc=15.8Mi, TotalAlloc=2613.6Mi, Sys=35.1Mi, NumGC=385","level":"stat"}
{"@timestamp":"2025-02-16T14:16:13.406+08:00","caller":"load/sheddingstat.go:61","content":"(api) shedding_stat [1m], cpu: 19, total: 0, pass: 0, drop: 0","level":"stat"}
{"@timestamp":"2025-02-16T14:17:12.349+08:00","caller":"stat/usage.go:61","content":"CPU: 15m, MEMORY: Alloc=20.0Mi, TotalAlloc=2617.8Mi, Sys=35.1Mi, NumGC=385","level":"stat"}
{"@timestamp":"2025-02-16T14:17:13.406+08:00","caller":"load/sheddingstat.go:61","content":"(api) shedding_stat [1m], cpu: 17, total: 0, pass: 0, drop: 0","level":"stat"}
{"@timestamp":"2025-02-16T14:18:12.349+08:00","caller":"stat/usage.go:61","content":"CPU: 17m, MEMORY: Alloc=15.8Mi, TotalAlloc=2622.0Mi, Sys=35.1Mi, NumGC=386","level":"stat"}
{"@timestamp":"2025-02-16T14:18:13.406+08:00","caller":"load/sheddingstat.go:61","content":"(api) shedding_stat [1m], cpu: 17, total: 0, pass: 0, drop: 0","level":"stat"}
{"@timestamp":"2025-02-16T14:19:12.349+08:00","caller":"stat/usage.go:61","content":"CPU: 17m, MEMORY: Alloc=20.0Mi, TotalAlloc=2626.2Mi, Sys=35.1Mi, NumGC=386","level":"stat"}
{"@timestamp":"2025-02-16T14:19:13.406+08:00","caller":"load/sheddingstat.go:61","content":"(api) shedding_stat [1m], cpu: 17, total: 0, pass: 0, drop: 0","level":"stat"}
{"@timestamp":"2025-02-16T14:20:12.349+08:00","caller":"stat/usage.go:61","content":"CPU: 17m, MEMORY: Alloc=15.9Mi, TotalAlloc=2630.4Mi, Sys=35.1Mi, NumGC=387","level":"stat"}
{"@timestamp":"2025-02-16T14:20:13.407+08:00","caller":"load/sheddingstat.go:61","content":"(api) shedding_stat [1m], cpu: 17, total: 0, pass: 0, drop: 0","level":"stat"}
{"@timestamp":"2025-02-16T14:21:12.349+08:00","caller":"stat/usage.go:61","content":"CPU: 16m, MEMORY: Alloc=20.1Mi, TotalAlloc=2634.6Mi, Sys=35.1Mi, NumGC=387","level":"stat"}
{"@timestamp":"2025-02-16T14:21:13.406+08:00","caller":"load/sheddingstat.go:61","content":"(api) shedding_stat [1m], cpu: 16, total: 0, pass: 0, drop: 0","level":"stat"}
{"@timestamp":"2025-02-16T14:22:12.349+08:00","caller":"stat/usage.go:61","content":"CPU: 16m, MEMORY: Alloc=15.9Mi, TotalAlloc=2638.8Mi, Sys=35.1Mi, NumGC=388","level":"stat"}
{"@timestamp":"2025-02-16T14:22:13.406+08:00","caller":"load/sheddingstat.go:61","content":"(api) shedding_stat [1m], cpu: 16, total: 0, pass: 0, drop: 0","level":"stat"}
{"@timestamp":"2025-02-16T14:23:12.349+08:00","caller":"stat/usage.go:61","content":"CPU: 17m, MEMORY: Alloc=20.1Mi, TotalAlloc=2643.0Mi, Sys=35.1Mi, NumGC=388","level":"stat"}
{"@timestamp":"2025-02-16T14:23:13.406+08:00","caller":"load/sheddingstat.go:61","content":"(api) shedding_stat [1m], cpu: 17, total: 0, pass: 0, drop: 0","level":"stat"}
{"@timestamp":"2025-02-16T14:24:12.349+08:00","caller":"stat/usage.go:61","content":"CPU: 18m, MEMORY: Alloc=15.9Mi, TotalAlloc=2647.2Mi, Sys=35.1Mi, NumGC=389","level":"stat"}
{"@timestamp":"2025-02-16T14:24:13.406+08:00","caller":"load/sheddingstat.go:61","content":"(api) shedding_stat [1m], cpu: 18, total: 0, pass: 0, drop: 0","level":"stat"}
{"@timestamp":"2025-02-16T14:25:12.349+08:00","caller":"stat/usage.go:61","content":"CPU: 17m, MEMORY: Alloc=20.1Mi, TotalAlloc=2651.4Mi, Sys=35.1Mi, NumGC=389","level":"stat"}
{"@timestamp":"2025-02-16T14:25:13.406+08:00","caller":"load/sheddingstat.go:61","content":"(api) shedding_stat [1m], cpu: 18, total: 0, pass: 0, drop: 0","level":"stat"}
{"@timestamp":"2025-02-16T14:26:12.349+08:00","caller":"stat/usage.go:61","content":"CPU: 17m, MEMORY: Alloc=15.9Mi, TotalAlloc=2655.6Mi, Sys=35.1Mi, NumGC=390","level":"stat"}
{"@timestamp":"2025-02-16T14:26:13.406+08:00","caller":"load/sheddingstat.go:61","content":"(api) shedding_stat [1m], cpu: 18, total: 0, pass: 0, drop: 0","level":"stat"}
{"@timestamp":"2025-02-16T14:27:12.349+08:00","caller":"stat/usage.go:61","content":"CPU: 19m, MEMORY: Alloc=20.2Mi, TotalAlloc=2659.8Mi, Sys=35.1Mi, NumGC=390","level":"stat"}
{"@timestamp":"2025-02-16T14:27:13.406+08:00","caller":"load/sheddingstat.go:61","content":"(api) shedding_stat [1m], cpu: 19, total: 0, pass: 0, drop: 0","level":"stat"}
{"@timestamp":"2025-02-16T14:28:12.349+08:00","caller":"stat/usage.go:61","content":"CPU: 15m, MEMORY: Alloc=16.0Mi, TotalAlloc=2664.0Mi, Sys=35.1Mi, NumGC=391","level":"stat"}
{"@timestamp":"2025-02-16T14:28:13.406+08:00","caller":"load/sheddingstat.go:61","content":"(api) shedding_stat [1m], cpu: 15, total: 0, pass: 0, drop: 0","level":"stat"}
{"@timestamp":"2025-02-16T14:29:12.349+08:00","caller":"stat/usage.go:61","content":"CPU: 16m, MEMORY: Alloc=20.2Mi, TotalAlloc=2668.2Mi, Sys=35.1Mi, NumGC=391","level":"stat"}
{"@timestamp":"2025-02-16T14:29:13.406+08:00","caller":"load/sheddingstat.go:61","content":"(api) shedding_stat [1m], cpu: 16, total: 0, pass: 0, drop: 0","level":"stat"}
{"@timestamp":"2025-02-16T14:30:12.349+08:00","caller":"stat/usage.go:61","content":"CPU: 16m, MEMORY: Alloc=16.0Mi, TotalAlloc=2672.4Mi, Sys=35.1Mi, NumGC=392","level":"stat"}
{"@timestamp":"2025-02-16T14:30:13.406+08:00","caller":"load/sheddingstat.go:61","content":"(api) shedding_stat [1m], cpu: 16, total: 0, pass: 0, drop: 0","level":"stat"}
{"@timestamp":"2025-02-16T14:31:12.349+08:00","caller":"stat/usage.go:61","content":"CPU: 16m, MEMORY: Alloc=20.2Mi, TotalAlloc=2676.6Mi, Sys=35.1Mi, NumGC=392","level":"stat"}
{"@timestamp":"2025-02-16T14:31:13.406+08:00","caller":"load/sheddingstat.go:61","content":"(api) shedding_stat [1m], cpu: 16, total: 0, pass: 0, drop: 0","level":"stat"}
{"@timestamp":"2025-02-16T14:32:12.349+08:00","caller":"stat/usage.go:61","content":"CPU: 16m, MEMORY: Alloc=16.0Mi, TotalAlloc=2680.8Mi, Sys=35.1Mi, NumGC=393","level":"stat"}
{"@timestamp":"2025-02-16T14:32:13.406+08:00","caller":"load/sheddingstat.go:61","content":"(api) shedding_stat [1m], cpu: 16, total: 0, pass: 0, drop: 0","level":"stat"}
{"@timestamp":"2025-02-16T14:33:12.349+08:00","caller":"stat/usage.go:61","content":"CPU: 16m, MEMORY: Alloc=20.3Mi, TotalAlloc=2685.0Mi, Sys=35.1Mi, NumGC=393","level":"stat"}
{"@timestamp":"2025-02-16T14:33:13.406+08:00","caller":"load/sheddingstat.go:61","content":"(api) shedding_stat [1m], cpu: 16, total: 0, pass: 0, drop: 0","level":"stat"}
{"@timestamp":"2025-02-16T14:34:12.350+08:00","caller":"stat/usage.go:61","content":"CPU: 16m, MEMORY: Alloc=16.1Mi, TotalAlloc=2689.2Mi, Sys=35.1Mi, NumGC=394","level":"stat"}
{"@timestamp":"2025-02-16T14:34:13.406+08:00","caller":"load/sheddingstat.go:61","content":"(api) shedding_stat [1m], cpu: 16, total: 0, pass: 0, drop: 0","level":"stat"}
{"@timestamp":"2025-02-16T14:35:12.349+08:00","caller":"stat/usage.go:61","content":"CPU: 17m, MEMORY: Alloc=20.3Mi, TotalAlloc=2693.4Mi, Sys=35.1Mi, NumGC=394","level":"stat"}
{"@timestamp":"2025-02-16T14:35:13.406+08:00","caller":"load/sheddingstat.go:61","content":"(api) shedding_stat [1m], cpu: 17, total: 0, pass: 0, drop: 0","level":"stat"}
{"@timestamp":"2025-02-16T14:36:12.350+08:00","caller":"stat/usage.go:61","content":"CPU: 17m, MEMORY: Alloc=16.1Mi, TotalAlloc=2697.6Mi, Sys=35.1Mi, NumGC=395","level":"stat"}
{"@timestamp":"2025-02-16T14:36:13.406+08:00","caller":"load/sheddingstat.go:61","content":"(api) shedding_stat [1m], cpu: 17, total: 0, pass: 0, drop: 0","level":"stat"}
{"@timestamp":"2025-02-16T14:37:12.349+08:00","caller":"stat/usage.go:61","content":"CPU: 16m, MEMORY: Alloc=20.3Mi, TotalAlloc=2701.8Mi, Sys=35.1Mi, NumGC=395","level":"stat"}
{"@timestamp":"2025-02-16T14:37:13.406+08:00","caller":"load/sheddingstat.go:61","content":"(api) shedding_stat [1m], cpu: 15, total: 0, pass: 0, drop: 0","level":"stat"}
{"@timestamp":"2025-02-16T14:38:12.349+08:00","caller":"stat/usage.go:61","content":"CPU: 16m, MEMORY: Alloc=16.1Mi, TotalAlloc=2706.0Mi, Sys=35.1Mi, NumGC=396","level":"stat"}
{"@timestamp":"2025-02-16T14:38:13.406+08:00","caller":"load/sheddingstat.go:61","content":"(api) shedding_stat [1m], cpu: 16, total: 0, pass: 0, drop: 0","level":"stat"}
{"@timestamp":"2025-02-16T14:39:12.349+08:00","caller":"stat/usage.go:61","content":"CPU: 16m, MEMORY: Alloc=20.3Mi, TotalAlloc=2710.2Mi, Sys=35.1Mi, NumGC=396","level":"stat"}
{"@timestamp":"2025-02-16T14:39:13.406+08:00","caller":"load/sheddingstat.go:61","content":"(api) shedding_stat [1m], cpu: 16, total: 0, pass: 0, drop: 0","level":"stat"}
{"@timestamp":"2025-02-16T14:40:12.349+08:00","caller":"stat/usage.go:61","content":"CPU: 20m, MEMORY: Alloc=16.2Mi, TotalAlloc=2714.4Mi, Sys=35.1Mi, NumGC=397","level":"stat"}
{"@timestamp":"2025-02-16T14:40:13.406+08:00","caller":"load/sheddingstat.go:61","content":"(api) shedding_stat [1m], cpu: 20, total: 0, pass: 0, drop: 0","level":"stat"}
{"@timestamp":"2025-02-16T14:41:12.349+08:00","caller":"stat/usage.go:61","content":"CPU: 17m, MEMORY: Alloc=20.4Mi, TotalAlloc=2718.6Mi, Sys=35.1Mi, NumGC=397","level":"stat"}
{"@timestamp":"2025-02-16T14:41:13.405+08:00","caller":"load/sheddingstat.go:61","content":"(api) shedding_stat [1m], cpu: 17, total: 0, pass: 0, drop: 0","level":"stat"}
{"@timestamp":"2025-02-16T14:42:12.349+08:00","caller":"stat/usage.go:61","content":"CPU: 16m, MEMORY: Alloc=16.2Mi, TotalAlloc=2722.8Mi, Sys=35.1Mi, NumGC=398","level":"stat"}
{"@timestamp":"2025-02-16T14:42:13.406+08:00","caller":"load/sheddingstat.go:61","content":"(api) shedding_stat [1m], cpu: 16, total: 0, pass: 0, drop: 0","level":"stat"}
{"@timestamp":"2025-02-16T14:43:12.349+08:00","caller":"stat/usage.go:61","content":"CPU: 16m, MEMORY: Alloc=20.4Mi, TotalAlloc=2727.0Mi, Sys=35.1Mi, NumGC=398","level":"stat"}
{"@timestamp":"2025-02-16T14:43:13.405+08:00","caller":"load/sheddingstat.go:61","content":"(api) shedding_stat [1m], cpu: 16, total: 0, pass: 0, drop: 0","level":"stat"}
{"@timestamp":"2025-02-16T14:44:12.350+08:00","caller":"stat/usage.go:61","content":"CPU: 16m, MEMORY: Alloc=16.2Mi, TotalAlloc=2731.2Mi, Sys=35.1Mi, NumGC=399","level":"stat"}
{"@timestamp":"2025-02-16T14:44:13.406+08:00","caller":"load/sheddingstat.go:61","content":"(api) shedding_stat [1m], cpu: 16, total: 0, pass: 0, drop: 0","level":"stat"}
{"@timestamp":"2025-02-16T14:45:12.349+08:00","caller":"stat/usage.go:61","content":"CPU: 17m, MEMORY: Alloc=20.4Mi, TotalAlloc=2735.4Mi, Sys=35.1Mi, NumGC=399","level":"stat"}
{"@timestamp":"2025-02-16T14:45:13.406+08:00","caller":"load/sheddingstat.go:61","content":"(api) shedding_stat [1m], cpu: 17, total: 0, pass: 0, drop: 0","level":"stat"}
{"@timestamp":"2025-02-16T14:46:12.349+08:00","caller":"stat/usage.go:61","content":"CPU: 18m, MEMORY: Alloc=16.3Mi, TotalAlloc=2739.6Mi, Sys=35.1Mi, NumGC=400","level":"stat"}
{"@timestamp":"2025-02-16T14:46:13.406+08:00","caller":"load/sheddingstat.go:61","content":"(api) shedding_stat [1m], cpu: 18, total: 0, pass: 0, drop: 0","level":"stat"}
{"@timestamp":"2025-02-16T14:47:12.350+08:00","caller":"stat/usage.go:61","content":"CPU: 17m, MEMORY: Alloc=20.5Mi, TotalAlloc=2743.8Mi, Sys=35.1Mi, NumGC=400","level":"stat"}
{"@timestamp":"2025-02-16T14:47:13.406+08:00","caller":"load/sheddingstat.go:61","content":"(api) shedding_stat [1m], cpu: 17, total: 0, pass: 0, drop: 0","level":"stat"}
{"@timestamp":"2025-02-16T14:48:12.349+08:00","caller":"stat/usage.go:61","content":"CPU: 19m, MEMORY: Alloc=16.3Mi, TotalAlloc=2748.0Mi, Sys=35.1Mi, NumGC=401","level":"stat"}
{"@timestamp":"2025-02-16T14:48:13.406+08:00","caller":"load/sheddingstat.go:61","content":"(api) shedding_stat [1m], cpu: 20, total: 0, pass: 0, drop: 0","level":"stat"}
{"@timestamp":"2025-02-16T14:49:12.349+08:00","caller":"stat/usage.go:61","content":"CPU: 20m, MEMORY: Alloc=20.5Mi, TotalAlloc=2752.2Mi, Sys=35.1Mi, NumGC=401","level":"stat"}
{"@timestamp":"2025-02-16T14:49:13.406+08:00","caller":"load/sheddingstat.go:61","content":"(api) shedding_stat [1m], cpu: 20, total: 0, pass: 0, drop: 0","level":"stat"}
{"@timestamp":"2025-02-16T14:50:12.349+08:00","caller":"stat/usage.go:61","content":"CPU: 15m, MEMORY: Alloc=16.3Mi, TotalAlloc=2756.4Mi, Sys=35.1Mi, NumGC=402","level":"stat"}
{"@timestamp":"2025-02-16T14:50:13.406+08:00","caller":"load/sheddingstat.go:61","content":"(api) shedding_stat [1m], cpu: 16, total: 0, pass: 0, drop: 0","level":"stat"}
{"@timestamp":"2025-02-16T14:51:12.349+08:00","caller":"stat/usage.go:61","content":"CPU: 16m, MEMORY: Alloc=20.5Mi, TotalAlloc=2760.6Mi, Sys=35.1Mi, NumGC=402","level":"stat"}
{"@timestamp":"2025-02-16T14:51:13.406+08:00","caller":"load/sheddingstat.go:61","content":"(api) shedding_stat [1m], cpu: 17, total: 0, pass: 0, drop: 0","level":"stat"}
{"@timestamp":"2025-02-16T14:52:12.349+08:00","caller":"stat/usage.go:61","content":"CPU: 17m, MEMORY: Alloc=16.3Mi, TotalAlloc=2764.8Mi, Sys=35.1Mi, NumGC=403","level":"stat"}
{"@timestamp":"2025-02-16T14:52:13.407+08:00","caller":"load/sheddingstat.go:61","content":"(api) shedding_stat [1m], cpu: 19, total: 0, pass: 0, drop: 0","level":"stat"}
{"@timestamp":"2025-02-16T14:53:12.349+08:00","caller":"stat/usage.go:61","content":"CPU: 20m, MEMORY: Alloc=20.5Mi, TotalAlloc=2769.0Mi, Sys=35.1Mi, NumGC=403","level":"stat"}
{"@timestamp":"2025-02-16T14:53:13.407+08:00","caller":"load/sheddingstat.go:61","content":"(api) shedding_stat [1m], cpu: 20, total: 0, pass: 0, drop: 0","level":"stat"}
{"@timestamp":"2025-02-16T14:54:12.349+08:00","caller":"stat/usage.go:61","content":"CPU: 17m, MEMORY: Alloc=16.4Mi, TotalAlloc=2773.2Mi, Sys=35.1Mi, NumGC=404","level":"stat"}
{"@timestamp":"2025-02-16T14:54:13.406+08:00","caller":"load/sheddingstat.go:61","content":"(api) shedding_stat [1m], cpu: 17, total: 0, pass: 0, drop: 0","level":"stat"}
{"@timestamp":"2025-02-16T14:55:12.349+08:00","caller":"stat/usage.go:61","content":"CPU: 15m, MEMORY: Alloc=20.6Mi, TotalAlloc=2777.4Mi, Sys=35.1Mi, NumGC=404","level":"stat"}
{"@timestamp":"2025-02-16T14:55:13.406+08:00","caller":"load/sheddingstat.go:61","content":"(api) shedding_stat [1m], cpu: 15, total: 0, pass: 0, drop: 0","level":"stat"}
{"@timestamp":"2025-02-16T14:56:12.349+08:00","caller":"stat/usage.go:61","content":"CPU: 15m, MEMORY: Alloc=16.4Mi, TotalAlloc=2781.6Mi, Sys=35.1Mi, NumGC=405","level":"stat"}
{"@timestamp":"2025-02-16T14:56:13.406+08:00","caller":"load/sheddingstat.go:61","content":"(api) shedding_stat [1m], cpu: 15, total: 0, pass: 0, drop: 0","level":"stat"}
{"@timestamp":"2025-02-16T14:57:12.349+08:00","caller":"stat/usage.go:61","content":"CPU: 16m, MEMORY: Alloc=20.6Mi, TotalAlloc=2785.9Mi, Sys=35.1Mi, NumGC=405","level":"stat"}
{"@timestamp":"2025-02-16T14:57:13.406+08:00","caller":"load/sheddingstat.go:61","content":"(api) shedding_stat [1m], cpu: 16, total: 0, pass: 0, drop: 0","level":"stat"}
{"@timestamp":"2025-02-16T14:58:12.349+08:00","caller":"stat/usage.go:61","content":"CPU: 17m, MEMORY: Alloc=16.4Mi, TotalAlloc=2790.1Mi, Sys=35.1Mi, NumGC=406","level":"stat"}
{"@timestamp":"2025-02-16T14:58:13.405+08:00","caller":"load/sheddingstat.go:61","content":"(api) shedding_stat [1m], cpu: 17, total: 0, pass: 0, drop: 0","level":"stat"}
{"@timestamp":"2025-02-16T14:59:12.349+08:00","caller":"stat/usage.go:61","content":"CPU: 15m, MEMORY: Alloc=20.6Mi, TotalAlloc=2794.3Mi, Sys=35.1Mi, NumGC=406","level":"stat"}
{"@timestamp":"2025-02-16T14:59:13.406+08:00","caller":"load/sheddingstat.go:61","content":"(api) shedding_stat [1m], cpu: 15, total: 0, pass: 0, drop: 0","level":"stat"}
{"@timestamp":"2025-02-16T15:00:12.349+08:00","caller":"stat/usage.go:61","content":"CPU: 17m, MEMORY: Alloc=16.5Mi, TotalAlloc=2798.5Mi, Sys=35.1Mi, NumGC=407","level":"stat"}
{"@timestamp":"2025-02-16T15:00:13.406+08:00","caller":"load/sheddingstat.go:61","content":"(api) shedding_stat [1m], cpu: 17, total: 0, pass: 0, drop: 0","level":"stat"}
{"@timestamp":"2025-02-16T15:01:12.349+08:00","caller":"stat/usage.go:61","content":"CPU: 15m, MEMORY: Alloc=20.7Mi, TotalAlloc=2802.7Mi, Sys=35.1Mi, NumGC=407","level":"stat"}
{"@timestamp":"2025-02-16T15:01:13.406+08:00","caller":"load/sheddingstat.go:61","content":"(api) shedding_stat [1m], cpu: 15, total: 0, pass: 0, drop: 0","level":"stat"}
{"@timestamp":"2025-02-16T15:02:12.349+08:00","caller":"stat/usage.go:61","content":"CPU: 16m, MEMORY: Alloc=16.5Mi, TotalAlloc=2806.9Mi, Sys=35.1Mi, NumGC=408","level":"stat"}
{"@timestamp":"2025-02-16T15:02:13.406+08:00","caller":"load/sheddingstat.go:61","content":"(api) shedding_stat [1m], cpu: 16, total: 0, pass: 0, drop: 0","level":"stat"}
{"@timestamp":"2025-02-16T15:03:12.349+08:00","caller":"stat/usage.go:61","content":"CPU: 16m, MEMORY: Alloc=20.7Mi, TotalAlloc=2811.1Mi, Sys=35.1Mi, NumGC=408","level":"stat"}
{"@timestamp":"2025-02-16T15:03:13.407+08:00","caller":"load/sheddingstat.go:61","content":"(api) shedding_stat [1m], cpu: 16, total: 0, pass: 0, drop: 0","level":"stat"}
{"@timestamp":"2025-02-16T15:04:12.350+08:00","caller":"stat/usage.go:61","content":"CPU: 15m, MEMORY: Alloc=16.5Mi, TotalAlloc=2815.3Mi, Sys=35.1Mi, NumGC=409","level":"stat"}
{"@timestamp":"2025-02-16T15:04:13.406+08:00","caller":"load/sheddingstat.go:61","content":"(api) shedding_stat [1m], cpu: 16, total: 0, pass: 0, drop: 0","level":"stat"}
{"@timestamp":"2025-02-16T15:05:12.349+08:00","caller":"stat/usage.go:61","content":"CPU: 16m, MEMORY: Alloc=20.7Mi, TotalAlloc=2819.5Mi, Sys=35.1Mi, NumGC=409","level":"stat"}
{"@timestamp":"2025-02-16T15:05:13.406+08:00","caller":"load/sheddingstat.go:61","content":"(api) shedding_stat [1m], cpu: 17, total: 0, pass: 0, drop: 0","level":"stat"}
{"@timestamp":"2025-02-16T15:06:12.350+08:00","caller":"stat/usage.go:61","content":"CPU: 21m, MEMORY: Alloc=16.6Mi, TotalAlloc=2823.7Mi, Sys=35.1Mi, NumGC=410","level":"stat"}
{"@timestamp":"2025-02-16T15:06:13.405+08:00","caller":"load/sheddingstat.go:61","content":"(api) shedding_stat [1m], cpu: 20, total: 0, pass: 0, drop: 0","level":"stat"}
{"@timestamp":"2025-02-16T15:07:12.349+08:00","caller":"stat/usage.go:61","content":"CPU: 16m, MEMORY: Alloc=20.8Mi, TotalAlloc=2827.9Mi, Sys=35.1Mi, NumGC=410","level":"stat"}
{"@timestamp":"2025-02-16T15:07:13.406+08:00","caller":"load/sheddingstat.go:61","content":"(api) shedding_stat [1m], cpu: 17, total: 0, pass: 0, drop: 0","level":"stat"}
{"@timestamp":"2025-02-16T15:08:12.349+08:00","caller":"stat/usage.go:61","content":"CPU: 16m, MEMORY: Alloc=16.6Mi, TotalAlloc=2832.1Mi, Sys=35.1Mi, NumGC=411","level":"stat"}
{"@timestamp":"2025-02-16T15:08:13.406+08:00","caller":"load/sheddingstat.go:61","content":"(api) shedding_stat [1m], cpu: 16, total: 0, pass: 0, drop: 0","level":"stat"}
{"@timestamp":"2025-02-16T15:09:12.349+08:00","caller":"stat/usage.go:61","content":"CPU: 17m, MEMORY: Alloc=20.8Mi, TotalAlloc=2836.3Mi, Sys=35.1Mi, NumGC=411","level":"stat"}
{"@timestamp":"2025-02-16T15:09:13.406+08:00","caller":"load/sheddingstat.go:61","content":"(api) shedding_stat [1m], cpu: 17, total: 0, pass: 0, drop: 0","level":"stat"}
{"@timestamp":"2025-02-16T15:10:12.349+08:00","caller":"stat/usage.go:61","content":"CPU: 16m, MEMORY: Alloc=16.6Mi, TotalAlloc=2840.5Mi, Sys=35.1Mi, NumGC=412","level":"stat"}
{"@timestamp":"2025-02-16T15:10:13.406+08:00","caller":"load/sheddingstat.go:61","content":"(api) shedding_stat [1m], cpu: 16, total: 0, pass: 0, drop: 0","level":"stat"}
{"@timestamp":"2025-02-16T15:11:12.349+08:00","caller":"stat/usage.go:61","content":"CPU: 17m, MEMORY: Alloc=20.8Mi, TotalAlloc=2844.7Mi, Sys=35.1Mi, NumGC=412","level":"stat"}
{"@timestamp":"2025-02-16T15:11:13.406+08:00","caller":"load/sheddingstat.go:61","content":"(api) shedding_stat [1m], cpu: 17, total: 0, pass: 0, drop: 0","level":"stat"}
{"@timestamp":"2025-02-16T15:12:12.349+08:00","caller":"stat/usage.go:61","content":"CPU: 17m, MEMORY: Alloc=16.6Mi, TotalAlloc=2848.9Mi, Sys=35.1Mi, NumGC=413","level":"stat"}
{"@timestamp":"2025-02-16T15:12:13.407+08:00","caller":"load/sheddingstat.go:61","content":"(api) shedding_stat [1m], cpu: 17, total: 0, pass: 0, drop: 0","level":"stat"}
{"@timestamp":"2025-02-16T15:13:12.349+08:00","caller":"stat/usage.go:61","content":"CPU: 16m, MEMORY: Alloc=20.8Mi, TotalAlloc=2853.1Mi, Sys=35.1Mi, NumGC=413","level":"stat"}
{"@timestamp":"2025-02-16T15:13:13.406+08:00","caller":"load/sheddingstat.go:61","content":"(api) shedding_stat [1m], cpu: 16, total: 0, pass: 0, drop: 0","level":"stat"}
{"@timestamp":"2025-02-16T15:14:12.349+08:00","caller":"stat/usage.go:61","content":"CPU: 16m, MEMORY: Alloc=16.7Mi, TotalAlloc=2857.3Mi, Sys=35.1Mi, NumGC=414","level":"stat"}
{"@timestamp":"2025-02-16T15:14:13.406+08:00","caller":"load/sheddingstat.go:61","content":"(api) shedding_stat [1m], cpu: 16, total: 0, pass: 0, drop: 0","level":"stat"}
{"@timestamp":"2025-02-16T15:15:12.349+08:00","caller":"stat/usage.go:61","content":"CPU: 17m, MEMORY: Alloc=20.9Mi, TotalAlloc=2861.5Mi, Sys=35.1Mi, NumGC=414","level":"stat"}
{"@timestamp":"2025-02-16T15:15:13.406+08:00","caller":"load/sheddingstat.go:61","content":"(api) shedding_stat [1m], cpu: 17, total: 0, pass: 0, drop: 0","level":"stat"}
{"@timestamp":"2025-02-16T15:16:12.349+08:00","caller":"stat/usage.go:61","content":"CPU: 16m, MEMORY: Alloc=16.7Mi, TotalAlloc=2865.7Mi, Sys=35.1Mi, NumGC=415","level":"stat"}
{"@timestamp":"2025-02-16T15:16:13.406+08:00","caller":"load/sheddingstat.go:61","content":"(api) shedding_stat [1m], cpu: 16, total: 0, pass: 0, drop: 0","level":"stat"}
{"@timestamp":"2025-02-16T15:17:12.349+08:00","caller":"stat/usage.go:61","content":"CPU: 18m, MEMORY: Alloc=20.9Mi, TotalAlloc=2869.9Mi, Sys=35.1Mi, NumGC=415","level":"stat"}
{"@timestamp":"2025-02-16T15:17:13.405+08:00","caller":"load/sheddingstat.go:61","content":"(api) shedding_stat [1m], cpu: 18, total: 0, pass: 0, drop: 0","level":"stat"}
{"@timestamp":"2025-02-16T15:18:12.350+08:00","caller":"stat/usage.go:61","content":"CPU: 17m, MEMORY: Alloc=16.7Mi, TotalAlloc=2874.1Mi, Sys=35.1Mi, NumGC=416","level":"stat"}
{"@timestamp":"2025-02-16T15:18:13.406+08:00","caller":"load/sheddingstat.go:61","content":"(api) shedding_stat [1m], cpu: 17, total: 0, pass: 0, drop: 0","level":"stat"}
{"@timestamp":"2025-02-16T15:19:12.349+08:00","caller":"stat/usage.go:61","content":"CPU: 21m, MEMORY: Alloc=20.9Mi, TotalAlloc=2878.3Mi, Sys=35.1Mi, NumGC=416","level":"stat"}
{"@timestamp":"2025-02-16T15:19:13.406+08:00","caller":"load/sheddingstat.go:61","content":"(api) shedding_stat [1m], cpu: 21, total: 0, pass: 0, drop: 0","level":"stat"}
{"@timestamp":"2025-02-16T15:20:12.349+08:00","caller":"stat/usage.go:61","content":"CPU: 19m, MEMORY: Alloc=16.8Mi, TotalAlloc=2882.5Mi, Sys=35.1Mi, NumGC=417","level":"stat"}
{"@timestamp":"2025-02-16T15:20:13.406+08:00","caller":"load/sheddingstat.go:61","content":"(api) shedding_stat [1m], cpu: 19, total: 0, pass: 0, drop: 0","level":"stat"}
{"@timestamp":"2025-02-16T15:21:12.349+08:00","caller":"stat/usage.go:61","content":"CPU: 17m, MEMORY: Alloc=21.0Mi, TotalAlloc=2886.7Mi, Sys=35.1Mi, NumGC=417","level":"stat"}
{"@timestamp":"2025-02-16T15:21:13.406+08:00","caller":"load/sheddingstat.go:61","content":"(api) shedding_stat [1m], cpu: 17, total: 0, pass: 0, drop: 0","level":"stat"}
{"@timestamp":"2025-02-16T15:22:12.349+08:00","caller":"stat/usage.go:61","content":"CPU: 19m, MEMORY: Alloc=16.8Mi, TotalAlloc=2890.9Mi, Sys=35.1Mi, NumGC=418","level":"stat"}
{"@timestamp":"2025-02-16T15:22:13.405+08:00","caller":"load/sheddingstat.go:61","content":"(api) shedding_stat [1m], cpu: 19, total: 0, pass: 0, drop: 0","level":"stat"}
{"@timestamp":"2025-02-16T15:23:12.349+08:00","caller":"stat/usage.go:61","content":"CPU: 16m, MEMORY: Alloc=21.0Mi, TotalAlloc=2895.1Mi, Sys=35.1Mi, NumGC=418","level":"stat"}
{"@timestamp":"2025-02-16T15:23:13.407+08:00","caller":"load/sheddingstat.go:61","content":"(api) shedding_stat [1m], cpu: 17, total: 0, pass: 0, drop: 0","level":"stat"}
{"@timestamp":"2025-02-16T15:24:12.350+08:00","caller":"stat/usage.go:61","content":"CPU: 16m, MEMORY: Alloc=16.8Mi, TotalAlloc=2899.3Mi, Sys=35.1Mi, NumGC=419","level":"stat"}
{"@timestamp":"2025-02-16T15:24:13.406+08:00","caller":"load/sheddingstat.go:61","content":"(api) shedding_stat [1m], cpu: 17, total: 0, pass: 0, drop: 0","level":"stat"}
{"@timestamp":"2025-02-16T15:25:12.350+08:00","caller":"stat/usage.go:61","content":"CPU: 16m, MEMORY: Alloc=21.0Mi, TotalAlloc=2903.5Mi, Sys=35.1Mi, NumGC=419","level":"stat"}
{"@timestamp":"2025-02-16T15:25:13.407+08:00","caller":"load/sheddingstat.go:61","content":"(api) shedding_stat [1m], cpu: 19, total: 0, pass: 0, drop: 0","level":"stat"}
{"@timestamp":"2025-02-16T15:26:12.349+08:00","caller":"stat/usage.go:61","content":"CPU: 17m, MEMORY: Alloc=16.9Mi, TotalAlloc=2907.7Mi, Sys=35.1Mi, NumGC=420","level":"stat"}
{"@timestamp":"2025-02-16T15:26:13.406+08:00","caller":"load/sheddingstat.go:61","content":"(api) shedding_stat [1m], cpu: 19, total: 0, pass: 0, drop: 0","level":"stat"}
{"@timestamp":"2025-02-16T15:27:12.349+08:00","caller":"stat/usage.go:61","content":"CPU: 17m, MEMORY: Alloc=21.1Mi, TotalAlloc=2911.9Mi, Sys=35.1Mi, NumGC=420","level":"stat"}
{"@timestamp":"2025-02-16T15:27:13.406+08:00","caller":"load/sheddingstat.go:61","content":"(api) shedding_stat [1m], cpu: 19, total: 0, pass: 0, drop: 0","level":"stat"}
{"@timestamp":"2025-02-16T15:28:12.349+08:00","caller":"stat/usage.go:61","content":"CPU: 18m, MEMORY: Alloc=16.9Mi, TotalAlloc=2916.1Mi, Sys=35.1Mi, NumGC=421","level":"stat"}
{"@timestamp":"2025-02-16T15:28:13.406+08:00","caller":"load/sheddingstat.go:61","content":"(api) shedding_stat [1m], cpu: 19, total: 0, pass: 0, drop: 0","level":"stat"}
{"@timestamp":"2025-02-16T15:29:12.349+08:00","caller":"stat/usage.go:61","content":"CPU: 15m, MEMORY: Alloc=21.1Mi, TotalAlloc=2920.3Mi, Sys=35.1Mi, NumGC=421","level":"stat"}
{"@timestamp":"2025-02-16T15:29:13.407+08:00","caller":"load/sheddingstat.go:61","content":"(api) shedding_stat [1m], cpu: 15, total: 0, pass: 0, drop: 0","level":"stat"}
{"@timestamp":"2025-02-16T15:30:12.349+08:00","caller":"stat/usage.go:61","content":"CPU: 15m, MEMORY: Alloc=16.9Mi, TotalAlloc=2924.5Mi, Sys=35.1Mi, NumGC=422","level":"stat"}
{"@timestamp":"2025-02-16T15:30:13.406+08:00","caller":"load/sheddingstat.go:61","content":"(api) shedding_stat [1m], cpu: 15, total: 0, pass: 0, drop: 0","level":"stat"}
{"@timestamp":"2025-02-16T15:31:12.349+08:00","caller":"stat/usage.go:61","content":"CPU: 17m, MEMORY: Alloc=21.1Mi, TotalAlloc=2928.7Mi, Sys=35.1Mi, NumGC=422","level":"stat"}
{"@timestamp":"2025-02-16T15:31:13.406+08:00","caller":"load/sheddingstat.go:61","content":"(api) shedding_stat [1m], cpu: 17, total: 0, pass: 0, drop: 0","level":"stat"}
{"@timestamp":"2025-02-16T15:32:12.349+08:00","caller":"stat/usage.go:61","content":"CPU: 21m, MEMORY: Alloc=16.9Mi, TotalAlloc=2932.9Mi, Sys=35.1Mi, NumGC=423","level":"stat"}
{"@timestamp":"2025-02-16T15:32:13.406+08:00","caller":"load/sheddingstat.go:61","content":"(api) shedding_stat [1m], cpu: 19, total: 0, pass: 0, drop: 0","level":"stat"}
{"@timestamp":"2025-02-16T15:33:12.349+08:00","caller":"stat/usage.go:61","content":"CPU: 17m, MEMORY: Alloc=21.1Mi, TotalAlloc=2937.1Mi, Sys=35.1Mi, NumGC=423","level":"stat"}
{"@timestamp":"2025-02-16T15:33:13.406+08:00","caller":"load/sheddingstat.go:61","content":"(api) shedding_stat [1m], cpu: 17, total: 0, pass: 0, drop: 0","level":"stat"}
{"@timestamp":"2025-02-16T15:34:12.350+08:00","caller":"stat/usage.go:61","content":"CPU: 17m, MEMORY: Alloc=17.0Mi, TotalAlloc=2941.3Mi, Sys=35.1Mi, NumGC=424","level":"stat"}
{"@timestamp":"2025-02-16T15:34:13.406+08:00","caller":"load/sheddingstat.go:61","content":"(api) shedding_stat [1m], cpu: 17, total: 0, pass: 0, drop: 0","level":"stat"}
{"@timestamp":"2025-02-16T15:35:12.349+08:00","caller":"stat/usage.go:61","content":"CPU: 16m, MEMORY: Alloc=21.2Mi, TotalAlloc=2945.5Mi, Sys=35.1Mi, NumGC=424","level":"stat"}
{"@timestamp":"2025-02-16T15:35:13.406+08:00","caller":"load/sheddingstat.go:61","content":"(api) shedding_stat [1m], cpu: 16, total: 0, pass: 0, drop: 0","level":"stat"}
{"@timestamp":"2025-02-16T15:36:12.349+08:00","caller":"stat/usage.go:61","content":"CPU: 18m, MEMORY: Alloc=17.0Mi, TotalAlloc=2949.7Mi, Sys=35.1Mi, NumGC=425","level":"stat"}
{"@timestamp":"2025-02-16T15:36:13.406+08:00","caller":"load/sheddingstat.go:61","content":"(api) shedding_stat [1m], cpu: 18, total: 0, pass: 0, drop: 0","level":"stat"}
{"@timestamp":"2025-02-16T15:37:12.349+08:00","caller":"stat/usage.go:61","content":"CPU: 17m, MEMORY: Alloc=21.2Mi, TotalAlloc=2953.9Mi, Sys=35.1Mi, NumGC=425","level":"stat"}
{"@timestamp":"2025-02-16T15:37:13.406+08:00","caller":"load/sheddingstat.go:61","content":"(api) shedding_stat [1m], cpu: 17, total: 0, pass: 0, drop: 0","level":"stat"}
{"@timestamp":"2025-02-16T15:38:12.349+08:00","caller":"stat/usage.go:61","content":"CPU: 16m, MEMORY: Alloc=17.0Mi, TotalAlloc=2958.1Mi, Sys=35.1Mi, NumGC=426","level":"stat"}
{"@timestamp":"2025-02-16T15:38:13.406+08:00","caller":"load/sheddingstat.go:61","content":"(api) shedding_stat [1m], cpu: 16, total: 0, pass: 0, drop: 0","level":"stat"}
{"@timestamp":"2025-02-16T15:39:12.349+08:00","caller":"stat/usage.go:61","content":"CPU: 15m, MEMORY: Alloc=21.2Mi, TotalAlloc=2962.3Mi, Sys=35.1Mi, NumGC=426","level":"stat"}
{"@timestamp":"2025-02-16T15:39:13.406+08:00","caller":"load/sheddingstat.go:61","content":"(api) shedding_stat [1m], cpu: 16, total: 0, pass: 0, drop: 0","level":"stat"}
{"@timestamp":"2025-02-16T15:40:12.349+08:00","caller":"stat/usage.go:61","content":"CPU: 16m, MEMORY: Alloc=17.0Mi, TotalAlloc=2966.5Mi, Sys=35.1Mi, NumGC=427","level":"stat"}
{"@timestamp":"2025-02-16T15:40:13.406+08:00","caller":"load/sheddingstat.go:61","content":"(api) shedding_stat [1m], cpu: 16, total: 0, pass: 0, drop: 0","level":"stat"}
{"@timestamp":"2025-02-16T15:41:12.349+08:00","caller":"stat/usage.go:61","content":"CPU: 19m, MEMORY: Alloc=21.2Mi, TotalAlloc=2970.7Mi, Sys=35.1Mi, NumGC=427","level":"stat"}
{"@timestamp":"2025-02-16T15:41:13.406+08:00","caller":"load/sheddingstat.go:61","content":"(api) shedding_stat [1m], cpu: 19, total: 0, pass: 0, drop: 0","level":"stat"}
{"@timestamp":"2025-02-16T15:42:12.349+08:00","caller":"stat/usage.go:61","content":"CPU: 17m, MEMORY: Alloc=17.1Mi, TotalAlloc=2974.9Mi, Sys=35.1Mi, NumGC=428","level":"stat"}
{"@timestamp":"2025-02-16T15:42:13.406+08:00","caller":"load/sheddingstat.go:61","content":"(api) shedding_stat [1m], cpu: 17, total: 0, pass: 0, drop: 0","level":"stat"}
{"@timestamp":"2025-02-16T15:43:12.349+08:00","caller":"stat/usage.go:61","content":"CPU: 18m, MEMORY: Alloc=21.3Mi, TotalAlloc=2979.1Mi, Sys=35.1Mi, NumGC=428","level":"stat"}
{"@timestamp":"2025-02-16T15:43:13.406+08:00","caller":"load/sheddingstat.go:61","content":"(api) shedding_stat [1m], cpu: 18, total: 0, pass: 0, drop: 0","level":"stat"}
{"@timestamp":"2025-02-16T15:44:12.349+08:00","caller":"stat/usage.go:61","content":"CPU: 16m, MEMORY: Alloc=17.1Mi, TotalAlloc=2983.3Mi, Sys=35.1Mi, NumGC=429","level":"stat"}
{"@timestamp":"2025-02-16T15:44:13.406+08:00","caller":"load/sheddingstat.go:61","content":"(api) shedding_stat [1m], cpu: 17, total: 0, pass: 0, drop: 0","level":"stat"}
{"@timestamp":"2025-02-16T15:45:12.350+08:00","caller":"stat/usage.go:61","content":"CPU: 19m, MEMORY: Alloc=21.3Mi, TotalAlloc=2987.5Mi, Sys=35.1Mi, NumGC=429","level":"stat"}
{"@timestamp":"2025-02-16T15:45:13.406+08:00","caller":"load/sheddingstat.go:61","content":"(api) shedding_stat [1m], cpu: 20, total: 0, pass: 0, drop: 0","level":"stat"}
{"@timestamp":"2025-02-16T15:46:12.349+08:00","caller":"stat/usage.go:61","content":"CPU: 18m, MEMORY: Alloc=17.1Mi, TotalAlloc=2991.7Mi, Sys=35.1Mi, NumGC=430","level":"stat"}
{"@timestamp":"2025-02-16T15:46:13.406+08:00","caller":"load/sheddingstat.go:61","content":"(api) shedding_stat [1m], cpu: 18, total: 0, pass: 0, drop: 0","level":"stat"}
{"@timestamp":"2025-02-16T15:47:12.349+08:00","caller":"stat/usage.go:61","content":"CPU: 17m, MEMORY: Alloc=21.4Mi, TotalAlloc=2996.0Mi, Sys=35.1Mi, NumGC=430","level":"stat"}
{"@timestamp":"2025-02-16T15:47:13.406+08:00","caller":"load/sheddingstat.go:61","content":"(api) shedding_stat [1m], cpu: 17, total: 0, pass: 0, drop: 0","level":"stat"}
{"@timestamp":"2025-02-16T15:48:12.349+08:00","caller":"stat/usage.go:61","content":"CPU: 16m, MEMORY: Alloc=17.2Mi, TotalAlloc=3000.2Mi, Sys=35.1Mi, NumGC=431","level":"stat"}
{"@timestamp":"2025-02-16T15:48:13.406+08:00","caller":"load/sheddingstat.go:61","content":"(api) shedding_stat [1m], cpu: 16, total: 0, pass: 0, drop: 0","level":"stat"}
{"@timestamp":"2025-02-16T15:49:12.349+08:00","caller":"stat/usage.go:61","content":"CPU: 15m, MEMORY: Alloc=21.4Mi, TotalAlloc=3004.4Mi, Sys=35.1Mi, NumGC=431","level":"stat"}
{"@timestamp":"2025-02-16T15:49:13.406+08:00","caller":"load/sheddingstat.go:61","content":"(api) shedding_stat [1m], cpu: 15, total: 0, pass: 0, drop: 0","level":"stat"}
{"@timestamp":"2025-02-16T15:50:12.349+08:00","caller":"stat/usage.go:61","content":"CPU: 17m, MEMORY: Alloc=17.2Mi, TotalAlloc=3008.6Mi, Sys=35.1Mi, NumGC=432","level":"stat"}
{"@timestamp":"2025-02-16T15:50:13.405+08:00","caller":"load/sheddingstat.go:61","content":"(api) shedding_stat [1m], cpu: 17, total: 0, pass: 0, drop: 0","level":"stat"}
{"@timestamp":"2025-02-16T15:51:12.349+08:00","caller":"stat/usage.go:61","content":"CPU: 18m, MEMORY: Alloc=21.4Mi, TotalAlloc=3012.8Mi, Sys=35.1Mi, NumGC=432","level":"stat"}
{"@timestamp":"2025-02-16T15:51:13.406+08:00","caller":"load/sheddingstat.go:61","content":"(api) shedding_stat [1m], cpu: 17, total: 0, pass: 0, drop: 0","level":"stat"}
{"@timestamp":"2025-02-16T15:52:12.349+08:00","caller":"stat/usage.go:61","content":"CPU: 17m, MEMORY: Alloc=17.2Mi, TotalAlloc=3017.0Mi, Sys=35.1Mi, NumGC=433","level":"stat"}
{"@timestamp":"2025-02-16T15:52:13.407+08:00","caller":"load/sheddingstat.go:61","content":"(api) shedding_stat [1m], cpu: 17, total: 0, pass: 0, drop: 0","level":"stat"}
{"@timestamp":"2025-02-16T15:53:12.349+08:00","caller":"stat/usage.go:61","content":"CPU: 17m, MEMORY: Alloc=21.4Mi, TotalAlloc=3021.2Mi, Sys=35.1Mi, NumGC=433","level":"stat"}
{"@timestamp":"2025-02-16T15:53:13.406+08:00","caller":"load/sheddingstat.go:61","content":"(api) shedding_stat [1m], cpu: 17, total: 0, pass: 0, drop: 0","level":"stat"}
{"@timestamp":"2025-02-16T15:54:12.349+08:00","caller":"stat/usage.go:61","content":"CPU: 17m, MEMORY: Alloc=17.3Mi, TotalAlloc=3025.4Mi, Sys=35.1Mi, NumGC=434","level":"stat"}
{"@timestamp":"2025-02-16T15:54:13.406+08:00","caller":"load/sheddingstat.go:61","content":"(api) shedding_stat [1m], cpu: 17, total: 0, pass: 0, drop: 0","level":"stat"}
{"@timestamp":"2025-02-16T15:55:12.350+08:00","caller":"stat/usage.go:61","content":"CPU: 17m, MEMORY: Alloc=21.5Mi, TotalAlloc=3029.6Mi, Sys=35.1Mi, NumGC=434","level":"stat"}
{"@timestamp":"2025-02-16T15:55:13.406+08:00","caller":"load/sheddingstat.go:61","content":"(api) shedding_stat [1m], cpu: 17, total: 0, pass: 0, drop: 0","level":"stat"}
{"@timestamp":"2025-02-16T15:56:12.349+08:00","caller":"stat/usage.go:61","content":"CPU: 19m, MEMORY: Alloc=17.3Mi, TotalAlloc=3033.8Mi, Sys=35.1Mi, NumGC=435","level":"stat"}
{"@timestamp":"2025-02-16T15:56:13.406+08:00","caller":"load/sheddingstat.go:61","content":"(api) shedding_stat [1m], cpu: 18, total: 0, pass: 0, drop: 0","level":"stat"}
{"@timestamp":"2025-02-16T15:57:12.350+08:00","caller":"stat/usage.go:61","content":"CPU: 19m, MEMORY: Alloc=21.5Mi, TotalAlloc=3038.0Mi, Sys=35.1Mi, NumGC=435","level":"stat"}
{"@timestamp":"2025-02-16T15:57:13.406+08:00","caller":"load/sheddingstat.go:61","content":"(api) shedding_stat [1m], cpu: 19, total: 0, pass: 0, drop: 0","level":"stat"}
{"@timestamp":"2025-02-16T15:58:12.349+08:00","caller":"stat/usage.go:61","content":"CPU: 21m, MEMORY: Alloc=17.3Mi, TotalAlloc=3042.2Mi, Sys=35.1Mi, NumGC=436","level":"stat"}
{"@timestamp":"2025-02-16T15:58:13.406+08:00","caller":"load/sheddingstat.go:61","content":"(api) shedding_stat [1m], cpu: 21, total: 0, pass: 0, drop: 0","level":"stat"}
{"@timestamp":"2025-02-16T15:59:12.349+08:00","caller":"stat/usage.go:61","content":"CPU: 19m, MEMORY: Alloc=21.5Mi, TotalAlloc=3046.4Mi, Sys=35.1Mi, NumGC=436","level":"stat"}
{"@timestamp":"2025-02-16T15:59:13.405+08:00","caller":"load/sheddingstat.go:61","content":"(api) shedding_stat [1m], cpu: 17, total: 0, pass: 0, drop: 0","level":"stat"}
{"@timestamp":"2025-02-16T16:00:12.349+08:00","caller":"stat/usage.go:61","content":"CPU: 17m, MEMORY: Alloc=17.3Mi, TotalAlloc=3050.6Mi, Sys=35.1Mi, NumGC=437","level":"stat"}
{"@timestamp":"2025-02-16T16:00:13.406+08:00","caller":"load/sheddingstat.go:61","content":"(api) shedding_stat [1m], cpu: 19, total: 0, pass: 0, drop: 0","level":"stat"}
{"@timestamp":"2025-02-16T16:01:12.349+08:00","caller":"stat/usage.go:61","content":"CPU: 16m, MEMORY: Alloc=21.5Mi, TotalAlloc=3054.8Mi, Sys=35.1Mi, NumGC=437","level":"stat"}
{"@timestamp":"2025-02-16T16:01:13.405+08:00","caller":"load/sheddingstat.go:61","content":"(api) shedding_stat [1m], cpu: 18, total: 0, pass: 0, drop: 0","level":"stat"}
{"@timestamp":"2025-02-16T16:02:12.349+08:00","caller":"stat/usage.go:61","content":"CPU: 17m, MEMORY: Alloc=17.4Mi, TotalAlloc=3059.0Mi, Sys=35.1Mi, NumGC=438","level":"stat"}
{"@timestamp":"2025-02-16T16:02:13.406+08:00","caller":"load/sheddingstat.go:61","content":"(api) shedding_stat [1m], cpu: 20, total: 0, pass: 0, drop: 0","level":"stat"}
{"@timestamp":"2025-02-16T16:03:12.349+08:00","caller":"stat/usage.go:61","content":"CPU: 16m, MEMORY: Alloc=21.6Mi, TotalAlloc=3063.2Mi, Sys=35.1Mi, NumGC=438","level":"stat"}
{"@timestamp":"2025-02-16T16:03:13.406+08:00","caller":"load/sheddingstat.go:61","content":"(api) shedding_stat [1m], cpu: 19, total: 0, pass: 0, drop: 0","level":"stat"}
{"@timestamp":"2025-02-16T16:04:12.349+08:00","caller":"stat/usage.go:61","content":"CPU: 16m, MEMORY: Alloc=17.4Mi, TotalAlloc=3067.4Mi, Sys=35.1Mi, NumGC=439","level":"stat"}
{"@timestamp":"2025-02-16T16:04:13.406+08:00","caller":"load/sheddingstat.go:61","content":"(api) shedding_stat [1m], cpu: 17, total: 0, pass: 0, drop: 0","level":"stat"}
{"@timestamp":"2025-02-16T16:05:12.350+08:00","caller":"stat/usage.go:61","content":"CPU: 17m, MEMORY: Alloc=21.6Mi, TotalAlloc=3071.6Mi, Sys=35.1Mi, NumGC=439","level":"stat"}
{"@timestamp":"2025-02-16T16:05:13.406+08:00","caller":"load/sheddingstat.go:61","content":"(api) shedding_stat [1m], cpu: 18, total: 0, pass: 0, drop: 0","level":"stat"}
{"@timestamp":"2025-02-16T16:06:12.349+08:00","caller":"stat/usage.go:61","content":"CPU: 17m, MEMORY: Alloc=17.4Mi, TotalAlloc=3075.8Mi, Sys=39.1Mi, NumGC=440","level":"stat"}
{"@timestamp":"2025-02-16T16:06:13.405+08:00","caller":"load/sheddingstat.go:61","content":"(api) shedding_stat [1m], cpu: 17, total: 0, pass: 0, drop: 0","level":"stat"}
{"@timestamp":"2025-02-16T16:07:12.349+08:00","caller":"stat/usage.go:61","content":"CPU: 15m, MEMORY: Alloc=21.6Mi, TotalAlloc=3080.0Mi, Sys=39.1Mi, NumGC=440","level":"stat"}
{"@timestamp":"2025-02-16T16:07:13.406+08:00","caller":"load/sheddingstat.go:61","content":"(api) shedding_stat [1m], cpu: 15, total: 0, pass: 0, drop: 0","level":"stat"}
{"@timestamp":"2025-02-16T16:08:12.349+08:00","caller":"stat/usage.go:61","content":"CPU: 16m, MEMORY: Alloc=17.5Mi, TotalAlloc=3084.2Mi, Sys=39.1Mi, NumGC=441","level":"stat"}
{"@timestamp":"2025-02-16T16:08:13.406+08:00","caller":"load/sheddingstat.go:61","content":"(api) shedding_stat [1m], cpu: 16, total: 0, pass: 0, drop: 0","level":"stat"}
{"@timestamp":"2025-02-16T16:09:12.349+08:00","caller":"stat/usage.go:61","content":"CPU: 17m, MEMORY: Alloc=21.7Mi, TotalAlloc=3088.4Mi, Sys=39.1Mi, NumGC=441","level":"stat"}
{"@timestamp":"2025-02-16T16:09:13.406+08:00","caller":"load/sheddingstat.go:61","content":"(api) shedding_stat [1m], cpu: 17, total: 0, pass: 0, drop: 0","level":"stat"}
{"@timestamp":"2025-02-16T16:10:12.349+08:00","caller":"stat/usage.go:61","content":"CPU: 16m, MEMORY: Alloc=17.5Mi, TotalAlloc=3092.6Mi, Sys=39.1Mi, NumGC=442","level":"stat"}
{"@timestamp":"2025-02-16T16:10:13.406+08:00","caller":"load/sheddingstat.go:61","content":"(api) shedding_stat [1m], cpu: 16, total: 0, pass: 0, drop: 0","level":"stat"}
{"@timestamp":"2025-02-16T16:11:12.349+08:00","caller":"stat/usage.go:61","content":"CPU: 20m, MEMORY: Alloc=21.7Mi, TotalAlloc=3096.8Mi, Sys=39.1Mi, NumGC=442","level":"stat"}
{"@timestamp":"2025-02-16T16:11:13.406+08:00","caller":"load/sheddingstat.go:61","content":"(api) shedding_stat [1m], cpu: 19, total: 0, pass: 0, drop: 0","level":"stat"}
{"@timestamp":"2025-02-16T16:12:12.349+08:00","caller":"stat/usage.go:61","content":"CPU: 16m, MEMORY: Alloc=17.5Mi, TotalAlloc=3101.0Mi, Sys=39.1Mi, NumGC=443","level":"stat"}
{"@timestamp":"2025-02-16T16:12:13.406+08:00","caller":"load/sheddingstat.go:61","content":"(api) shedding_stat [1m], cpu: 16, total: 0, pass: 0, drop: 0","level":"stat"}
{"@timestamp":"2025-02-16T16:13:12.349+08:00","caller":"stat/usage.go:61","content":"CPU: 15m, MEMORY: Alloc=21.7Mi, TotalAlloc=3105.2Mi, Sys=39.1Mi, NumGC=443","level":"stat"}
{"@timestamp":"2025-02-16T16:13:13.406+08:00","caller":"load/sheddingstat.go:61","content":"(api) shedding_stat [1m], cpu: 15, total: 0, pass: 0, drop: 0","level":"stat"}
{"@timestamp":"2025-02-16T16:14:12.350+08:00","caller":"stat/usage.go:61","content":"CPU: 19m, MEMORY: Alloc=17.5Mi, TotalAlloc=3109.4Mi, Sys=39.1Mi, NumGC=444","level":"stat"}
{"@timestamp":"2025-02-16T16:14:13.406+08:00","caller":"load/sheddingstat.go:61","content":"(api) shedding_stat [1m], cpu: 18, total: 0, pass: 0, drop: 0","level":"stat"}
{"@timestamp":"2025-02-16T16:15:12.349+08:00","caller":"stat/usage.go:61","content":"CPU: 16m, MEMORY: Alloc=21.7Mi, TotalAlloc=3113.6Mi, Sys=39.1Mi, NumGC=444","level":"stat"}
{"@timestamp":"2025-02-16T16:15:13.406+08:00","caller":"load/sheddingstat.go:61","content":"(api) shedding_stat [1m], cpu: 16, total: 0, pass: 0, drop: 0","level":"stat"}
{"@timestamp":"2025-02-16T16:16:12.350+08:00","caller":"stat/usage.go:61","content":"CPU: 17m, MEMORY: Alloc=17.6Mi, TotalAlloc=3117.8Mi, Sys=39.1Mi, NumGC=445","level":"stat"}
{"@timestamp":"2025-02-16T16:16:13.406+08:00","caller":"load/sheddingstat.go:61","content":"(api) shedding_stat [1m], cpu: 17, total: 0, pass: 0, drop: 0","level":"stat"}
{"@timestamp":"2025-02-16T16:17:12.349+08:00","caller":"stat/usage.go:61","content":"CPU: 16m, MEMORY: Alloc=21.8Mi, TotalAlloc=3122.0Mi, Sys=39.1Mi, NumGC=445","level":"stat"}
{"@timestamp":"2025-02-16T16:17:13.406+08:00","caller":"load/sheddingstat.go:61","content":"(api) shedding_stat [1m], cpu: 16, total: 0, pass: 0, drop: 0","level":"stat"}
{"@timestamp":"2025-02-16T16:18:12.350+08:00","caller":"stat/usage.go:61","content":"CPU: 15m, MEMORY: Alloc=17.6Mi, TotalAlloc=3126.2Mi, Sys=39.1Mi, NumGC=446","level":"stat"}
{"@timestamp":"2025-02-16T16:18:13.406+08:00","caller":"load/sheddingstat.go:61","content":"(api) shedding_stat [1m], cpu: 15, total: 0, pass: 0, drop: 0","level":"stat"}
{"@timestamp":"2025-02-16T16:19:12.349+08:00","caller":"stat/usage.go:61","content":"CPU: 19m, MEMORY: Alloc=21.8Mi, TotalAlloc=3130.4Mi, Sys=39.1Mi, NumGC=446","level":"stat"}
{"@timestamp":"2025-02-16T16:19:13.406+08:00","caller":"load/sheddingstat.go:61","content":"(api) shedding_stat [1m], cpu: 20, total: 0, pass: 0, drop: 0","level":"stat"}
{"@timestamp":"2025-02-16T16:20:12.350+08:00","caller":"stat/usage.go:61","content":"CPU: 22m, MEMORY: Alloc=17.6Mi, TotalAlloc=3134.6Mi, Sys=39.1Mi, NumGC=447","level":"stat"}
{"@timestamp":"2025-02-16T16:20:13.406+08:00","caller":"load/sheddingstat.go:61","content":"(api) shedding_stat [1m], cpu: 21, total: 0, pass: 0, drop: 0","level":"stat"}
{"@timestamp":"2025-02-16T16:21:12.349+08:00","caller":"stat/usage.go:61","content":"CPU: 17m, MEMORY: Alloc=21.8Mi, TotalAlloc=3138.8Mi, Sys=39.1Mi, NumGC=447","level":"stat"}
{"@timestamp":"2025-02-16T16:21:13.407+08:00","caller":"load/sheddingstat.go:61","content":"(api) shedding_stat [1m], cpu: 17, total: 0, pass: 0, drop: 0","level":"stat"}
{"@timestamp":"2025-02-16T16:22:12.349+08:00","caller":"stat/usage.go:61","content":"CPU: 16m, MEMORY: Alloc=17.6Mi, TotalAlloc=3143.0Mi, Sys=39.1Mi, NumGC=448","level":"stat"}
{"@timestamp":"2025-02-16T16:22:13.406+08:00","caller":"load/sheddingstat.go:61","content":"(api) shedding_stat [1m], cpu: 17, total: 0, pass: 0, drop: 0","level":"stat"}
{"@timestamp":"2025-02-16T16:23:12.349+08:00","caller":"stat/usage.go:61","content":"CPU: 28m, MEMORY: Alloc=21.8Mi, TotalAlloc=3147.2Mi, Sys=39.1Mi, NumGC=448","level":"stat"}
{"@timestamp":"2025-02-16T16:23:13.406+08:00","caller":"load/sheddingstat.go:61","content":"(api) shedding_stat [1m], cpu: 27, total: 0, pass: 0, drop: 0","level":"stat"}
{"@timestamp":"2025-02-16T16:24:12.349+08:00","caller":"stat/usage.go:61","content":"CPU: 27m, MEMORY: Alloc=17.7Mi, TotalAlloc=3151.4Mi, Sys=39.1Mi, NumGC=449","level":"stat"}
{"@timestamp":"2025-02-16T16:24:13.406+08:00","caller":"load/sheddingstat.go:61","content":"(api) shedding_stat [1m], cpu: 25, total: 0, pass: 0, drop: 0","level":"stat"}
{"@timestamp":"2025-02-16T16:25:12.349+08:00","caller":"stat/usage.go:61","content":"CPU: 19m, MEMORY: Alloc=21.9Mi, TotalAlloc=3155.6Mi, Sys=39.1Mi, NumGC=449","level":"stat"}
{"@timestamp":"2025-02-16T16:25:13.407+08:00","caller":"load/sheddingstat.go:61","content":"(api) shedding_stat [1m], cpu: 19, total: 0, pass: 0, drop: 0","level":"stat"}
{"@timestamp":"2025-02-16T16:26:12.349+08:00","caller":"stat/usage.go:61","content":"CPU: 20m, MEMORY: Alloc=17.7Mi, TotalAlloc=3159.8Mi, Sys=39.1Mi, NumGC=450","level":"stat"}
{"@timestamp":"2025-02-16T16:26:13.406+08:00","caller":"load/sheddingstat.go:61","content":"(api) shedding_stat [1m], cpu: 21, total: 0, pass: 0, drop: 0","level":"stat"}
{"@timestamp":"2025-02-16T16:27:12.349+08:00","caller":"stat/usage.go:61","content":"CPU: 22m, MEMORY: Alloc=21.9Mi, TotalAlloc=3164.0Mi, Sys=39.1Mi, NumGC=450","level":"stat"}
{"@timestamp":"2025-02-16T16:27:13.406+08:00","caller":"load/sheddingstat.go:61","content":"(api) shedding_stat [1m], cpu: 22, total: 0, pass: 0, drop: 0","level":"stat"}
{"@timestamp":"2025-02-16T16:28:12.349+08:00","caller":"stat/usage.go:61","content":"CPU: 19m, MEMORY: Alloc=17.7Mi, TotalAlloc=3168.2Mi, Sys=39.1Mi, NumGC=451","level":"stat"}
{"@timestamp":"2025-02-16T16:28:13.406+08:00","caller":"load/sheddingstat.go:61","content":"(api) shedding_stat [1m], cpu: 19, total: 0, pass: 0, drop: 0","level":"stat"}
{"@timestamp":"2025-02-16T16:29:12.349+08:00","caller":"stat/usage.go:61","content":"CPU: 17m, MEMORY: Alloc=21.9Mi, TotalAlloc=3172.4Mi, Sys=39.1Mi, NumGC=451","level":"stat"}
{"@timestamp":"2025-02-16T16:29:13.406+08:00","caller":"load/sheddingstat.go:61","content":"(api) shedding_stat [1m], cpu: 17, total: 0, pass: 0, drop: 0","level":"stat"}
{"@timestamp":"2025-02-16T16:30:12.349+08:00","caller":"stat/usage.go:61","content":"CPU: 19m, MEMORY: Alloc=17.8Mi, TotalAlloc=3176.6Mi, Sys=39.1Mi, NumGC=452","level":"stat"}
{"@timestamp":"2025-02-16T16:30:13.406+08:00","caller":"load/sheddingstat.go:61","content":"(api) shedding_stat [1m], cpu: 19, total: 0, pass: 0, drop: 0","level":"stat"}
{"@timestamp":"2025-02-16T16:31:12.349+08:00","caller":"stat/usage.go:61","content":"CPU: 22m, MEMORY: Alloc=22.0Mi, TotalAlloc=3180.8Mi, Sys=39.1Mi, NumGC=452","level":"stat"}
{"@timestamp":"2025-02-16T16:31:13.406+08:00","caller":"load/sheddingstat.go:61","content":"(api) shedding_stat [1m], cpu: 21, total: 0, pass: 0, drop: 0","level":"stat"}
{"@timestamp":"2025-02-16T16:32:12.349+08:00","caller":"stat/usage.go:61","content":"CPU: 30m, MEMORY: Alloc=17.8Mi, TotalAlloc=3185.0Mi, Sys=39.1Mi, NumGC=453","level":"stat"}
{"@timestamp":"2025-02-16T16:32:13.406+08:00","caller":"load/sheddingstat.go:61","content":"(api) shedding_stat [1m], cpu: 26, total: 0, pass: 0, drop: 0","level":"stat"}
{"@timestamp":"2025-02-16T16:33:12.349+08:00","caller":"stat/usage.go:61","content":"CPU: 21m, MEMORY: Alloc=22.0Mi, TotalAlloc=3189.2Mi, Sys=39.1Mi, NumGC=453","level":"stat"}
{"@timestamp":"2025-02-16T16:33:13.406+08:00","caller":"load/sheddingstat.go:61","content":"(api) shedding_stat [1m], cpu: 20, total: 0, pass: 0, drop: 0","level":"stat"}
{"@timestamp":"2025-02-16T16:34:12.349+08:00","caller":"stat/usage.go:61","content":"CPU: 22m, MEMORY: Alloc=17.8Mi, TotalAlloc=3193.4Mi, Sys=39.1Mi, NumGC=454","level":"stat"}
{"@timestamp":"2025-02-16T16:34:13.406+08:00","caller":"load/sheddingstat.go:61","content":"(api) shedding_stat [1m], cpu: 21, total: 0, pass: 0, drop: 0","level":"stat"}
{"@timestamp":"2025-02-16T16:35:12.349+08:00","caller":"stat/usage.go:61","content":"CPU: 17m, MEMORY: Alloc=22.0Mi, TotalAlloc=3197.6Mi, Sys=39.1Mi, NumGC=454","level":"stat"}
{"@timestamp":"2025-02-16T16:35:13.407+08:00","caller":"load/sheddingstat.go:61","content":"(api) shedding_stat [1m], cpu: 19, total: 0, pass: 0, drop: 0","level":"stat"}
{"@timestamp":"2025-02-16T16:36:12.349+08:00","caller":"stat/usage.go:61","content":"CPU: 16m, MEMORY: Alloc=17.8Mi, TotalAlloc=3201.8Mi, Sys=39.1Mi, NumGC=455","level":"stat"}
{"@timestamp":"2025-02-16T16:36:13.405+08:00","caller":"load/sheddingstat.go:61","content":"(api) shedding_stat [1m], cpu: 17, total: 0, pass: 0, drop: 0","level":"stat"}
{"@timestamp":"2025-02-16T16:37:12.349+08:00","caller":"stat/usage.go:61","content":"CPU: 19m, MEMORY: Alloc=22.1Mi, TotalAlloc=3206.0Mi, Sys=39.1Mi, NumGC=455","level":"stat"}
{"@timestamp":"2025-02-16T16:37:13.406+08:00","caller":"load/sheddingstat.go:61","content":"(api) shedding_stat [1m], cpu: 21, total: 0, pass: 0, drop: 0","level":"stat"}
{"@timestamp":"2025-02-16T16:38:12.349+08:00","caller":"stat/usage.go:61","content":"CPU: 42m, MEMORY: Alloc=17.9Mi, TotalAlloc=3210.2Mi, Sys=39.1Mi, NumGC=456","level":"stat"}
{"@timestamp":"2025-02-16T16:38:13.406+08:00","caller":"load/sheddingstat.go:61","content":"(api) shedding_stat [1m], cpu: 39, total: 0, pass: 0, drop: 0","level":"stat"}
{"@timestamp":"2025-02-16T16:39:12.349+08:00","caller":"stat/usage.go:61","content":"CPU: 22m, MEMORY: Alloc=22.1Mi, TotalAlloc=3214.4Mi, Sys=39.1Mi, NumGC=456","level":"stat"}
{"@timestamp":"2025-02-16T16:39:13.406+08:00","caller":"load/sheddingstat.go:61","content":"(api) shedding_stat [1m], cpu: 23, total: 0, pass: 0, drop: 0","level":"stat"}
{"@timestamp":"2025-02-16T16:40:12.349+08:00","caller":"stat/usage.go:61","content":"CPU: 26m, MEMORY: Alloc=17.9Mi, TotalAlloc=3218.6Mi, Sys=39.1Mi, NumGC=457","level":"stat"}
{"@timestamp":"2025-02-16T16:40:13.406+08:00","caller":"load/sheddingstat.go:61","content":"(api) shedding_stat [1m], cpu: 32, total: 0, pass: 0, drop: 0","level":"stat"}
{"@timestamp":"2025-02-16T16:41:12.350+08:00","caller":"stat/usage.go:61","content":"CPU: 61m, MEMORY: Alloc=22.1Mi, TotalAlloc=3222.8Mi, Sys=39.1Mi, NumGC=457","level":"stat"}
{"@timestamp":"2025-02-16T16:41:13.407+08:00","caller":"load/sheddingstat.go:61","content":"(api) shedding_stat [1m], cpu: 53, total: 0, pass: 0, drop: 0","level":"stat"}
{"@timestamp":"2025-02-16T16:42:12.349+08:00","caller":"stat/usage.go:61","content":"CPU: 32m, MEMORY: Alloc=17.9Mi, TotalAlloc=3227.0Mi, Sys=39.1Mi, NumGC=458","level":"stat"}
{"@timestamp":"2025-02-16T16:42:13.405+08:00","caller":"load/sheddingstat.go:61","content":"(api) shedding_stat [1m], cpu: 29, total: 0, pass: 0, drop: 0","level":"stat"}
{"@timestamp":"2025-02-16T16:43:12.349+08:00","caller":"stat/usage.go:61","content":"CPU: 36m, MEMORY: Alloc=22.1Mi, TotalAlloc=3231.2Mi, Sys=39.1Mi, NumGC=458","level":"stat"}
{"@timestamp":"2025-02-16T16:43:13.407+08:00","caller":"load/sheddingstat.go:61","content":"(api) shedding_stat [1m], cpu: 32, total: 0, pass: 0, drop: 0","level":"stat"}
{"@timestamp":"2025-02-16T16:44:12.349+08:00","caller":"stat/usage.go:61","content":"CPU: 22m, MEMORY: Alloc=17.9Mi, TotalAlloc=3235.4Mi, Sys=39.1Mi, NumGC=459","level":"stat"}
{"@timestamp":"2025-02-16T16:44:13.405+08:00","caller":"load/sheddingstat.go:61","content":"(api) shedding_stat [1m], cpu: 21, total: 0, pass: 0, drop: 0","level":"stat"}
{"@timestamp":"2025-02-16T16:45:12.350+08:00","caller":"stat/usage.go:61","content":"CPU: 17m, MEMORY: Alloc=22.1Mi, TotalAlloc=3239.6Mi, Sys=39.1Mi, NumGC=459","level":"stat"}
{"@timestamp":"2025-02-16T16:45:13.406+08:00","caller":"load/sheddingstat.go:61","content":"(api) shedding_stat [1m], cpu: 17, total: 0, pass: 0, drop: 0","level":"stat"}
{"@timestamp":"2025-02-16T16:46:12.349+08:00","caller":"stat/usage.go:61","content":"CPU: 22m, MEMORY: Alloc=18.0Mi, TotalAlloc=3243.8Mi, Sys=39.1Mi, NumGC=460","level":"stat"}
{"@timestamp":"2025-02-16T16:46:13.406+08:00","caller":"load/sheddingstat.go:61","content":"(api) shedding_stat [1m], cpu: 22, total: 0, pass: 0, drop: 0","level":"stat"}
{"@timestamp":"2025-02-16T16:47:12.349+08:00","caller":"stat/usage.go:61","content":"CPU: 26m, MEMORY: Alloc=22.2Mi, TotalAlloc=3248.0Mi, Sys=39.1Mi, NumGC=460","level":"stat"}
{"@timestamp":"2025-02-16T16:47:13.406+08:00","caller":"load/sheddingstat.go:61","content":"(api) shedding_stat [1m], cpu: 23, total: 0, pass: 0, drop: 0","level":"stat"}
{"@timestamp":"2025-02-16T16:48:12.351+08:00","caller":"stat/usage.go:61","content":"CPU: 18m, MEMORY: Alloc=18.0Mi, TotalAlloc=3252.2Mi, Sys=39.1Mi, NumGC=461","level":"stat"}
{"@timestamp":"2025-02-16T16:48:13.406+08:00","caller":"load/sheddingstat.go:61","content":"(api) shedding_stat [1m], cpu: 18, total: 0, pass: 0, drop: 0","level":"stat"}
{"@timestamp":"2025-02-16T16:49:12.350+08:00","caller":"stat/usage.go:61","content":"CPU: 18m, MEMORY: Alloc=22.2Mi, TotalAlloc=3256.4Mi, Sys=39.1Mi, NumGC=461","level":"stat"}
{"@timestamp":"2025-02-16T16:49:13.406+08:00","caller":"load/sheddingstat.go:61","content":"(api) shedding_stat [1m], cpu: 18, total: 0, pass: 0, drop: 0","level":"stat"}
{"@timestamp":"2025-02-16T16:50:12.349+08:00","caller":"stat/usage.go:61","content":"CPU: 17m, MEMORY: Alloc=18.0Mi, TotalAlloc=3260.6Mi, Sys=39.1Mi, NumGC=462","level":"stat"}
{"@timestamp":"2025-02-16T16:50:13.406+08:00","caller":"load/sheddingstat.go:61","content":"(api) shedding_stat [1m], cpu: 17, total: 0, pass: 0, drop: 0","level":"stat"}
{"@timestamp":"2025-02-16T16:51:12.349+08:00","caller":"stat/usage.go:61","content":"CPU: 17m, MEMORY: Alloc=22.2Mi, TotalAlloc=3264.8Mi, Sys=39.1Mi, NumGC=462","level":"stat"}
{"@timestamp":"2025-02-16T16:51:13.406+08:00","caller":"load/sheddingstat.go:61","content":"(api) shedding_stat [1m], cpu: 17, total: 0, pass: 0, drop: 0","level":"stat"}
{"@timestamp":"2025-02-16T16:52:12.349+08:00","caller":"stat/usage.go:61","content":"CPU: 17m, MEMORY: Alloc=18.1Mi, TotalAlloc=3269.0Mi, Sys=39.1Mi, NumGC=463","level":"stat"}
{"@timestamp":"2025-02-16T16:52:13.406+08:00","caller":"load/sheddingstat.go:61","content":"(api) shedding_stat [1m], cpu: 17, total: 0, pass: 0, drop: 0","level":"stat"}
{"@timestamp":"2025-02-16T16:53:12.349+08:00","caller":"stat/usage.go:61","content":"CPU: 17m, MEMORY: Alloc=22.2Mi, TotalAlloc=3273.2Mi, Sys=39.1Mi, NumGC=463","level":"stat"}
{"@timestamp":"2025-02-16T16:53:13.406+08:00","caller":"load/sheddingstat.go:61","content":"(api) shedding_stat [1m], cpu: 17, total: 0, pass: 0, drop: 0","level":"stat"}
{"@timestamp":"2025-02-16T16:54:12.349+08:00","caller":"stat/usage.go:61","content":"CPU: 17m, MEMORY: Alloc=18.1Mi, TotalAlloc=3277.4Mi, Sys=39.1Mi, NumGC=464","level":"stat"}
{"@timestamp":"2025-02-16T16:54:13.406+08:00","caller":"load/sheddingstat.go:61","content":"(api) shedding_stat [1m], cpu: 17, total: 0, pass: 0, drop: 0","level":"stat"}
{"@timestamp":"2025-02-16T16:55:12.350+08:00","caller":"stat/usage.go:61","content":"CPU: 73m, MEMORY: Alloc=22.3Mi, TotalAlloc=3281.6Mi, Sys=39.1Mi, NumGC=464","level":"stat"}
{"@timestamp":"2025-02-16T16:55:13.405+08:00","caller":"load/sheddingstat.go:61","content":"(api) shedding_stat [1m], cpu: 73, total: 0, pass: 0, drop: 0","level":"stat"}
{"@timestamp":"2025-02-16T16:56:12.349+08:00","caller":"stat/usage.go:61","content":"CPU: 17m, MEMORY: Alloc=18.1Mi, TotalAlloc=3285.8Mi, Sys=39.1Mi, NumGC=465","level":"stat"}
{"@timestamp":"2025-02-16T16:56:13.406+08:00","caller":"load/sheddingstat.go:61","content":"(api) shedding_stat [1m], cpu: 17, total: 0, pass: 0, drop: 0","level":"stat"}
{"@timestamp":"2025-02-16T16:57:12.349+08:00","caller":"stat/usage.go:61","content":"CPU: 20m, MEMORY: Alloc=22.3Mi, TotalAlloc=3290.0Mi, Sys=39.1Mi, NumGC=465","level":"stat"}
{"@timestamp":"2025-02-16T16:57:13.406+08:00","caller":"load/sheddingstat.go:61","content":"(api) shedding_stat [1m], cpu: 21, total: 0, pass: 0, drop: 0","level":"stat"}
{"@timestamp":"2025-02-16T16:58:12.349+08:00","caller":"stat/usage.go:61","content":"CPU: 19m, MEMORY: Alloc=18.1Mi, TotalAlloc=3294.2Mi, Sys=39.1Mi, NumGC=466","level":"stat"}
{"@timestamp":"2025-02-16T16:58:13.405+08:00","caller":"load/sheddingstat.go:61","content":"(api) shedding_stat [1m], cpu: 18, total: 0, pass: 0, drop: 0","level":"stat"}
{"@timestamp":"2025-02-16T16:59:12.349+08:00","caller":"stat/usage.go:61","content":"CPU: 22m, MEMORY: Alloc=22.3Mi, TotalAlloc=3298.4Mi, Sys=39.1Mi, NumGC=466","level":"stat"}
{"@timestamp":"2025-02-16T16:59:13.406+08:00","caller":"load/sheddingstat.go:61","content":"(api) shedding_stat [1m], cpu: 27, total: 0, pass: 0, drop: 0","level":"stat"}
{"@timestamp":"2025-02-16T17:00:12.349+08:00","caller":"stat/usage.go:61","content":"CPU: 26m, MEMORY: Alloc=18.1Mi, TotalAlloc=3302.6Mi, Sys=39.1Mi, NumGC=467","level":"stat"}
{"@timestamp":"2025-02-16T17:00:13.406+08:00","caller":"load/sheddingstat.go:61","content":"(api) shedding_stat [1m], cpu: 25, total: 0, pass: 0, drop: 0","level":"stat"}
{"@timestamp":"2025-02-16T17:01:12.349+08:00","caller":"stat/usage.go:61","content":"CPU: 17m, MEMORY: Alloc=22.3Mi, TotalAlloc=3306.8Mi, Sys=39.1Mi, NumGC=467","level":"stat"}
{"@timestamp":"2025-02-16T17:01:13.405+08:00","caller":"load/sheddingstat.go:61","content":"(api) shedding_stat [1m], cpu: 18, total: 0, pass: 0, drop: 0","level":"stat"}
{"@timestamp":"2025-02-16T17:02:12.349+08:00","caller":"stat/usage.go:61","content":"CPU: 17m, MEMORY: Alloc=18.2Mi, TotalAlloc=3311.0Mi, Sys=39.1Mi, NumGC=468","level":"stat"}
{"@timestamp":"2025-02-16T17:02:13.406+08:00","caller":"load/sheddingstat.go:61","content":"(api) shedding_stat [1m], cpu: 17, total: 0, pass: 0, drop: 0","level":"stat"}
{"@timestamp":"2025-02-16T17:03:12.349+08:00","caller":"stat/usage.go:61","content":"CPU: 24m, MEMORY: Alloc=22.4Mi, TotalAlloc=3315.2Mi, Sys=39.1Mi, NumGC=468","level":"stat"}
{"@timestamp":"2025-02-16T17:03:13.407+08:00","caller":"load/sheddingstat.go:61","content":"(api) shedding_stat [1m], cpu: 23, total: 0, pass: 0, drop: 0","level":"stat"}
{"@timestamp":"2025-02-16T17:04:12.350+08:00","caller":"stat/usage.go:61","content":"CPU: 18m, MEMORY: Alloc=18.2Mi, TotalAlloc=3319.4Mi, Sys=39.1Mi, NumGC=469","level":"stat"}
{"@timestamp":"2025-02-16T17:04:13.406+08:00","caller":"load/sheddingstat.go:61","content":"(api) shedding_stat [1m], cpu: 17, total: 0, pass: 0, drop: 0","level":"stat"}
{"@timestamp":"2025-02-16T17:05:12.349+08:00","caller":"stat/usage.go:61","content":"CPU: 41m, MEMORY: Alloc=22.4Mi, TotalAlloc=3323.6Mi, Sys=39.1Mi, NumGC=469","level":"stat"}
{"@timestamp":"2025-02-16T17:05:13.407+08:00","caller":"load/sheddingstat.go:61","content":"(api) shedding_stat [1m], cpu: 43, total: 0, pass: 0, drop: 0","level":"stat"}
{"@timestamp":"2025-02-16T17:06:12.349+08:00","caller":"stat/usage.go:61","content":"CPU: 19m, MEMORY: Alloc=18.2Mi, TotalAlloc=3327.8Mi, Sys=39.1Mi, NumGC=470","level":"stat"}
{"@timestamp":"2025-02-16T17:06:13.406+08:00","caller":"load/sheddingstat.go:61","content":"(api) shedding_stat [1m], cpu: 19, total: 0, pass: 0, drop: 0","level":"stat"}
{"@timestamp":"2025-02-16T17:07:12.349+08:00","caller":"stat/usage.go:61","content":"CPU: 19m, MEMORY: Alloc=22.4Mi, TotalAlloc=3332.0Mi, Sys=39.1Mi, NumGC=470","level":"stat"}
{"@timestamp":"2025-02-16T17:07:13.406+08:00","caller":"load/sheddingstat.go:61","content":"(api) shedding_stat [1m], cpu: 18, total: 0, pass: 0, drop: 0","level":"stat"}
{"@timestamp":"2025-02-16T17:08:12.349+08:00","caller":"stat/usage.go:61","content":"CPU: 18m, MEMORY: Alloc=18.3Mi, TotalAlloc=3336.2Mi, Sys=39.1Mi, NumGC=471","level":"stat"}
{"@timestamp":"2025-02-16T17:08:13.406+08:00","caller":"load/sheddingstat.go:61","content":"(api) shedding_stat [1m], cpu: 18, total: 0, pass: 0, drop: 0","level":"stat"}
{"@timestamp":"2025-02-16T17:09:12.349+08:00","caller":"stat/usage.go:61","content":"CPU: 19m, MEMORY: Alloc=22.5Mi, TotalAlloc=3340.4Mi, Sys=39.1Mi, NumGC=471","level":"stat"}
{"@timestamp":"2025-02-16T17:09:13.407+08:00","caller":"load/sheddingstat.go:61","content":"(api) shedding_stat [1m], cpu: 18, total: 0, pass: 0, drop: 0","level":"stat"}
{"@timestamp":"2025-02-16T17:10:12.349+08:00","caller":"stat/usage.go:61","content":"CPU: 17m, MEMORY: Alloc=18.3Mi, TotalAlloc=3344.6Mi, Sys=39.1Mi, NumGC=472","level":"stat"}
{"@timestamp":"2025-02-16T17:10:13.406+08:00","caller":"load/sheddingstat.go:61","content":"(api) shedding_stat [1m], cpu: 19, total: 0, pass: 0, drop: 0","level":"stat"}
{"@timestamp":"2025-02-16T17:11:12.349+08:00","caller":"stat/usage.go:61","content":"CPU: 19m, MEMORY: Alloc=22.5Mi, TotalAlloc=3348.8Mi, Sys=39.1Mi, NumGC=472","level":"stat"}
{"@timestamp":"2025-02-16T17:11:13.406+08:00","caller":"load/sheddingstat.go:61","content":"(api) shedding_stat [1m], cpu: 21, total: 0, pass: 0, drop: 0","level":"stat"}
{"@timestamp":"2025-02-16T17:12:12.349+08:00","caller":"stat/usage.go:61","content":"CPU: 18m, MEMORY: Alloc=18.3Mi, TotalAlloc=3353.0Mi, Sys=39.1Mi, NumGC=473","level":"stat"}
{"@timestamp":"2025-02-16T17:12:13.406+08:00","caller":"load/sheddingstat.go:61","content":"(api) shedding_stat [1m], cpu: 20, total: 0, pass: 0, drop: 0","level":"stat"}
{"@timestamp":"2025-02-16T17:13:12.350+08:00","caller":"stat/usage.go:61","content":"CPU: 16m, MEMORY: Alloc=22.5Mi, TotalAlloc=3357.2Mi, Sys=39.1Mi, NumGC=473","level":"stat"}
{"@timestamp":"2025-02-16T17:13:13.406+08:00","caller":"load/sheddingstat.go:61","content":"(api) shedding_stat [1m], cpu: 16, total: 0, pass: 0, drop: 0","level":"stat"}
{"@timestamp":"2025-02-16T17:14:12.349+08:00","caller":"stat/usage.go:61","content":"CPU: 17m, MEMORY: Alloc=18.3Mi, TotalAlloc=3361.4Mi, Sys=39.1Mi, NumGC=474","level":"stat"}
{"@timestamp":"2025-02-16T17:14:13.406+08:00","caller":"load/sheddingstat.go:61","content":"(api) shedding_stat [1m], cpu: 17, total: 0, pass: 0, drop: 0","level":"stat"}
{"@timestamp":"2025-02-16T17:15:12.349+08:00","caller":"stat/usage.go:61","content":"CPU: 50m, MEMORY: Alloc=22.5Mi, TotalAlloc=3365.6Mi, Sys=39.1Mi, NumGC=474","level":"stat"}
{"@timestamp":"2025-02-16T17:15:13.407+08:00","caller":"load/sheddingstat.go:61","content":"(api) shedding_stat [1m], cpu: 43, total: 0, pass: 0, drop: 0","level":"stat"}
{"@timestamp":"2025-02-16T17:16:12.349+08:00","caller":"stat/usage.go:61","content":"CPU: 17m, MEMORY: Alloc=18.4Mi, TotalAlloc=3369.8Mi, Sys=39.1Mi, NumGC=475","level":"stat"}
{"@timestamp":"2025-02-16T17:16:13.406+08:00","caller":"load/sheddingstat.go:61","content":"(api) shedding_stat [1m], cpu: 17, total: 0, pass: 0, drop: 0","level":"stat"}
{"@timestamp":"2025-02-16T17:17:12.349+08:00","caller":"stat/usage.go:61","content":"CPU: 17m, MEMORY: Alloc=22.6Mi, TotalAlloc=3374.0Mi, Sys=39.1Mi, NumGC=475","level":"stat"}
{"@timestamp":"2025-02-16T17:17:13.405+08:00","caller":"load/sheddingstat.go:61","content":"(api) shedding_stat [1m], cpu: 17, total: 0, pass: 0, drop: 0","level":"stat"}
{"@timestamp":"2025-02-16T17:18:12.349+08:00","caller":"stat/usage.go:61","content":"CPU: 17m, MEMORY: Alloc=18.4Mi, TotalAlloc=3378.2Mi, Sys=39.1Mi, NumGC=476","level":"stat"}
{"@timestamp":"2025-02-16T17:18:13.406+08:00","caller":"load/sheddingstat.go:61","content":"(api) shedding_stat [1m], cpu: 17, total: 0, pass: 0, drop: 0","level":"stat"}
{"@timestamp":"2025-02-16T17:19:12.349+08:00","caller":"stat/usage.go:61","content":"CPU: 20m, MEMORY: Alloc=22.6Mi, TotalAlloc=3382.4Mi, Sys=39.1Mi, NumGC=476","level":"stat"}
{"@timestamp":"2025-02-16T17:19:13.406+08:00","caller":"load/sheddingstat.go:61","content":"(api) shedding_stat [1m], cpu: 19, total: 0, pass: 0, drop: 0","level":"stat"}
{"@timestamp":"2025-02-16T17:20:12.349+08:00","caller":"stat/usage.go:61","content":"CPU: 24m, MEMORY: Alloc=18.4Mi, TotalAlloc=3386.6Mi, Sys=39.1Mi, NumGC=477","level":"stat"}
{"@timestamp":"2025-02-16T17:20:13.406+08:00","caller":"load/sheddingstat.go:61","content":"(api) shedding_stat [1m], cpu: 21, total: 0, pass: 0, drop: 0","level":"stat"}
{"@timestamp":"2025-02-16T17:21:12.349+08:00","caller":"stat/usage.go:61","content":"CPU: 25m, MEMORY: Alloc=22.6Mi, TotalAlloc=3390.8Mi, Sys=39.1Mi, NumGC=477","level":"stat"}
{"@timestamp":"2025-02-16T17:21:13.406+08:00","caller":"load/sheddingstat.go:61","content":"(api) shedding_stat [1m], cpu: 25, total: 0, pass: 0, drop: 0","level":"stat"}
{"@timestamp":"2025-02-16T17:22:12.349+08:00","caller":"stat/usage.go:61","content":"CPU: 16m, MEMORY: Alloc=18.4Mi, TotalAlloc=3395.0Mi, Sys=39.1Mi, NumGC=478","level":"stat"}
{"@timestamp":"2025-02-16T17:22:13.407+08:00","caller":"load/sheddingstat.go:61","content":"(api) shedding_stat [1m], cpu: 23, total: 0, pass: 0, drop: 0","level":"stat"}
{"@timestamp":"2025-02-16T17:23:12.349+08:00","caller":"stat/usage.go:61","content":"CPU: 29m, MEMORY: Alloc=22.6Mi, TotalAlloc=3399.2Mi, Sys=39.1Mi, NumGC=478","level":"stat"}
{"@timestamp":"2025-02-16T17:23:13.406+08:00","caller":"load/sheddingstat.go:61","content":"(api) shedding_stat [1m], cpu: 26, total: 0, pass: 0, drop: 0","level":"stat"}
{"@timestamp":"2025-02-16T17:24:12.349+08:00","caller":"stat/usage.go:61","content":"CPU: 19m, MEMORY: Alloc=18.5Mi, TotalAlloc=3403.4Mi, Sys=39.2Mi, NumGC=479","level":"stat"}
{"@timestamp":"2025-02-16T17:24:13.405+08:00","caller":"load/sheddingstat.go:61","content":"(api) shedding_stat [1m], cpu: 19, total: 0, pass: 0, drop: 0","level":"stat"}
{"@timestamp":"2025-02-16T17:25:12.349+08:00","caller":"stat/usage.go:61","content":"CPU: 23m, MEMORY: Alloc=22.7Mi, TotalAlloc=3407.6Mi, Sys=39.2Mi, NumGC=479","level":"stat"}
{"@timestamp":"2025-02-16T17:25:13.406+08:00","caller":"load/sheddingstat.go:61","content":"(api) shedding_stat [1m], cpu: 22, total: 0, pass: 0, drop: 0","level":"stat"}
{"@timestamp":"2025-02-16T17:26:12.350+08:00","caller":"stat/usage.go:61","content":"CPU: 18m, MEMORY: Alloc=18.5Mi, TotalAlloc=3411.8Mi, Sys=39.3Mi, NumGC=480","level":"stat"}
{"@timestamp":"2025-02-16T17:26:13.406+08:00","caller":"load/sheddingstat.go:61","content":"(api) shedding_stat [1m], cpu: 18, total: 0, pass: 0, drop: 0","level":"stat"}
{"@timestamp":"2025-02-16T17:27:12.349+08:00","caller":"stat/usage.go:61","content":"CPU: 31m, MEMORY: Alloc=22.7Mi, TotalAlloc=3416.0Mi, Sys=39.3Mi, NumGC=480","level":"stat"}
{"@timestamp":"2025-02-16T17:27:13.405+08:00","caller":"load/sheddingstat.go:61","content":"(api) shedding_stat [1m], cpu: 28, total: 0, pass: 0, drop: 0","level":"stat"}
{"@timestamp":"2025-02-16T17:28:12.349+08:00","caller":"stat/usage.go:61","content":"CPU: 18m, MEMORY: Alloc=18.5Mi, TotalAlloc=3420.2Mi, Sys=39.3Mi, NumGC=481","level":"stat"}
{"@timestamp":"2025-02-16T17:28:13.405+08:00","caller":"load/sheddingstat.go:61","content":"(api) shedding_stat [1m], cpu: 18, total: 0, pass: 0, drop: 0","level":"stat"}
{"@timestamp":"2025-02-16T17:29:12.349+08:00","caller":"stat/usage.go:61","content":"CPU: 23m, MEMORY: Alloc=22.7Mi, TotalAlloc=3424.4Mi, Sys=39.3Mi, NumGC=481","level":"stat"}
{"@timestamp":"2025-02-16T17:29:13.405+08:00","caller":"load/sheddingstat.go:61","content":"(api) shedding_stat [1m], cpu: 52, total: 0, pass: 0, drop: 0","level":"stat"}
{"@timestamp":"2025-02-16T17:30:12.349+08:00","caller":"stat/usage.go:61","content":"CPU: 35m, MEMORY: Alloc=18.6Mi, TotalAlloc=3428.6Mi, Sys=39.3Mi, NumGC=482","level":"stat"}
{"@timestamp":"2025-02-16T17:30:13.406+08:00","caller":"load/sheddingstat.go:61","content":"(api) shedding_stat [1m], cpu: 32, total: 0, pass: 0, drop: 0","level":"stat"}
{"@timestamp":"2025-02-16T17:31:12.349+08:00","caller":"stat/usage.go:61","content":"CPU: 29m, MEMORY: Alloc=22.8Mi, TotalAlloc=3432.9Mi, Sys=39.3Mi, NumGC=482","level":"stat"}
{"@timestamp":"2025-02-16T17:31:13.406+08:00","caller":"load/sheddingstat.go:61","content":"(api) shedding_stat [1m], cpu: 31, total: 0, pass: 0, drop: 0","level":"stat"}
{"@timestamp":"2025-02-16T17:32:12.349+08:00","caller":"stat/usage.go:61","content":"CPU: 21m, MEMORY: Alloc=18.6Mi, TotalAlloc=3437.1Mi, Sys=39.3Mi, NumGC=483","level":"stat"}
{"@timestamp":"2025-02-16T17:32:13.406+08:00","caller":"load/sheddingstat.go:61","content":"(api) shedding_stat [1m], cpu: 20, total: 0, pass: 0, drop: 0","level":"stat"}
{"@timestamp":"2025-02-16T17:33:12.349+08:00","caller":"stat/usage.go:61","content":"CPU: 18m, MEMORY: Alloc=22.8Mi, TotalAlloc=3441.3Mi, Sys=39.3Mi, NumGC=483","level":"stat"}
{"@timestamp":"2025-02-16T17:33:13.406+08:00","caller":"load/sheddingstat.go:61","content":"(api) shedding_stat [1m], cpu: 17, total: 0, pass: 0, drop: 0","level":"stat"}
{"@timestamp":"2025-02-16T17:34:12.349+08:00","caller":"stat/usage.go:61","content":"CPU: 21m, MEMORY: Alloc=18.6Mi, TotalAlloc=3445.5Mi, Sys=39.3Mi, NumGC=484","level":"stat"}
{"@timestamp":"2025-02-16T17:34:13.406+08:00","caller":"load/sheddingstat.go:61","content":"(api) shedding_stat [1m], cpu: 21, total: 0, pass: 0, drop: 0","level":"stat"}
{"@timestamp":"2025-02-16T17:35:12.349+08:00","caller":"stat/usage.go:61","content":"CPU: 16m, MEMORY: Alloc=22.8Mi, TotalAlloc=3449.7Mi, Sys=39.3Mi, NumGC=484","level":"stat"}
{"@timestamp":"2025-02-16T17:35:13.407+08:00","caller":"load/sheddingstat.go:61","content":"(api) shedding_stat [1m], cpu: 18, total: 0, pass: 0, drop: 0","level":"stat"}
{"@timestamp":"2025-02-16T17:36:12.349+08:00","caller":"stat/usage.go:61","content":"CPU: 25m, MEMORY: Alloc=18.6Mi, TotalAlloc=3453.9Mi, Sys=39.3Mi, NumGC=485","level":"stat"}
{"@timestamp":"2025-02-16T17:36:13.406+08:00","caller":"load/sheddingstat.go:61","content":"(api) shedding_stat [1m], cpu: 24, total: 0, pass: 0, drop: 0","level":"stat"}
{"@timestamp":"2025-02-16T17:37:12.349+08:00","caller":"stat/usage.go:61","content":"CPU: 22m, MEMORY: Alloc=22.9Mi, TotalAlloc=3458.1Mi, Sys=39.3Mi, NumGC=485","level":"stat"}
{"@timestamp":"2025-02-16T17:37:13.406+08:00","caller":"load/sheddingstat.go:61","content":"(api) shedding_stat [1m], cpu: 21, total: 0, pass: 0, drop: 0","level":"stat"}
{"@timestamp":"2025-02-16T17:38:12.349+08:00","caller":"stat/usage.go:61","content":"CPU: 21m, MEMORY: Alloc=18.7Mi, TotalAlloc=3462.3Mi, Sys=39.3Mi, NumGC=486","level":"stat"}
{"@timestamp":"2025-02-16T17:38:13.407+08:00","caller":"load/sheddingstat.go:61","content":"(api) shedding_stat [1m], cpu: 21, total: 0, pass: 0, drop: 0","level":"stat"}
{"@timestamp":"2025-02-16T17:39:12.349+08:00","caller":"stat/usage.go:61","content":"CPU: 23m, MEMORY: Alloc=22.9Mi, TotalAlloc=3466.5Mi, Sys=39.3Mi, NumGC=486","level":"stat"}
{"@timestamp":"2025-02-16T17:39:13.406+08:00","caller":"load/sheddingstat.go:61","content":"(api) shedding_stat [1m], cpu: 27, total: 0, pass: 0, drop: 0","level":"stat"}
{"@timestamp":"2025-02-16T17:40:12.349+08:00","caller":"stat/usage.go:61","content":"CPU: 26m, MEMORY: Alloc=18.7Mi, TotalAlloc=3470.7Mi, Sys=39.3Mi, NumGC=487","level":"stat"}
{"@timestamp":"2025-02-16T17:40:13.406+08:00","caller":"load/sheddingstat.go:61","content":"(api) shedding_stat [1m], cpu: 24, total: 0, pass: 0, drop: 0","level":"stat"}
{"@timestamp":"2025-02-16T17:41:12.349+08:00","caller":"stat/usage.go:61","content":"CPU: 43m, MEMORY: Alloc=22.9Mi, TotalAlloc=3474.9Mi, Sys=39.3Mi, NumGC=487","level":"stat"}
{"@timestamp":"2025-02-16T17:41:13.406+08:00","caller":"load/sheddingstat.go:61","content":"(api) shedding_stat [1m], cpu: 41, total: 0, pass: 0, drop: 0","level":"stat"}
{"@timestamp":"2025-02-16T17:42:12.349+08:00","caller":"stat/usage.go:61","content":"CPU: 24m, MEMORY: Alloc=18.7Mi, TotalAlloc=3479.1Mi, Sys=39.3Mi, NumGC=488","level":"stat"}
{"@timestamp":"2025-02-16T17:42:13.406+08:00","caller":"load/sheddingstat.go:61","content":"(api) shedding_stat [1m], cpu: 24, total: 0, pass: 0, drop: 0","level":"stat"}
{"@timestamp":"2025-02-16T17:43:12.349+08:00","caller":"stat/usage.go:61","content":"CPU: 30m, MEMORY: Alloc=22.9Mi, TotalAlloc=3483.3Mi, Sys=39.3Mi, NumGC=488","level":"stat"}
{"@timestamp":"2025-02-16T17:43:13.406+08:00","caller":"load/sheddingstat.go:61","content":"(api) shedding_stat [1m], cpu: 54, total: 0, pass: 0, drop: 0","level":"stat"}
{"@timestamp":"2025-02-16T17:44:12.349+08:00","caller":"stat/usage.go:61","content":"CPU: 22m, MEMORY: Alloc=18.7Mi, TotalAlloc=3487.5Mi, Sys=39.3Mi, NumGC=489","level":"stat"}
{"@timestamp":"2025-02-16T17:44:13.406+08:00","caller":"load/sheddingstat.go:61","content":"(api) shedding_stat [1m], cpu: 22, total: 0, pass: 0, drop: 0","level":"stat"}
{"@timestamp":"2025-02-16T17:45:12.349+08:00","caller":"stat/usage.go:61","content":"CPU: 22m, MEMORY: Alloc=22.9Mi, TotalAlloc=3491.7Mi, Sys=39.3Mi, NumGC=489","level":"stat"}
{"@timestamp":"2025-02-16T17:45:13.406+08:00","caller":"load/sheddingstat.go:61","content":"(api) shedding_stat [1m], cpu: 22, total: 0, pass: 0, drop: 0","level":"stat"}
{"@timestamp":"2025-02-16T17:46:12.349+08:00","caller":"stat/usage.go:61","content":"CPU: 19m, MEMORY: Alloc=18.8Mi, TotalAlloc=3495.9Mi, Sys=39.3Mi, NumGC=490","level":"stat"}
{"@timestamp":"2025-02-16T17:46:13.406+08:00","caller":"load/sheddingstat.go:61","content":"(api) shedding_stat [1m], cpu: 22, total: 0, pass: 0, drop: 0","level":"stat"}
{"@timestamp":"2025-02-16T17:47:12.349+08:00","caller":"stat/usage.go:61","content":"CPU: 15m, MEMORY: Alloc=23.0Mi, TotalAlloc=3500.1Mi, Sys=39.3Mi, NumGC=490","level":"stat"}
{"@timestamp":"2025-02-16T17:47:13.406+08:00","caller":"load/sheddingstat.go:61","content":"(api) shedding_stat [1m], cpu: 17, total: 0, pass: 0, drop: 0","level":"stat"}
{"@timestamp":"2025-02-16T17:48:12.349+08:00","caller":"stat/usage.go:61","content":"CPU: 18m, MEMORY: Alloc=18.8Mi, TotalAlloc=3504.3Mi, Sys=39.3Mi, NumGC=491","level":"stat"}
{"@timestamp":"2025-02-16T17:48:13.406+08:00","caller":"load/sheddingstat.go:61","content":"(api) shedding_stat [1m], cpu: 20, total: 0, pass: 0, drop: 0","level":"stat"}
{"@timestamp":"2025-02-16T17:49:12.349+08:00","caller":"stat/usage.go:61","content":"CPU: 55m, MEMORY: Alloc=23.0Mi, TotalAlloc=3508.5Mi, Sys=39.3Mi, NumGC=491","level":"stat"}
{"@timestamp":"2025-02-16T17:49:13.406+08:00","caller":"load/sheddingstat.go:61","content":"(api) shedding_stat [1m], cpu: 63, total: 0, pass: 0, drop: 0","level":"stat"}
{"@timestamp":"2025-02-16T17:50:12.349+08:00","caller":"stat/usage.go:61","content":"CPU: 18m, MEMORY: Alloc=18.8Mi, TotalAlloc=3512.7Mi, Sys=39.3Mi, NumGC=492","level":"stat"}
{"@timestamp":"2025-02-16T17:50:13.406+08:00","caller":"load/sheddingstat.go:61","content":"(api) shedding_stat [1m], cpu: 18, total: 0, pass: 0, drop: 0","level":"stat"}
{"@timestamp":"2025-02-16T17:51:12.349+08:00","caller":"stat/usage.go:61","content":"CPU: 17m, MEMORY: Alloc=23.0Mi, TotalAlloc=3516.9Mi, Sys=39.3Mi, NumGC=492","level":"stat"}
{"@timestamp":"2025-02-16T17:51:13.406+08:00","caller":"load/sheddingstat.go:61","content":"(api) shedding_stat [1m], cpu: 17, total: 0, pass: 0, drop: 0","level":"stat"}
{"@timestamp":"2025-02-16T17:52:12.349+08:00","caller":"stat/usage.go:61","content":"CPU: 18m, MEMORY: Alloc=18.8Mi, TotalAlloc=3521.1Mi, Sys=39.3Mi, NumGC=493","level":"stat"}
{"@timestamp":"2025-02-16T17:52:13.405+08:00","caller":"load/sheddingstat.go:61","content":"(api) shedding_stat [1m], cpu: 18, total: 0, pass: 0, drop: 0","level":"stat"}
{"@timestamp":"2025-02-16T17:53:12.349+08:00","caller":"stat/usage.go:61","content":"CPU: 25m, MEMORY: Alloc=23.0Mi, TotalAlloc=3525.3Mi, Sys=39.3Mi, NumGC=493","level":"stat"}
{"@timestamp":"2025-02-16T17:53:13.406+08:00","caller":"load/sheddingstat.go:61","content":"(api) shedding_stat [1m], cpu: 24, total: 0, pass: 0, drop: 0","level":"stat"}
{"@timestamp":"2025-02-16T17:54:12.349+08:00","caller":"stat/usage.go:61","content":"CPU: 20m, MEMORY: Alloc=18.9Mi, TotalAlloc=3529.5Mi, Sys=39.3Mi, NumGC=494","level":"stat"}
{"@timestamp":"2025-02-16T17:54:13.407+08:00","caller":"load/sheddingstat.go:61","content":"(api) shedding_stat [1m], cpu: 19, total: 0, pass: 0, drop: 0","level":"stat"}
{"@timestamp":"2025-02-16T17:55:12.350+08:00","caller":"stat/usage.go:61","content":"CPU: 16m, MEMORY: Alloc=23.1Mi, TotalAlloc=3533.7Mi, Sys=39.3Mi, NumGC=494","level":"stat"}
{"@timestamp":"2025-02-16T17:55:13.406+08:00","caller":"load/sheddingstat.go:61","content":"(api) shedding_stat [1m], cpu: 16, total: 0, pass: 0, drop: 0","level":"stat"}
{"@timestamp":"2025-02-16T17:56:12.349+08:00","caller":"stat/usage.go:61","content":"CPU: 17m, MEMORY: Alloc=18.9Mi, TotalAlloc=3537.9Mi, Sys=39.3Mi, NumGC=495","level":"stat"}
{"@timestamp":"2025-02-16T17:56:13.407+08:00","caller":"load/sheddingstat.go:61","content":"(api) shedding_stat [1m], cpu: 17, total: 0, pass: 0, drop: 0","level":"stat"}
{"@timestamp":"2025-02-16T17:57:12.349+08:00","caller":"stat/usage.go:61","content":"CPU: 17m, MEMORY: Alloc=23.1Mi, TotalAlloc=3542.1Mi, Sys=39.3Mi, NumGC=495","level":"stat"}
{"@timestamp":"2025-02-16T17:57:13.406+08:00","caller":"load/sheddingstat.go:61","content":"(api) shedding_stat [1m], cpu: 17, total: 0, pass: 0, drop: 0","level":"stat"}
{"@timestamp":"2025-02-16T17:58:12.349+08:00","caller":"stat/usage.go:61","content":"CPU: 22m, MEMORY: Alloc=18.9Mi, TotalAlloc=3546.3Mi, Sys=39.3Mi, NumGC=496","level":"stat"}
{"@timestamp":"2025-02-16T17:58:13.407+08:00","caller":"load/sheddingstat.go:61","content":"(api) shedding_stat [1m], cpu: 22, total: 0, pass: 0, drop: 0","level":"stat"}
{"@timestamp":"2025-02-16T17:59:12.349+08:00","caller":"stat/usage.go:61","content":"CPU: 16m, MEMORY: Alloc=23.1Mi, TotalAlloc=3550.5Mi, Sys=39.3Mi, NumGC=496","level":"stat"}
{"@timestamp":"2025-02-16T17:59:13.406+08:00","caller":"load/sheddingstat.go:61","content":"(api) shedding_stat [1m], cpu: 16, total: 0, pass: 0, drop: 0","level":"stat"}
{"@timestamp":"2025-02-16T18:00:12.349+08:00","caller":"stat/usage.go:61","content":"CPU: 16m, MEMORY: Alloc=19.0Mi, TotalAlloc=3554.7Mi, Sys=39.3Mi, NumGC=497","level":"stat"}
{"@timestamp":"2025-02-16T18:00:13.406+08:00","caller":"load/sheddingstat.go:61","content":"(api) shedding_stat [1m], cpu: 16, total: 0, pass: 0, drop: 0","level":"stat"}
{"@timestamp":"2025-02-16T18:01:12.349+08:00","caller":"stat/usage.go:61","content":"CPU: 21m, MEMORY: Alloc=23.2Mi, TotalAlloc=3558.9Mi, Sys=39.3Mi, NumGC=497","level":"stat"}
{"@timestamp":"2025-02-16T18:01:13.405+08:00","caller":"load/sheddingstat.go:61","content":"(api) shedding_stat [1m], cpu: 21, total: 0, pass: 0, drop: 0","level":"stat"}
{"@timestamp":"2025-02-16T18:02:12.349+08:00","caller":"stat/usage.go:61","content":"CPU: 16m, MEMORY: Alloc=19.0Mi, TotalAlloc=3563.1Mi, Sys=39.3Mi, NumGC=498","level":"stat"}
{"@timestamp":"2025-02-16T18:02:13.406+08:00","caller":"load/sheddingstat.go:61","content":"(api) shedding_stat [1m], cpu: 17, total: 0, pass: 0, drop: 0","level":"stat"}
{"@timestamp":"2025-02-16T18:03:12.349+08:00","caller":"stat/usage.go:61","content":"CPU: 16m, MEMORY: Alloc=23.2Mi, TotalAlloc=3567.3Mi, Sys=39.3Mi, NumGC=498","level":"stat"}
{"@timestamp":"2025-02-16T18:03:13.406+08:00","caller":"load/sheddingstat.go:61","content":"(api) shedding_stat [1m], cpu: 16, total: 0, pass: 0, drop: 0","level":"stat"}
{"@timestamp":"2025-02-16T18:04:12.349+08:00","caller":"stat/usage.go:61","content":"CPU: 17m, MEMORY: Alloc=19.0Mi, TotalAlloc=3571.5Mi, Sys=39.3Mi, NumGC=499","level":"stat"}
{"@timestamp":"2025-02-16T18:04:13.406+08:00","caller":"load/sheddingstat.go:61","content":"(api) shedding_stat [1m], cpu: 17, total: 0, pass: 0, drop: 0","level":"stat"}
{"@timestamp":"2025-02-16T18:05:12.349+08:00","caller":"stat/usage.go:61","content":"CPU: 16m, MEMORY: Alloc=23.2Mi, TotalAlloc=3575.7Mi, Sys=39.3Mi, NumGC=499","level":"stat"}
{"@timestamp":"2025-02-16T18:05:13.406+08:00","caller":"load/sheddingstat.go:61","content":"(api) shedding_stat [1m], cpu: 16, total: 0, pass: 0, drop: 0","level":"stat"}
{"@timestamp":"2025-02-16T18:06:12.349+08:00","caller":"stat/usage.go:61","content":"CPU: 19m, MEMORY: Alloc=19.0Mi, TotalAlloc=3579.9Mi, Sys=39.3Mi, NumGC=500","level":"stat"}
{"@timestamp":"2025-02-16T18:06:13.406+08:00","caller":"load/sheddingstat.go:61","content":"(api) shedding_stat [1m], cpu: 19, total: 0, pass: 0, drop: 0","level":"stat"}
{"@timestamp":"2025-02-16T18:07:12.350+08:00","caller":"stat/usage.go:61","content":"CPU: 18m, MEMORY: Alloc=23.3Mi, TotalAlloc=3584.1Mi, Sys=39.3Mi, NumGC=500","level":"stat"}
{"@timestamp":"2025-02-16T18:07:13.406+08:00","caller":"load/sheddingstat.go:61","content":"(api) shedding_stat [1m], cpu: 17, total: 0, pass: 0, drop: 0","level":"stat"}
{"@timestamp":"2025-02-16T18:08:12.349+08:00","caller":"stat/usage.go:61","content":"CPU: 18m, MEMORY: Alloc=19.1Mi, TotalAlloc=3588.3Mi, Sys=39.3Mi, NumGC=501","level":"stat"}
{"@timestamp":"2025-02-16T18:08:13.406+08:00","caller":"load/sheddingstat.go:61","content":"(api) shedding_stat [1m], cpu: 18, total: 0, pass: 0, drop: 0","level":"stat"}
{"@timestamp":"2025-02-16T18:09:12.350+08:00","caller":"stat/usage.go:61","content":"CPU: 16m, MEMORY: Alloc=23.3Mi, TotalAlloc=3592.5Mi, Sys=39.3Mi, NumGC=501","level":"stat"}
{"@timestamp":"2025-02-16T18:09:13.406+08:00","caller":"load/sheddingstat.go:61","content":"(api) shedding_stat [1m], cpu: 16, total: 0, pass: 0, drop: 0","level":"stat"}
{"@timestamp":"2025-02-16T18:10:12.349+08:00","caller":"stat/usage.go:61","content":"CPU: 18m, MEMORY: Alloc=19.1Mi, TotalAlloc=3596.7Mi, Sys=39.3Mi, NumGC=502","level":"stat"}
{"@timestamp":"2025-02-16T18:10:13.406+08:00","caller":"load/sheddingstat.go:61","content":"(api) shedding_stat [1m], cpu: 18, total: 0, pass: 0, drop: 0","level":"stat"}
{"@timestamp":"2025-02-16T18:11:12.349+08:00","caller":"stat/usage.go:61","content":"CPU: 19m, MEMORY: Alloc=23.3Mi, TotalAlloc=3600.9Mi, Sys=39.3Mi, NumGC=502","level":"stat"}
{"@timestamp":"2025-02-16T18:11:13.406+08:00","caller":"load/sheddingstat.go:61","content":"(api) shedding_stat [1m], cpu: 18, total: 0, pass: 0, drop: 0","level":"stat"}
{"@timestamp":"2025-02-16T18:12:12.350+08:00","caller":"stat/usage.go:61","content":"CPU: 17m, MEMORY: Alloc=19.1Mi, TotalAlloc=3605.1Mi, Sys=39.3Mi, NumGC=503","level":"stat"}
{"@timestamp":"2025-02-16T18:12:13.406+08:00","caller":"load/sheddingstat.go:61","content":"(api) shedding_stat [1m], cpu: 17, total: 0, pass: 0, drop: 0","level":"stat"}
{"@timestamp":"2025-02-16T18:13:12.349+08:00","caller":"stat/usage.go:61","content":"CPU: 17m, MEMORY: Alloc=23.3Mi, TotalAlloc=3609.3Mi, Sys=39.3Mi, NumGC=503","level":"stat"}
{"@timestamp":"2025-02-16T18:13:13.406+08:00","caller":"load/sheddingstat.go:61","content":"(api) shedding_stat [1m], cpu: 17, total: 0, pass: 0, drop: 0","level":"stat"}
{"@timestamp":"2025-02-16T18:14:12.349+08:00","caller":"stat/usage.go:61","content":"CPU: 19m, MEMORY: Alloc=19.2Mi, TotalAlloc=3613.5Mi, Sys=39.3Mi, NumGC=504","level":"stat"}
{"@timestamp":"2025-02-16T18:14:13.405+08:00","caller":"load/sheddingstat.go:61","content":"(api) shedding_stat [1m], cpu: 18, total: 0, pass: 0, drop: 0","level":"stat"}
{"@timestamp":"2025-02-16T18:15:12.349+08:00","caller":"stat/usage.go:61","content":"CPU: 16m, MEMORY: Alloc=23.4Mi, TotalAlloc=3617.7Mi, Sys=39.3Mi, NumGC=504","level":"stat"}
{"@timestamp":"2025-02-16T18:15:13.407+08:00","caller":"load/sheddingstat.go:61","content":"(api) shedding_stat [1m], cpu: 17, total: 0, pass: 0, drop: 0","level":"stat"}
{"@timestamp":"2025-02-16T18:16:12.349+08:00","caller":"stat/usage.go:61","content":"CPU: 17m, MEMORY: Alloc=19.2Mi, TotalAlloc=3621.9Mi, Sys=39.3Mi, NumGC=505","level":"stat"}
{"@timestamp":"2025-02-16T18:16:13.406+08:00","caller":"load/sheddingstat.go:61","content":"(api) shedding_stat [1m], cpu: 17, total: 0, pass: 0, drop: 0","level":"stat"}
{"@timestamp":"2025-02-16T18:17:12.349+08:00","caller":"stat/usage.go:61","content":"CPU: 19m, MEMORY: Alloc=23.4Mi, TotalAlloc=3626.1Mi, Sys=39.3Mi, NumGC=505","level":"stat"}
{"@timestamp":"2025-02-16T18:17:13.406+08:00","caller":"load/sheddingstat.go:61","content":"(api) shedding_stat [1m], cpu: 19, total: 0, pass: 0, drop: 0","level":"stat"}
{"@timestamp":"2025-02-16T18:18:12.349+08:00","caller":"stat/usage.go:61","content":"CPU: 21m, MEMORY: Alloc=19.2Mi, TotalAlloc=3630.3Mi, Sys=39.3Mi, NumGC=506","level":"stat"}
{"@timestamp":"2025-02-16T18:18:13.406+08:00","caller":"load/sheddingstat.go:61","content":"(api) shedding_stat [1m], cpu: 32, total: 0, pass: 0, drop: 0","level":"stat"}
{"@timestamp":"2025-02-16T18:19:12.349+08:00","caller":"stat/usage.go:61","content":"CPU: 33m, MEMORY: Alloc=23.4Mi, TotalAlloc=3634.5Mi, Sys=39.3Mi, NumGC=506","level":"stat"}
{"@timestamp":"2025-02-16T18:19:13.406+08:00","caller":"load/sheddingstat.go:61","content":"(api) shedding_stat [1m], cpu: 29, total: 0, pass: 0, drop: 0","level":"stat"}
{"@timestamp":"2025-02-16T18:20:12.349+08:00","caller":"stat/usage.go:61","content":"CPU: 42m, MEMORY: Alloc=19.2Mi, TotalAlloc=3638.7Mi, Sys=39.3Mi, NumGC=507","level":"stat"}
{"@timestamp":"2025-02-16T18:20:13.406+08:00","caller":"load/sheddingstat.go:61","content":"(api) shedding_stat [1m], cpu: 38, total: 0, pass: 0, drop: 0","level":"stat"}
{"@timestamp":"2025-02-16T18:21:12.349+08:00","caller":"stat/usage.go:61","content":"CPU: 48m, MEMORY: Alloc=23.4Mi, TotalAlloc=3642.9Mi, Sys=39.3Mi, NumGC=507","level":"stat"}
{"@timestamp":"2025-02-16T18:21:13.406+08:00","caller":"load/sheddingstat.go:61","content":"(api) shedding_stat [1m], cpu: 53, total: 0, pass: 0, drop: 0","level":"stat"}
{"@timestamp":"2025-02-16T18:22:12.349+08:00","caller":"stat/usage.go:61","content":"CPU: 73m, MEMORY: Alloc=19.3Mi, TotalAlloc=3647.1Mi, Sys=39.3Mi, NumGC=508","level":"stat"}
{"@timestamp":"2025-02-16T18:22:13.407+08:00","caller":"load/sheddingstat.go:61","content":"(api) shedding_stat [1m], cpu: 66, total: 0, pass: 0, drop: 0","level":"stat"}
{"@timestamp":"2025-02-16T18:23:12.349+08:00","caller":"stat/usage.go:61","content":"CPU: 19m, MEMORY: Alloc=23.5Mi, TotalAlloc=3651.3Mi, Sys=39.3Mi, NumGC=508","level":"stat"}
{"@timestamp":"2025-02-16T18:23:13.407+08:00","caller":"load/sheddingstat.go:61","content":"(api) shedding_stat [1m], cpu: 21, total: 0, pass: 0, drop: 0","level":"stat"}
{"@timestamp":"2025-02-16T18:24:12.350+08:00","caller":"stat/usage.go:61","content":"CPU: 36m, MEMORY: Alloc=19.3Mi, TotalAlloc=3655.5Mi, Sys=39.3Mi, NumGC=509","level":"stat"}
{"@timestamp":"2025-02-16T18:24:13.407+08:00","caller":"load/sheddingstat.go:61","content":"(api) shedding_stat [1m], cpu: 37, total: 0, pass: 0, drop: 0","level":"stat"}
{"@timestamp":"2025-02-16T18:25:12.349+08:00","caller":"stat/usage.go:61","content":"CPU: 16m, MEMORY: Alloc=23.5Mi, TotalAlloc=3659.7Mi, Sys=39.3Mi, NumGC=509","level":"stat"}
{"@timestamp":"2025-02-16T18:25:13.406+08:00","caller":"load/sheddingstat.go:61","content":"(api) shedding_stat [1m], cpu: 17, total: 0, pass: 0, drop: 0","level":"stat"}
{"@timestamp":"2025-02-16T18:26:12.349+08:00","caller":"stat/usage.go:61","content":"CPU: 16m, MEMORY: Alloc=19.3Mi, TotalAlloc=3663.9Mi, Sys=39.3Mi, NumGC=510","level":"stat"}
{"@timestamp":"2025-02-16T18:26:13.406+08:00","caller":"load/sheddingstat.go:61","content":"(api) shedding_stat [1m], cpu: 17, total: 0, pass: 0, drop: 0","level":"stat"}
{"@timestamp":"2025-02-16T18:27:12.349+08:00","caller":"stat/usage.go:61","content":"CPU: 17m, MEMORY: Alloc=23.5Mi, TotalAlloc=3668.1Mi, Sys=39.3Mi, NumGC=510","level":"stat"}
{"@timestamp":"2025-02-16T18:27:13.406+08:00","caller":"load/sheddingstat.go:61","content":"(api) shedding_stat [1m], cpu: 17, total: 0, pass: 0, drop: 0","level":"stat"}
{"@timestamp":"2025-02-16T18:28:12.349+08:00","caller":"stat/usage.go:61","content":"CPU: 15m, MEMORY: Alloc=19.3Mi, TotalAlloc=3672.3Mi, Sys=39.3Mi, NumGC=511","level":"stat"}
{"@timestamp":"2025-02-16T18:28:13.406+08:00","caller":"load/sheddingstat.go:61","content":"(api) shedding_stat [1m], cpu: 15, total: 0, pass: 0, drop: 0","level":"stat"}
{"@timestamp":"2025-02-16T18:29:12.349+08:00","caller":"stat/usage.go:61","content":"CPU: 15m, MEMORY: Alloc=23.5Mi, TotalAlloc=3676.5Mi, Sys=39.3Mi, NumGC=511","level":"stat"}
{"@timestamp":"2025-02-16T18:29:13.406+08:00","caller":"load/sheddingstat.go:61","content":"(api) shedding_stat [1m], cpu: 15, total: 0, pass: 0, drop: 0","level":"stat"}
{"@timestamp":"2025-02-16T18:30:12.349+08:00","caller":"stat/usage.go:61","content":"CPU: 17m, MEMORY: Alloc=19.4Mi, TotalAlloc=3680.7Mi, Sys=39.3Mi, NumGC=512","level":"stat"}
{"@timestamp":"2025-02-16T18:30:13.406+08:00","caller":"load/sheddingstat.go:61","content":"(api) shedding_stat [1m], cpu: 17, total: 0, pass: 0, drop: 0","level":"stat"}
{"@timestamp":"2025-02-16T18:31:12.349+08:00","caller":"stat/usage.go:61","content":"CPU: 18m, MEMORY: Alloc=23.6Mi, TotalAlloc=3684.9Mi, Sys=39.3Mi, NumGC=512","level":"stat"}
{"@timestamp":"2025-02-16T18:31:13.406+08:00","caller":"load/sheddingstat.go:61","content":"(api) shedding_stat [1m], cpu: 17, total: 0, pass: 0, drop: 0","level":"stat"}
{"@timestamp":"2025-02-16T18:32:12.349+08:00","caller":"stat/usage.go:61","content":"CPU: 16m, MEMORY: Alloc=19.4Mi, TotalAlloc=3689.1Mi, Sys=39.3Mi, NumGC=513","level":"stat"}
{"@timestamp":"2025-02-16T18:32:13.406+08:00","caller":"load/sheddingstat.go:61","content":"(api) shedding_stat [1m], cpu: 16, total: 0, pass: 0, drop: 0","level":"stat"}
{"@timestamp":"2025-02-16T18:33:12.349+08:00","caller":"stat/usage.go:61","content":"CPU: 17m, MEMORY: Alloc=23.6Mi, TotalAlloc=3693.3Mi, Sys=39.3Mi, NumGC=513","level":"stat"}
{"@timestamp":"2025-02-16T18:33:13.406+08:00","caller":"load/sheddingstat.go:61","content":"(api) shedding_stat [1m], cpu: 18, total: 0, pass: 0, drop: 0","level":"stat"}
{"@timestamp":"2025-02-16T18:34:12.349+08:00","caller":"stat/usage.go:61","content":"CPU: 22m, MEMORY: Alloc=19.4Mi, TotalAlloc=3697.5Mi, Sys=39.3Mi, NumGC=514","level":"stat"}
{"@timestamp":"2025-02-16T18:34:13.405+08:00","caller":"load/sheddingstat.go:61","content":"(api) shedding_stat [1m], cpu: 22, total: 0, pass: 0, drop: 0","level":"stat"}
{"@timestamp":"2025-02-16T18:35:12.349+08:00","caller":"stat/usage.go:61","content":"CPU: 20m, MEMORY: Alloc=23.6Mi, TotalAlloc=3701.7Mi, Sys=39.3Mi, NumGC=514","level":"stat"}
{"@timestamp":"2025-02-16T18:35:13.406+08:00","caller":"load/sheddingstat.go:61","content":"(api) shedding_stat [1m], cpu: 21, total: 0, pass: 0, drop: 0","level":"stat"}
{"@timestamp":"2025-02-16T18:36:12.349+08:00","caller":"stat/usage.go:61","content":"CPU: 19m, MEMORY: Alloc=19.4Mi, TotalAlloc=3705.9Mi, Sys=39.3Mi, NumGC=515","level":"stat"}
{"@timestamp":"2025-02-16T18:36:13.406+08:00","caller":"load/sheddingstat.go:61","content":"(api) shedding_stat [1m], cpu: 19, total: 0, pass: 0, drop: 0","level":"stat"}
{"@timestamp":"2025-02-16T18:37:12.349+08:00","caller":"stat/usage.go:61","content":"CPU: 20m, MEMORY: Alloc=23.7Mi, TotalAlloc=3710.2Mi, Sys=39.3Mi, NumGC=515","level":"stat"}
{"@timestamp":"2025-02-16T18:37:13.406+08:00","caller":"load/sheddingstat.go:61","content":"(api) shedding_stat [1m], cpu: 20, total: 0, pass: 0, drop: 0","level":"stat"}
{"@timestamp":"2025-02-16T18:38:12.349+08:00","caller":"stat/usage.go:61","content":"CPU: 18m, MEMORY: Alloc=19.5Mi, TotalAlloc=3714.4Mi, Sys=39.3Mi, NumGC=516","level":"stat"}
{"@timestamp":"2025-02-16T18:38:13.406+08:00","caller":"load/sheddingstat.go:61","content":"(api) shedding_stat [1m], cpu: 18, total: 0, pass: 0, drop: 0","level":"stat"}
{"@timestamp":"2025-02-16T18:39:12.349+08:00","caller":"stat/usage.go:61","content":"CPU: 22m, MEMORY: Alloc=23.7Mi, TotalAlloc=3718.6Mi, Sys=39.3Mi, NumGC=516","level":"stat"}
{"@timestamp":"2025-02-16T18:39:13.406+08:00","caller":"load/sheddingstat.go:61","content":"(api) shedding_stat [1m], cpu: 22, total: 0, pass: 0, drop: 0","level":"stat"}
{"@timestamp":"2025-02-16T18:40:12.349+08:00","caller":"stat/usage.go:61","content":"CPU: 21m, MEMORY: Alloc=19.5Mi, TotalAlloc=3722.8Mi, Sys=39.3Mi, NumGC=517","level":"stat"}
{"@timestamp":"2025-02-16T18:40:13.407+08:00","caller":"load/sheddingstat.go:61","content":"(api) shedding_stat [1m], cpu: 22, total: 0, pass: 0, drop: 0","level":"stat"}
{"@timestamp":"2025-02-16T18:41:12.349+08:00","caller":"stat/usage.go:61","content":"CPU: 22m, MEMORY: Alloc=23.7Mi, TotalAlloc=3727.0Mi, Sys=39.3Mi, NumGC=517","level":"stat"}
{"@timestamp":"2025-02-16T18:41:13.406+08:00","caller":"load/sheddingstat.go:61","content":"(api) shedding_stat [1m], cpu: 23, total: 0, pass: 0, drop: 0","level":"stat"}
{"@timestamp":"2025-02-16T18:42:12.349+08:00","caller":"stat/usage.go:61","content":"CPU: 17m, MEMORY: Alloc=19.5Mi, TotalAlloc=3731.2Mi, Sys=39.3Mi, NumGC=518","level":"stat"}
{"@timestamp":"2025-02-16T18:42:13.406+08:00","caller":"load/sheddingstat.go:61","content":"(api) shedding_stat [1m], cpu: 17, total: 0, pass: 0, drop: 0","level":"stat"}
{"@timestamp":"2025-02-16T18:43:12.349+08:00","caller":"stat/usage.go:61","content":"CPU: 15m, MEMORY: Alloc=23.7Mi, TotalAlloc=3735.4Mi, Sys=39.3Mi, NumGC=518","level":"stat"}
{"@timestamp":"2025-02-16T18:43:13.406+08:00","caller":"load/sheddingstat.go:61","content":"(api) shedding_stat [1m], cpu: 15, total: 0, pass: 0, drop: 0","level":"stat"}
{"@timestamp":"2025-02-16T18:44:12.349+08:00","caller":"stat/usage.go:61","content":"CPU: 22m, MEMORY: Alloc=19.6Mi, TotalAlloc=3739.6Mi, Sys=39.3Mi, NumGC=519","level":"stat"}
{"@timestamp":"2025-02-16T18:44:13.406+08:00","caller":"load/sheddingstat.go:61","content":"(api) shedding_stat [1m], cpu: 22, total: 0, pass: 0, drop: 0","level":"stat"}
{"@timestamp":"2025-02-16T18:45:12.349+08:00","caller":"stat/usage.go:61","content":"CPU: 20m, MEMORY: Alloc=23.8Mi, TotalAlloc=3743.8Mi, Sys=39.3Mi, NumGC=519","level":"stat"}
{"@timestamp":"2025-02-16T18:45:13.406+08:00","caller":"load/sheddingstat.go:61","content":"(api) shedding_stat [1m], cpu: 20, total: 0, pass: 0, drop: 0","level":"stat"}
{"@timestamp":"2025-02-16T18:46:12.349+08:00","caller":"stat/usage.go:61","content":"CPU: 21m, MEMORY: Alloc=19.6Mi, TotalAlloc=3748.0Mi, Sys=39.3Mi, NumGC=520","level":"stat"}
{"@timestamp":"2025-02-16T18:46:13.407+08:00","caller":"load/sheddingstat.go:61","content":"(api) shedding_stat [1m], cpu: 21, total: 0, pass: 0, drop: 0","level":"stat"}
{"@timestamp":"2025-02-16T18:47:12.349+08:00","caller":"stat/usage.go:61","content":"CPU: 19m, MEMORY: Alloc=23.8Mi, TotalAlloc=3752.2Mi, Sys=39.3Mi, NumGC=520","level":"stat"}
{"@timestamp":"2025-02-16T18:47:13.406+08:00","caller":"load/sheddingstat.go:61","content":"(api) shedding_stat [1m], cpu: 19, total: 0, pass: 0, drop: 0","level":"stat"}
{"@timestamp":"2025-02-16T18:48:12.349+08:00","caller":"stat/usage.go:61","content":"CPU: 21m, MEMORY: Alloc=19.6Mi, TotalAlloc=3756.4Mi, Sys=39.3Mi, NumGC=521","level":"stat"}
{"@timestamp":"2025-02-16T18:48:13.406+08:00","caller":"load/sheddingstat.go:61","content":"(api) shedding_stat [1m], cpu: 21, total: 0, pass: 0, drop: 0","level":"stat"}
{"@timestamp":"2025-02-16T18:49:12.349+08:00","caller":"stat/usage.go:61","content":"CPU: 19m, MEMORY: Alloc=23.8Mi, TotalAlloc=3760.6Mi, Sys=39.3Mi, NumGC=521","level":"stat"}
{"@timestamp":"2025-02-16T18:49:13.407+08:00","caller":"load/sheddingstat.go:61","content":"(api) shedding_stat [1m], cpu: 19, total: 0, pass: 0, drop: 0","level":"stat"}
{"@timestamp":"2025-02-16T18:50:12.349+08:00","caller":"stat/usage.go:61","content":"CPU: 22m, MEMORY: Alloc=19.6Mi, TotalAlloc=3764.8Mi, Sys=39.3Mi, NumGC=522","level":"stat"}
{"@timestamp":"2025-02-16T18:50:13.407+08:00","caller":"load/sheddingstat.go:61","content":"(api) shedding_stat [1m], cpu: 21, total: 0, pass: 0, drop: 0","level":"stat"}
{"@timestamp":"2025-02-16T18:51:12.350+08:00","caller":"stat/usage.go:61","content":"CPU: 17m, MEMORY: Alloc=23.8Mi, TotalAlloc=3769.0Mi, Sys=39.3Mi, NumGC=522","level":"stat"}
{"@timestamp":"2025-02-16T18:51:13.407+08:00","caller":"load/sheddingstat.go:61","content":"(api) shedding_stat [1m], cpu: 17, total: 0, pass: 0, drop: 0","level":"stat"}
{"@timestamp":"2025-02-16T18:52:12.349+08:00","caller":"stat/usage.go:61","content":"CPU: 22m, MEMORY: Alloc=19.7Mi, TotalAlloc=3773.2Mi, Sys=39.3Mi, NumGC=523","level":"stat"}
{"@timestamp":"2025-02-16T18:52:14.504+08:00","caller":"load/sheddingstat.go:61","content":"(api) shedding_stat [1m], cpu: 20, total: 0, pass: 0, drop: 0","level":"stat"}
{"@timestamp":"2025-02-16T18:53:12.350+08:00","caller":"stat/usage.go:61","content":"CPU: 16m, MEMORY: Alloc=23.7Mi, TotalAlloc=3777.3Mi, Sys=39.3Mi, NumGC=523","level":"stat"}
{"@timestamp":"2025-02-16T18:53:13.406+08:00","caller":"load/sheddingstat.go:61","content":"(api) shedding_stat [1m], cpu: 18, total: 0, pass: 0, drop: 0","level":"stat"}
{"@timestamp":"2025-02-16T18:54:12.350+08:00","caller":"stat/usage.go:61","content":"CPU: 17m, MEMORY: Alloc=19.7Mi, TotalAlloc=3781.4Mi, Sys=39.3Mi, NumGC=524","level":"stat"}
{"@timestamp":"2025-02-16T18:54:13.406+08:00","caller":"load/sheddingstat.go:61","content":"(api) shedding_stat [1m], cpu: 19, total: 0, pass: 0, drop: 0","level":"stat"}
{"@timestamp":"2025-02-16T18:55:12.349+08:00","caller":"stat/usage.go:61","content":"CPU: 18m, MEMORY: Alloc=23.8Mi, TotalAlloc=3785.5Mi, Sys=39.3Mi, NumGC=524","level":"stat"}
{"@timestamp":"2025-02-16T18:55:13.406+08:00","caller":"load/sheddingstat.go:61","content":"(api) shedding_stat [1m], cpu: 20, total: 0, pass: 0, drop: 0","level":"stat"}
{"@timestamp":"2025-02-16T18:56:12.349+08:00","caller":"stat/usage.go:61","content":"CPU: 17m, MEMORY: Alloc=19.7Mi, TotalAlloc=3789.7Mi, Sys=39.3Mi, NumGC=525","level":"stat"}
{"@timestamp":"2025-02-16T18:56:13.406+08:00","caller":"load/sheddingstat.go:61","content":"(api) shedding_stat [1m], cpu: 58, total: 0, pass: 0, drop: 0","level":"stat"}
{"@timestamp":"2025-02-16T18:57:12.349+08:00","caller":"stat/usage.go:61","content":"CPU: 20m, MEMORY: Alloc=23.9Mi, TotalAlloc=3793.9Mi, Sys=39.3Mi, NumGC=525","level":"stat"}
{"@timestamp":"2025-02-16T18:57:13.407+08:00","caller":"load/sheddingstat.go:61","content":"(api) shedding_stat [1m], cpu: 20, total: 0, pass: 0, drop: 0","level":"stat"}
{"@timestamp":"2025-02-16T18:58:12.350+08:00","caller":"stat/usage.go:61","content":"CPU: 31m, MEMORY: Alloc=19.7Mi, TotalAlloc=3798.1Mi, Sys=39.3Mi, NumGC=526","level":"stat"}
{"@timestamp":"2025-02-16T18:58:13.407+08:00","caller":"load/sheddingstat.go:61","content":"(api) shedding_stat [1m], cpu: 29, total: 0, pass: 0, drop: 0","level":"stat"}
{"@timestamp":"2025-02-16T18:59:12.349+08:00","caller":"stat/usage.go:61","content":"CPU: 17m, MEMORY: Alloc=23.9Mi, TotalAlloc=3802.3Mi, Sys=39.3Mi, NumGC=526","level":"stat"}
{"@timestamp":"2025-02-16T18:59:13.406+08:00","caller":"load/sheddingstat.go:61","content":"(api) shedding_stat [1m], cpu: 18, total: 0, pass: 0, drop: 0","level":"stat"}
{"@timestamp":"2025-02-16T19:00:12.349+08:00","caller":"stat/usage.go:61","content":"CPU: 26m, MEMORY: Alloc=19.8Mi, TotalAlloc=3806.5Mi, Sys=39.3Mi, NumGC=527","level":"stat"}
{"@timestamp":"2025-02-16T19:00:13.406+08:00","caller":"load/sheddingstat.go:61","content":"(api) shedding_stat [1m], cpu: 28, total: 0, pass: 0, drop: 0","level":"stat"}
{"@timestamp":"2025-02-16T19:01:12.350+08:00","caller":"stat/usage.go:61","content":"CPU: 36m, MEMORY: Alloc=24.0Mi, TotalAlloc=3810.7Mi, Sys=39.3Mi, NumGC=527","level":"stat"}
{"@timestamp":"2025-02-16T19:01:13.406+08:00","caller":"load/sheddingstat.go:61","content":"(api) shedding_stat [1m], cpu: 36, total: 0, pass: 0, drop: 0","level":"stat"}
{"@timestamp":"2025-02-16T19:02:12.349+08:00","caller":"stat/usage.go:61","content":"CPU: 25m, MEMORY: Alloc=19.8Mi, TotalAlloc=3814.9Mi, Sys=39.3Mi, NumGC=528","level":"stat"}
{"@timestamp":"2025-02-16T19:02:13.406+08:00","caller":"load/sheddingstat.go:61","content":"(api) shedding_stat [1m], cpu: 23, total: 0, pass: 0, drop: 0","level":"stat"}
{"@timestamp":"2025-02-16T19:03:12.349+08:00","caller":"stat/usage.go:61","content":"CPU: 16m, MEMORY: Alloc=24.0Mi, TotalAlloc=3819.1Mi, Sys=39.3Mi, NumGC=528","level":"stat"}
{"@timestamp":"2025-02-16T19:03:13.406+08:00","caller":"load/sheddingstat.go:61","content":"(api) shedding_stat [1m], cpu: 17, total: 0, pass: 0, drop: 0","level":"stat"}
{"@timestamp":"2025-02-16T19:04:12.349+08:00","caller":"stat/usage.go:61","content":"CPU: 38m, MEMORY: Alloc=19.8Mi, TotalAlloc=3823.3Mi, Sys=39.3Mi, NumGC=529","level":"stat"}
{"@timestamp":"2025-02-16T19:04:13.406+08:00","caller":"load/sheddingstat.go:61","content":"(api) shedding_stat [1m], cpu: 67, total: 0, pass: 0, drop: 0","level":"stat"}
{"@timestamp":"2025-02-16T19:05:12.349+08:00","caller":"stat/usage.go:61","content":"CPU: 21m, MEMORY: Alloc=24.0Mi, TotalAlloc=3827.5Mi, Sys=39.3Mi, NumGC=529","level":"stat"}
{"@timestamp":"2025-02-16T19:05:13.406+08:00","caller":"load/sheddingstat.go:61","content":"(api) shedding_stat [1m], cpu: 21, total: 0, pass: 0, drop: 0","level":"stat"}
{"@timestamp":"2025-02-16T19:06:12.349+08:00","caller":"stat/usage.go:61","content":"CPU: 25m, MEMORY: Alloc=19.8Mi, TotalAlloc=3831.7Mi, Sys=39.3Mi, NumGC=530","level":"stat"}
{"@timestamp":"2025-02-16T19:06:13.406+08:00","caller":"load/sheddingstat.go:61","content":"(api) shedding_stat [1m], cpu: 24, total: 0, pass: 0, drop: 0","level":"stat"}
{"@timestamp":"2025-02-16T19:07:12.349+08:00","caller":"stat/usage.go:61","content":"CPU: 18m, MEMORY: Alloc=24.1Mi, TotalAlloc=3836.0Mi, Sys=39.3Mi, NumGC=530","level":"stat"}
{"@timestamp":"2025-02-16T19:07:13.406+08:00","caller":"load/sheddingstat.go:61","content":"(api) shedding_stat [1m], cpu: 17, total: 0, pass: 0, drop: 0","level":"stat"}
{"@timestamp":"2025-02-16T19:08:12.349+08:00","caller":"stat/usage.go:61","content":"CPU: 19m, MEMORY: Alloc=19.9Mi, TotalAlloc=3840.2Mi, Sys=39.3Mi, NumGC=531","level":"stat"}
{"@timestamp":"2025-02-16T19:08:13.406+08:00","caller":"load/sheddingstat.go:61","content":"(api) shedding_stat [1m], cpu: 19, total: 0, pass: 0, drop: 0","level":"stat"}
{"@timestamp":"2025-02-16T19:09:12.349+08:00","caller":"stat/usage.go:61","content":"CPU: 17m, MEMORY: Alloc=24.1Mi, TotalAlloc=3844.4Mi, Sys=39.3Mi, NumGC=531","level":"stat"}
{"@timestamp":"2025-02-16T19:09:13.406+08:00","caller":"load/sheddingstat.go:61","content":"(api) shedding_stat [1m], cpu: 17, total: 0, pass: 0, drop: 0","level":"stat"}
{"@timestamp":"2025-02-16T19:10:12.349+08:00","caller":"stat/usage.go:61","content":"CPU: 41m, MEMORY: Alloc=19.9Mi, TotalAlloc=3848.6Mi, Sys=39.3Mi, NumGC=532","level":"stat"}
{"@timestamp":"2025-02-16T19:10:13.407+08:00","caller":"load/sheddingstat.go:61","content":"(api) shedding_stat [1m], cpu: 62, total: 0, pass: 0, drop: 0","level":"stat"}
{"@timestamp":"2025-02-16T19:11:12.349+08:00","caller":"stat/usage.go:61","content":"CPU: 30m, MEMORY: Alloc=24.1Mi, TotalAlloc=3852.8Mi, Sys=39.3Mi, NumGC=532","level":"stat"}
{"@timestamp":"2025-02-16T19:11:13.406+08:00","caller":"load/sheddingstat.go:61","content":"(api) shedding_stat [1m], cpu: 27, total: 0, pass: 0, drop: 0","level":"stat"}
{"@timestamp":"2025-02-16T19:12:12.349+08:00","caller":"stat/usage.go:61","content":"CPU: 21m, MEMORY: Alloc=19.9Mi, TotalAlloc=3857.0Mi, Sys=39.3Mi, NumGC=533","level":"stat"}
{"@timestamp":"2025-02-16T19:12:13.406+08:00","caller":"load/sheddingstat.go:61","content":"(api) shedding_stat [1m], cpu: 21, total: 0, pass: 0, drop: 0","level":"stat"}
{"@timestamp":"2025-02-16T19:13:12.350+08:00","caller":"stat/usage.go:61","content":"CPU: 19m, MEMORY: Alloc=24.1Mi, TotalAlloc=3861.2Mi, Sys=39.3Mi, NumGC=533","level":"stat"}
{"@timestamp":"2025-02-16T19:13:13.406+08:00","caller":"load/sheddingstat.go:61","content":"(api) shedding_stat [1m], cpu: 19, total: 0, pass: 0, drop: 0","level":"stat"}
{"@timestamp":"2025-02-16T19:14:12.349+08:00","caller":"stat/usage.go:61","content":"CPU: 22m, MEMORY: Alloc=19.9Mi, TotalAlloc=3865.4Mi, Sys=39.3Mi, NumGC=534","level":"stat"}
{"@timestamp":"2025-02-16T19:14:13.406+08:00","caller":"load/sheddingstat.go:61","content":"(api) shedding_stat [1m], cpu: 21, total: 0, pass: 0, drop: 0","level":"stat"}
{"@timestamp":"2025-02-16T19:15:12.349+08:00","caller":"stat/usage.go:61","content":"CPU: 26m, MEMORY: Alloc=24.1Mi, TotalAlloc=3869.6Mi, Sys=39.3Mi, NumGC=534","level":"stat"}
{"@timestamp":"2025-02-16T19:15:13.406+08:00","caller":"load/sheddingstat.go:61","content":"(api) shedding_stat [1m], cpu: 29, total: 0, pass: 0, drop: 0","level":"stat"}
{"@timestamp":"2025-02-16T19:16:12.350+08:00","caller":"stat/usage.go:61","content":"CPU: 30m, MEMORY: Alloc=20.0Mi, TotalAlloc=3873.8Mi, Sys=39.3Mi, NumGC=535","level":"stat"}
{"@timestamp":"2025-02-16T19:16:13.406+08:00","caller":"load/sheddingstat.go:61","content":"(api) shedding_stat [1m], cpu: 27, total: 0, pass: 0, drop: 0","level":"stat"}
{"@timestamp":"2025-02-16T19:17:12.350+08:00","caller":"stat/usage.go:61","content":"CPU: 29m, MEMORY: Alloc=24.2Mi, TotalAlloc=3878.0Mi, Sys=39.3Mi, NumGC=535","level":"stat"}
{"@timestamp":"2025-02-16T19:17:13.406+08:00","caller":"load/sheddingstat.go:61","content":"(api) shedding_stat [1m], cpu: 28, total: 0, pass: 0, drop: 0","level":"stat"}
{"@timestamp":"2025-02-16T19:18:12.349+08:00","caller":"stat/usage.go:61","content":"CPU: 33m, MEMORY: Alloc=20.0Mi, TotalAlloc=3882.2Mi, Sys=39.3Mi, NumGC=536","level":"stat"}
{"@timestamp":"2025-02-16T19:18:13.405+08:00","caller":"load/sheddingstat.go:61","content":"(api) shedding_stat [1m], cpu: 30, total: 0, pass: 0, drop: 0","level":"stat"}
{"@timestamp":"2025-02-16T19:19:12.350+08:00","caller":"stat/usage.go:61","content":"CPU: 25m, MEMORY: Alloc=24.2Mi, TotalAlloc=3886.4Mi, Sys=39.3Mi, NumGC=536","level":"stat"}
{"@timestamp":"2025-02-16T19:19:13.406+08:00","caller":"load/sheddingstat.go:61","content":"(api) shedding_stat [1m], cpu: 23, total: 0, pass: 0, drop: 0","level":"stat"}
{"@timestamp":"2025-02-16T19:20:12.349+08:00","caller":"stat/usage.go:61","content":"CPU: 32m, MEMORY: Alloc=20.0Mi, TotalAlloc=3890.6Mi, Sys=39.3Mi, NumGC=537","level":"stat"}
{"@timestamp":"2025-02-16T19:20:13.406+08:00","caller":"load/sheddingstat.go:61","content":"(api) shedding_stat [1m], cpu: 28, total: 0, pass: 0, drop: 0","level":"stat"}
{"@timestamp":"2025-02-16T19:21:12.349+08:00","caller":"stat/usage.go:61","content":"CPU: 22m, MEMORY: Alloc=24.2Mi, TotalAlloc=3894.8Mi, Sys=39.3Mi, NumGC=537","level":"stat"}
{"@timestamp":"2025-02-16T19:21:13.406+08:00","caller":"load/sheddingstat.go:61","content":"(api) shedding_stat [1m], cpu: 21, total: 0, pass: 0, drop: 0","level":"stat"}
{"@timestamp":"2025-02-16T19:22:12.349+08:00","caller":"stat/usage.go:61","content":"CPU: 28m, MEMORY: Alloc=20.1Mi, TotalAlloc=3899.0Mi, Sys=39.3Mi, NumGC=538","level":"stat"}
{"@timestamp":"2025-02-16T19:22:13.406+08:00","caller":"load/sheddingstat.go:61","content":"(api) shedding_stat [1m], cpu: 25, total: 0, pass: 0, drop: 0","level":"stat"}
{"@timestamp":"2025-02-16T19:23:12.349+08:00","caller":"stat/usage.go:61","content":"CPU: 24m, MEMORY: Alloc=24.3Mi, TotalAlloc=3903.2Mi, Sys=39.3Mi, NumGC=538","level":"stat"}
{"@timestamp":"2025-02-16T19:23:13.406+08:00","caller":"load/sheddingstat.go:61","content":"(api) shedding_stat [1m], cpu: 23, total: 0, pass: 0, drop: 0","level":"stat"}
{"@timestamp":"2025-02-16T19:24:12.349+08:00","caller":"stat/usage.go:61","content":"CPU: 18m, MEMORY: Alloc=20.1Mi, TotalAlloc=3907.4Mi, Sys=39.3Mi, NumGC=539","level":"stat"}
{"@timestamp":"2025-02-16T19:24:13.406+08:00","caller":"load/sheddingstat.go:61","content":"(api) shedding_stat [1m], cpu: 18, total: 0, pass: 0, drop: 0","level":"stat"}
{"@timestamp":"2025-02-16T19:25:12.349+08:00","caller":"stat/usage.go:61","content":"CPU: 27m, MEMORY: Alloc=24.3Mi, TotalAlloc=3911.6Mi, Sys=39.3Mi, NumGC=539","level":"stat"}
{"@timestamp":"2025-02-16T19:25:13.406+08:00","caller":"load/sheddingstat.go:61","content":"(api) shedding_stat [1m], cpu: 25, total: 0, pass: 0, drop: 0","level":"stat"}
{"@timestamp":"2025-02-16T19:26:12.349+08:00","caller":"stat/usage.go:61","content":"CPU: 19m, MEMORY: Alloc=20.1Mi, TotalAlloc=3915.8Mi, Sys=39.3Mi, NumGC=540","level":"stat"}
{"@timestamp":"2025-02-16T19:26:13.407+08:00","caller":"load/sheddingstat.go:61","content":"(api) shedding_stat [1m], cpu: 19, total: 0, pass: 0, drop: 0","level":"stat"}
{"@timestamp":"2025-02-16T19:27:12.349+08:00","caller":"stat/usage.go:61","content":"CPU: 20m, MEMORY: Alloc=24.3Mi, TotalAlloc=3920.0Mi, Sys=39.3Mi, NumGC=540","level":"stat"}
{"@timestamp":"2025-02-16T19:27:13.406+08:00","caller":"load/sheddingstat.go:61","content":"(api) shedding_stat [1m], cpu: 21, total: 0, pass: 0, drop: 0","level":"stat"}
{"@timestamp":"2025-02-16T19:28:12.349+08:00","caller":"stat/usage.go:61","content":"CPU: 21m, MEMORY: Alloc=20.1Mi, TotalAlloc=3924.2Mi, Sys=39.3Mi, NumGC=541","level":"stat"}
{"@timestamp":"2025-02-16T19:28:13.406+08:00","caller":"load/sheddingstat.go:61","content":"(api) shedding_stat [1m], cpu: 22, total: 0, pass: 0, drop: 0","level":"stat"}
{"@timestamp":"2025-02-16T19:29:12.350+08:00","caller":"stat/usage.go:61","content":"CPU: 18m, MEMORY: Alloc=24.3Mi, TotalAlloc=3928.4Mi, Sys=39.3Mi, NumGC=541","level":"stat"}
{"@timestamp":"2025-02-16T19:29:13.406+08:00","caller":"load/sheddingstat.go:61","content":"(api) shedding_stat [1m], cpu: 20, total: 0, pass: 0, drop: 0","level":"stat"}
{"@timestamp":"2025-02-16T19:30:12.349+08:00","caller":"stat/usage.go:61","content":"CPU: 18m, MEMORY: Alloc=20.2Mi, TotalAlloc=3932.6Mi, Sys=39.3Mi, NumGC=542","level":"stat"}
{"@timestamp":"2025-02-16T19:30:13.406+08:00","caller":"load/sheddingstat.go:61","content":"(api) shedding_stat [1m], cpu: 18, total: 0, pass: 0, drop: 0","level":"stat"}
{"@timestamp":"2025-02-16T19:31:12.350+08:00","caller":"stat/usage.go:61","content":"CPU: 24m, MEMORY: Alloc=24.4Mi, TotalAlloc=3936.8Mi, Sys=39.3Mi, NumGC=542","level":"stat"}
{"@timestamp":"2025-02-16T19:31:13.406+08:00","caller":"load/sheddingstat.go:61","content":"(api) shedding_stat [1m], cpu: 23, total: 0, pass: 0, drop: 0","level":"stat"}
{"@timestamp":"2025-02-16T19:32:12.350+08:00","caller":"stat/usage.go:61","content":"CPU: 25m, MEMORY: Alloc=20.2Mi, TotalAlloc=3941.0Mi, Sys=39.3Mi, NumGC=543","level":"stat"}
{"@timestamp":"2025-02-16T19:32:13.406+08:00","caller":"load/sheddingstat.go:61","content":"(api) shedding_stat [1m], cpu: 31, total: 0, pass: 0, drop: 0","level":"stat"}
{"@timestamp":"2025-02-16T19:33:12.349+08:00","caller":"stat/usage.go:61","content":"CPU: 35m, MEMORY: Alloc=24.4Mi, TotalAlloc=3945.2Mi, Sys=39.3Mi, NumGC=543","level":"stat"}
{"@timestamp":"2025-02-16T19:33:13.406+08:00","caller":"load/sheddingstat.go:61","content":"(api) shedding_stat [1m], cpu: 32, total: 0, pass: 0, drop: 0","level":"stat"}
{"@timestamp":"2025-02-16T19:34:12.350+08:00","caller":"stat/usage.go:61","content":"CPU: 22m, MEMORY: Alloc=20.2Mi, TotalAlloc=3949.4Mi, Sys=39.3Mi, NumGC=544","level":"stat"}
{"@timestamp":"2025-02-16T19:34:13.406+08:00","caller":"load/sheddingstat.go:61","content":"(api) shedding_stat [1m], cpu: 21, total: 0, pass: 0, drop: 0","level":"stat"}
{"@timestamp":"2025-02-16T19:35:12.349+08:00","caller":"stat/usage.go:61","content":"CPU: 25m, MEMORY: Alloc=24.4Mi, TotalAlloc=3953.6Mi, Sys=39.3Mi, NumGC=544","level":"stat"}
{"@timestamp":"2025-02-16T19:35:13.406+08:00","caller":"load/sheddingstat.go:61","content":"(api) shedding_stat [1m], cpu: 23, total: 0, pass: 0, drop: 0","level":"stat"}
{"@timestamp":"2025-02-16T19:36:12.349+08:00","caller":"stat/usage.go:61","content":"CPU: 20m, MEMORY: Alloc=20.2Mi, TotalAlloc=3957.8Mi, Sys=39.3Mi, NumGC=545","level":"stat"}
{"@timestamp":"2025-02-16T19:36:13.406+08:00","caller":"load/sheddingstat.go:61","content":"(api) shedding_stat [1m], cpu: 19, total: 0, pass: 0, drop: 0","level":"stat"}
{"@timestamp":"2025-02-16T19:37:12.349+08:00","caller":"stat/usage.go:61","content":"CPU: 16m, MEMORY: Alloc=24.5Mi, TotalAlloc=3962.0Mi, Sys=39.3Mi, NumGC=545","level":"stat"}
{"@timestamp":"2025-02-16T19:37:13.406+08:00","caller":"load/sheddingstat.go:61","content":"(api) shedding_stat [1m], cpu: 16, total: 0, pass: 0, drop: 0","level":"stat"}
{"@timestamp":"2025-02-16T19:38:12.349+08:00","caller":"stat/usage.go:61","content":"CPU: 17m, MEMORY: Alloc=20.3Mi, TotalAlloc=3966.2Mi, Sys=39.3Mi, NumGC=546","level":"stat"}
{"@timestamp":"2025-02-16T19:38:13.407+08:00","caller":"load/sheddingstat.go:61","content":"(api) shedding_stat [1m], cpu: 18, total: 0, pass: 0, drop: 0","level":"stat"}
{"@timestamp":"2025-02-16T19:39:12.349+08:00","caller":"stat/usage.go:61","content":"CPU: 16m, MEMORY: Alloc=24.5Mi, TotalAlloc=3970.4Mi, Sys=39.3Mi, NumGC=546","level":"stat"}
{"@timestamp":"2025-02-16T19:39:13.407+08:00","caller":"load/sheddingstat.go:61","content":"(api) shedding_stat [1m], cpu: 17, total: 0, pass: 0, drop: 0","level":"stat"}
{"@timestamp":"2025-02-16T19:40:12.349+08:00","caller":"stat/usage.go:61","content":"CPU: 16m, MEMORY: Alloc=20.3Mi, TotalAlloc=3974.6Mi, Sys=39.3Mi, NumGC=547","level":"stat"}
{"@timestamp":"2025-02-16T19:40:13.406+08:00","caller":"load/sheddingstat.go:61","content":"(api) shedding_stat [1m], cpu: 17, total: 0, pass: 0, drop: 0","level":"stat"}
{"@timestamp":"2025-02-16T19:41:12.349+08:00","caller":"stat/usage.go:61","content":"CPU: 18m, MEMORY: Alloc=24.5Mi, TotalAlloc=3978.8Mi, Sys=39.3Mi, NumGC=547","level":"stat"}
{"@timestamp":"2025-02-16T19:41:13.405+08:00","caller":"load/sheddingstat.go:61","content":"(api) shedding_stat [1m], cpu: 18, total: 0, pass: 0, drop: 0","level":"stat"}
{"@timestamp":"2025-02-16T19:42:12.349+08:00","caller":"stat/usage.go:61","content":"CPU: 16m, MEMORY: Alloc=20.3Mi, TotalAlloc=3983.0Mi, Sys=39.3Mi, NumGC=548","level":"stat"}
{"@timestamp":"2025-02-16T19:42:13.406+08:00","caller":"load/sheddingstat.go:61","content":"(api) shedding_stat [1m], cpu: 16, total: 0, pass: 0, drop: 0","level":"stat"}
{"@timestamp":"2025-02-16T19:43:12.349+08:00","caller":"stat/usage.go:61","content":"CPU: 20m, MEMORY: Alloc=24.5Mi, TotalAlloc=3987.2Mi, Sys=39.3Mi, NumGC=548","level":"stat"}
{"@timestamp":"2025-02-16T19:43:13.406+08:00","caller":"load/sheddingstat.go:61","content":"(api) shedding_stat [1m], cpu: 20, total: 0, pass: 0, drop: 0","level":"stat"}
{"@timestamp":"2025-02-16T19:44:12.349+08:00","caller":"stat/usage.go:61","content":"CPU: 26m, MEMORY: Alloc=20.3Mi, TotalAlloc=3991.4Mi, Sys=39.3Mi, NumGC=549","level":"stat"}
{"@timestamp":"2025-02-16T19:44:13.406+08:00","caller":"load/sheddingstat.go:61","content":"(api) shedding_stat [1m], cpu: 23, total: 0, pass: 0, drop: 0","level":"stat"}
{"@timestamp":"2025-02-16T19:45:12.349+08:00","caller":"stat/usage.go:61","content":"CPU: 46m, MEMORY: Alloc=24.5Mi, TotalAlloc=3995.6Mi, Sys=39.3Mi, NumGC=549","level":"stat"}
{"@timestamp":"2025-02-16T19:45:13.407+08:00","caller":"load/sheddingstat.go:61","content":"(api) shedding_stat [1m], cpu: 43, total: 0, pass: 0, drop: 0","level":"stat"}
{"@timestamp":"2025-02-16T19:46:12.349+08:00","caller":"stat/usage.go:61","content":"CPU: 29m, MEMORY: Alloc=20.4Mi, TotalAlloc=3999.8Mi, Sys=39.3Mi, NumGC=550","level":"stat"}
{"@timestamp":"2025-02-16T19:46:13.406+08:00","caller":"load/sheddingstat.go:61","content":"(api) shedding_stat [1m], cpu: 27, total: 0, pass: 0, drop: 0","level":"stat"}
{"@timestamp":"2025-02-16T19:47:12.349+08:00","caller":"stat/usage.go:61","content":"CPU: 18m, MEMORY: Alloc=24.6Mi, TotalAlloc=4004.0Mi, Sys=39.3Mi, NumGC=550","level":"stat"}
{"@timestamp":"2025-02-16T19:47:13.406+08:00","caller":"load/sheddingstat.go:61","content":"(api) shedding_stat [1m], cpu: 18, total: 0, pass: 0, drop: 0","level":"stat"}
{"@timestamp":"2025-02-16T19:48:12.349+08:00","caller":"stat/usage.go:61","content":"CPU: 19m, MEMORY: Alloc=20.4Mi, TotalAlloc=4008.2Mi, Sys=39.3Mi, NumGC=551","level":"stat"}
{"@timestamp":"2025-02-16T19:48:13.406+08:00","caller":"load/sheddingstat.go:61","content":"(api) shedding_stat [1m], cpu: 18, total: 0, pass: 0, drop: 0","level":"stat"}
{"@timestamp":"2025-02-16T19:49:12.349+08:00","caller":"stat/usage.go:61","content":"CPU: 80m, MEMORY: Alloc=24.6Mi, TotalAlloc=4012.4Mi, Sys=39.3Mi, NumGC=551","level":"stat"}
{"@timestamp":"2025-02-16T19:49:13.406+08:00","caller":"load/sheddingstat.go:61","content":"(api) shedding_stat [1m], cpu: 68, total: 0, pass: 0, drop: 0","level":"stat"}
{"@timestamp":"2025-02-16T19:50:12.349+08:00","caller":"stat/usage.go:61","content":"CPU: 17m, MEMORY: Alloc=20.4Mi, TotalAlloc=4016.6Mi, Sys=39.3Mi, NumGC=552","level":"stat"}
{"@timestamp":"2025-02-16T19:50:13.406+08:00","caller":"load/sheddingstat.go:61","content":"(api) shedding_stat [1m], cpu: 17, total: 0, pass: 0, drop: 0","level":"stat"}
{"@timestamp":"2025-02-16T19:51:12.349+08:00","caller":"stat/usage.go:61","content":"CPU: 32m, MEMORY: Alloc=24.6Mi, TotalAlloc=4020.8Mi, Sys=39.3Mi, NumGC=552","level":"stat"}
{"@timestamp":"2025-02-16T19:51:13.407+08:00","caller":"load/sheddingstat.go:61","content":"(api) shedding_stat [1m], cpu: 36, total: 0, pass: 0, drop: 0","level":"stat"}
{"@timestamp":"2025-02-16T19:52:12.349+08:00","caller":"stat/usage.go:61","content":"CPU: 35m, MEMORY: Alloc=20.5Mi, TotalAlloc=4025.0Mi, Sys=39.3Mi, NumGC=553","level":"stat"}
{"@timestamp":"2025-02-16T19:52:13.406+08:00","caller":"load/sheddingstat.go:61","content":"(api) shedding_stat [1m], cpu: 33, total: 0, pass: 0, drop: 0","level":"stat"}
{"@timestamp":"2025-02-16T19:53:12.349+08:00","caller":"stat/usage.go:61","content":"CPU: 22m, MEMORY: Alloc=24.7Mi, TotalAlloc=4029.2Mi, Sys=39.3Mi, NumGC=553","level":"stat"}
{"@timestamp":"2025-02-16T19:53:13.406+08:00","caller":"load/sheddingstat.go:61","content":"(api) shedding_stat [1m], cpu: 22, total: 0, pass: 0, drop: 0","level":"stat"}
{"@timestamp":"2025-02-16T19:54:12.350+08:00","caller":"stat/usage.go:61","content":"CPU: 19m, MEMORY: Alloc=20.5Mi, TotalAlloc=4033.4Mi, Sys=39.3Mi, NumGC=554","level":"stat"}
{"@timestamp":"2025-02-16T19:54:13.406+08:00","caller":"load/sheddingstat.go:61","content":"(api) shedding_stat [1m], cpu: 19, total: 0, pass: 0, drop: 0","level":"stat"}
{"@timestamp":"2025-02-16T19:55:12.349+08:00","caller":"stat/usage.go:61","content":"CPU: 20m, MEMORY: Alloc=24.7Mi, TotalAlloc=4037.6Mi, Sys=39.3Mi, NumGC=554","level":"stat"}
{"@timestamp":"2025-02-16T19:55:13.407+08:00","caller":"load/sheddingstat.go:61","content":"(api) shedding_stat [1m], cpu: 18, total: 0, pass: 0, drop: 0","level":"stat"}
{"@timestamp":"2025-02-16T19:56:12.349+08:00","caller":"stat/usage.go:61","content":"CPU: 17m, MEMORY: Alloc=20.5Mi, TotalAlloc=4041.8Mi, Sys=39.3Mi, NumGC=555","level":"stat"}
{"@timestamp":"2025-02-16T19:56:13.406+08:00","caller":"load/sheddingstat.go:61","content":"(api) shedding_stat [1m], cpu: 17, total: 0, pass: 0, drop: 0","level":"stat"}
{"@timestamp":"2025-02-16T19:57:12.349+08:00","caller":"stat/usage.go:61","content":"CPU: 16m, MEMORY: Alloc=24.7Mi, TotalAlloc=4046.0Mi, Sys=39.3Mi, NumGC=555","level":"stat"}
{"@timestamp":"2025-02-16T19:57:13.406+08:00","caller":"load/sheddingstat.go:61","content":"(api) shedding_stat [1m], cpu: 16, total: 0, pass: 0, drop: 0","level":"stat"}
{"@timestamp":"2025-02-16T19:58:12.349+08:00","caller":"stat/usage.go:61","content":"CPU: 18m, MEMORY: Alloc=20.6Mi, TotalAlloc=4050.2Mi, Sys=39.3Mi, NumGC=556","level":"stat"}
{"@timestamp":"2025-02-16T19:58:13.405+08:00","caller":"load/sheddingstat.go:61","content":"(api) shedding_stat [1m], cpu: 18, total: 0, pass: 0, drop: 0","level":"stat"}
{"@timestamp":"2025-02-16T19:59:12.349+08:00","caller":"stat/usage.go:61","content":"CPU: 19m, MEMORY: Alloc=24.8Mi, TotalAlloc=4054.4Mi, Sys=39.3Mi, NumGC=556","level":"stat"}
{"@timestamp":"2025-02-16T19:59:13.406+08:00","caller":"load/sheddingstat.go:61","content":"(api) shedding_stat [1m], cpu: 19, total: 0, pass: 0, drop: 0","level":"stat"}
{"@timestamp":"2025-02-16T20:00:12.349+08:00","caller":"stat/usage.go:61","content":"CPU: 20m, MEMORY: Alloc=20.6Mi, TotalAlloc=4058.6Mi, Sys=39.3Mi, NumGC=557","level":"stat"}
{"@timestamp":"2025-02-16T20:00:13.406+08:00","caller":"load/sheddingstat.go:61","content":"(api) shedding_stat [1m], cpu: 20, total: 0, pass: 0, drop: 0","level":"stat"}
{"@timestamp":"2025-02-16T20:01:12.349+08:00","caller":"stat/usage.go:61","content":"CPU: 18m, MEMORY: Alloc=24.8Mi, TotalAlloc=4062.8Mi, Sys=39.3Mi, NumGC=557","level":"stat"}
{"@timestamp":"2025-02-16T20:01:13.406+08:00","caller":"load/sheddingstat.go:61","content":"(api) shedding_stat [1m], cpu: 18, total: 0, pass: 0, drop: 0","level":"stat"}
{"@timestamp":"2025-02-16T20:02:12.349+08:00","caller":"stat/usage.go:61","content":"CPU: 16m, MEMORY: Alloc=20.6Mi, TotalAlloc=4067.0Mi, Sys=39.3Mi, NumGC=558","level":"stat"}
{"@timestamp":"2025-02-16T20:02:13.406+08:00","caller":"load/sheddingstat.go:61","content":"(api) shedding_stat [1m], cpu: 17, total: 0, pass: 0, drop: 0","level":"stat"}
{"@timestamp":"2025-02-16T20:03:12.349+08:00","caller":"stat/usage.go:61","content":"CPU: 16m, MEMORY: Alloc=24.8Mi, TotalAlloc=4071.2Mi, Sys=39.3Mi, NumGC=558","level":"stat"}
{"@timestamp":"2025-02-16T20:03:13.406+08:00","caller":"load/sheddingstat.go:61","content":"(api) shedding_stat [1m], cpu: 18, total: 0, pass: 0, drop: 0","level":"stat"}
{"@timestamp":"2025-02-16T20:04:12.349+08:00","caller":"stat/usage.go:61","content":"CPU: 17m, MEMORY: Alloc=20.6Mi, TotalAlloc=4075.4Mi, Sys=39.3Mi, NumGC=559","level":"stat"}
{"@timestamp":"2025-02-16T20:04:13.407+08:00","caller":"load/sheddingstat.go:61","content":"(api) shedding_stat [1m], cpu: 19, total: 0, pass: 0, drop: 0","level":"stat"}
{"@timestamp":"2025-02-16T20:05:12.349+08:00","caller":"stat/usage.go:61","content":"CPU: 22m, MEMORY: Alloc=24.8Mi, TotalAlloc=4079.6Mi, Sys=39.3Mi, NumGC=559","level":"stat"}
{"@timestamp":"2025-02-16T20:05:13.407+08:00","caller":"load/sheddingstat.go:61","content":"(api) shedding_stat [1m], cpu: 23, total: 0, pass: 0, drop: 0","level":"stat"}
{"@timestamp":"2025-02-16T20:06:12.349+08:00","caller":"stat/usage.go:61","content":"CPU: 15m, MEMORY: Alloc=20.7Mi, TotalAlloc=4083.8Mi, Sys=39.3Mi, NumGC=560","level":"stat"}
{"@timestamp":"2025-02-16T20:06:13.406+08:00","caller":"load/sheddingstat.go:61","content":"(api) shedding_stat [1m], cpu: 15, total: 0, pass: 0, drop: 0","level":"stat"}
{"@timestamp":"2025-02-16T20:07:12.349+08:00","caller":"stat/usage.go:61","content":"CPU: 16m, MEMORY: Alloc=24.9Mi, TotalAlloc=4088.1Mi, Sys=39.3Mi, NumGC=560","level":"stat"}
{"@timestamp":"2025-02-16T20:07:13.406+08:00","caller":"load/sheddingstat.go:61","content":"(api) shedding_stat [1m], cpu: 16, total: 0, pass: 0, drop: 0","level":"stat"}
{"@timestamp":"2025-02-16T20:08:12.349+08:00","caller":"stat/usage.go:61","content":"CPU: 16m, MEMORY: Alloc=20.7Mi, TotalAlloc=4092.2Mi, Sys=39.3Mi, NumGC=561","level":"stat"}
{"@timestamp":"2025-02-16T20:08:13.406+08:00","caller":"load/sheddingstat.go:61","content":"(api) shedding_stat [1m], cpu: 16, total: 0, pass: 0, drop: 0","level":"stat"}
{"@timestamp":"2025-02-16T20:09:12.349+08:00","caller":"stat/usage.go:61","content":"CPU: 17m, MEMORY: Alloc=24.9Mi, TotalAlloc=4096.5Mi, Sys=39.3Mi, NumGC=561","level":"stat"}
{"@timestamp":"2025-02-16T20:09:13.407+08:00","caller":"load/sheddingstat.go:61","content":"(api) shedding_stat [1m], cpu: 17, total: 0, pass: 0, drop: 0","level":"stat"}
{"@timestamp":"2025-02-16T20:10:12.350+08:00","caller":"stat/usage.go:61","content":"CPU: 16m, MEMORY: Alloc=20.7Mi, TotalAlloc=4100.7Mi, Sys=39.3Mi, NumGC=562","level":"stat"}
{"@timestamp":"2025-02-16T20:10:13.406+08:00","caller":"load/sheddingstat.go:61","content":"(api) shedding_stat [1m], cpu: 16, total: 0, pass: 0, drop: 0","level":"stat"}
{"@timestamp":"2025-02-16T20:11:12.349+08:00","caller":"stat/usage.go:61","content":"CPU: 16m, MEMORY: Alloc=24.9Mi, TotalAlloc=4104.9Mi, Sys=39.3Mi, NumGC=562","level":"stat"}
{"@timestamp":"2025-02-16T20:11:13.406+08:00","caller":"load/sheddingstat.go:61","content":"(api) shedding_stat [1m], cpu: 16, total: 0, pass: 0, drop: 0","level":"stat"}
{"@timestamp":"2025-02-16T20:12:12.349+08:00","caller":"stat/usage.go:61","content":"CPU: 16m, MEMORY: Alloc=20.8Mi, TotalAlloc=4109.1Mi, Sys=39.3Mi, NumGC=563","level":"stat"}
{"@timestamp":"2025-02-16T20:12:13.406+08:00","caller":"load/sheddingstat.go:61","content":"(api) shedding_stat [1m], cpu: 16, total: 0, pass: 0, drop: 0","level":"stat"}
{"@timestamp":"2025-02-16T20:13:12.349+08:00","caller":"stat/usage.go:61","content":"CPU: 16m, MEMORY: Alloc=25.0Mi, TotalAlloc=4113.3Mi, Sys=39.3Mi, NumGC=563","level":"stat"}
{"@timestamp":"2025-02-16T20:13:13.406+08:00","caller":"load/sheddingstat.go:61","content":"(api) shedding_stat [1m], cpu: 16, total: 0, pass: 0, drop: 0","level":"stat"}
{"@timestamp":"2025-02-16T20:14:12.349+08:00","caller":"stat/usage.go:61","content":"CPU: 18m, MEMORY: Alloc=20.8Mi, TotalAlloc=4117.5Mi, Sys=39.3Mi, NumGC=564","level":"stat"}
{"@timestamp":"2025-02-16T20:14:13.406+08:00","caller":"load/sheddingstat.go:61","content":"(api) shedding_stat [1m], cpu: 18, total: 0, pass: 0, drop: 0","level":"stat"}
{"@timestamp":"2025-02-16T20:15:12.349+08:00","caller":"stat/usage.go:61","content":"CPU: 16m, MEMORY: Alloc=25.0Mi, TotalAlloc=4121.7Mi, Sys=39.3Mi, NumGC=564","level":"stat"}
{"@timestamp":"2025-02-16T20:15:13.406+08:00","caller":"load/sheddingstat.go:61","content":"(api) shedding_stat [1m], cpu: 18, total: 0, pass: 0, drop: 0","level":"stat"}
{"@timestamp":"2025-02-16T20:16:12.349+08:00","caller":"stat/usage.go:61","content":"CPU: 23m, MEMORY: Alloc=20.8Mi, TotalAlloc=4125.9Mi, Sys=39.3Mi, NumGC=565","level":"stat"}
{"@timestamp":"2025-02-16T20:16:13.406+08:00","caller":"load/sheddingstat.go:61","content":"(api) shedding_stat [1m], cpu: 22, total: 0, pass: 0, drop: 0","level":"stat"}
{"@timestamp":"2025-02-16T20:17:12.349+08:00","caller":"stat/usage.go:61","content":"CPU: 17m, MEMORY: Alloc=25.0Mi, TotalAlloc=4130.1Mi, Sys=39.3Mi, NumGC=565","level":"stat"}
{"@timestamp":"2025-02-16T20:17:13.406+08:00","caller":"load/sheddingstat.go:61","content":"(api) shedding_stat [1m], cpu: 18, total: 0, pass: 0, drop: 0","level":"stat"}
{"@timestamp":"2025-02-16T20:18:12.349+08:00","caller":"stat/usage.go:61","content":"CPU: 45m, MEMORY: Alloc=20.8Mi, TotalAlloc=4134.3Mi, Sys=39.3Mi, NumGC=566","level":"stat"}
{"@timestamp":"2025-02-16T20:18:13.406+08:00","caller":"load/sheddingstat.go:61","content":"(api) shedding_stat [1m], cpu: 40, total: 0, pass: 0, drop: 0","level":"stat"}
{"@timestamp":"2025-02-16T20:19:12.349+08:00","caller":"stat/usage.go:61","content":"CPU: 17m, MEMORY: Alloc=25.0Mi, TotalAlloc=4138.5Mi, Sys=39.3Mi, NumGC=566","level":"stat"}
{"@timestamp":"2025-02-16T20:19:13.406+08:00","caller":"load/sheddingstat.go:61","content":"(api) shedding_stat [1m], cpu: 17, total: 0, pass: 0, drop: 0","level":"stat"}
{"@timestamp":"2025-02-16T20:20:12.349+08:00","caller":"stat/usage.go:61","content":"CPU: 22m, MEMORY: Alloc=20.9Mi, TotalAlloc=4142.7Mi, Sys=39.3Mi, NumGC=567","level":"stat"}
{"@timestamp":"2025-02-16T20:20:13.406+08:00","caller":"load/sheddingstat.go:61","content":"(api) shedding_stat [1m], cpu: 22, total: 0, pass: 0, drop: 0","level":"stat"}
{"@timestamp":"2025-02-16T20:21:12.350+08:00","caller":"stat/usage.go:61","content":"CPU: 16m, MEMORY: Alloc=25.1Mi, TotalAlloc=4146.9Mi, Sys=39.3Mi, NumGC=567","level":"stat"}
{"@timestamp":"2025-02-16T20:21:13.406+08:00","caller":"load/sheddingstat.go:61","content":"(api) shedding_stat [1m], cpu: 16, total: 0, pass: 0, drop: 0","level":"stat"}
{"@timestamp":"2025-02-16T20:22:12.350+08:00","caller":"stat/usage.go:61","content":"CPU: 15m, MEMORY: Alloc=20.9Mi, TotalAlloc=4151.1Mi, Sys=39.3Mi, NumGC=568","level":"stat"}
{"@timestamp":"2025-02-16T20:22:13.406+08:00","caller":"load/sheddingstat.go:61","content":"(api) shedding_stat [1m], cpu: 15, total: 0, pass: 0, drop: 0","level":"stat"}
{"@timestamp":"2025-02-16T20:23:12.349+08:00","caller":"stat/usage.go:61","content":"CPU: 20m, MEMORY: Alloc=25.1Mi, TotalAlloc=4155.3Mi, Sys=39.3Mi, NumGC=568","level":"stat"}
{"@timestamp":"2025-02-16T20:23:13.406+08:00","caller":"load/sheddingstat.go:61","content":"(api) shedding_stat [1m], cpu: 21, total: 0, pass: 0, drop: 0","level":"stat"}
{"@timestamp":"2025-02-16T20:24:12.349+08:00","caller":"stat/usage.go:61","content":"CPU: 16m, MEMORY: Alloc=20.9Mi, TotalAlloc=4159.5Mi, Sys=39.3Mi, NumGC=569","level":"stat"}
{"@timestamp":"2025-02-16T20:24:13.406+08:00","caller":"load/sheddingstat.go:61","content":"(api) shedding_stat [1m], cpu: 16, total: 0, pass: 0, drop: 0","level":"stat"}
{"@timestamp":"2025-02-16T20:25:12.349+08:00","caller":"stat/usage.go:61","content":"CPU: 18m, MEMORY: Alloc=25.1Mi, TotalAlloc=4163.7Mi, Sys=39.3Mi, NumGC=569","level":"stat"}
{"@timestamp":"2025-02-16T20:25:13.406+08:00","caller":"load/sheddingstat.go:61","content":"(api) shedding_stat [1m], cpu: 17, total: 0, pass: 0, drop: 0","level":"stat"}
{"@timestamp":"2025-02-16T20:26:12.349+08:00","caller":"stat/usage.go:61","content":"CPU: 17m, MEMORY: Alloc=20.9Mi, TotalAlloc=4167.9Mi, Sys=39.3Mi, NumGC=570","level":"stat"}
{"@timestamp":"2025-02-16T20:26:13.406+08:00","caller":"load/sheddingstat.go:61","content":"(api) shedding_stat [1m], cpu: 17, total: 0, pass: 0, drop: 0","level":"stat"}
{"@timestamp":"2025-02-16T20:27:12.349+08:00","caller":"stat/usage.go:61","content":"CPU: 17m, MEMORY: Alloc=25.2Mi, TotalAlloc=4172.1Mi, Sys=39.3Mi, NumGC=570","level":"stat"}
{"@timestamp":"2025-02-16T20:27:13.407+08:00","caller":"load/sheddingstat.go:61","content":"(api) shedding_stat [1m], cpu: 17, total: 0, pass: 0, drop: 0","level":"stat"}
{"@timestamp":"2025-02-16T20:28:12.349+08:00","caller":"stat/usage.go:61","content":"CPU: 17m, MEMORY: Alloc=21.0Mi, TotalAlloc=4176.3Mi, Sys=39.3Mi, NumGC=571","level":"stat"}
{"@timestamp":"2025-02-16T20:28:13.406+08:00","caller":"load/sheddingstat.go:61","content":"(api) shedding_stat [1m], cpu: 17, total: 0, pass: 0, drop: 0","level":"stat"}
{"@timestamp":"2025-02-16T20:29:12.349+08:00","caller":"stat/usage.go:61","content":"CPU: 19m, MEMORY: Alloc=25.2Mi, TotalAlloc=4180.5Mi, Sys=39.3Mi, NumGC=571","level":"stat"}
{"@timestamp":"2025-02-16T20:29:13.406+08:00","caller":"load/sheddingstat.go:61","content":"(api) shedding_stat [1m], cpu: 18, total: 0, pass: 0, drop: 0","level":"stat"}
{"@timestamp":"2025-02-16T20:30:12.349+08:00","caller":"stat/usage.go:61","content":"CPU: 20m, MEMORY: Alloc=21.0Mi, TotalAlloc=4184.7Mi, Sys=39.3Mi, NumGC=572","level":"stat"}
{"@timestamp":"2025-02-16T20:30:13.406+08:00","caller":"load/sheddingstat.go:61","content":"(api) shedding_stat [1m], cpu: 19, total: 0, pass: 0, drop: 0","level":"stat"}
{"@timestamp":"2025-02-16T20:31:12.349+08:00","caller":"stat/usage.go:61","content":"CPU: 16m, MEMORY: Alloc=25.2Mi, TotalAlloc=4188.9Mi, Sys=39.3Mi, NumGC=572","level":"stat"}
{"@timestamp":"2025-02-16T20:31:13.406+08:00","caller":"load/sheddingstat.go:61","content":"(api) shedding_stat [1m], cpu: 16, total: 0, pass: 0, drop: 0","level":"stat"}
{"@timestamp":"2025-02-16T20:32:12.349+08:00","caller":"stat/usage.go:61","content":"CPU: 19m, MEMORY: Alloc=21.0Mi, TotalAlloc=4193.1Mi, Sys=39.3Mi, NumGC=573","level":"stat"}
{"@timestamp":"2025-02-16T20:32:13.406+08:00","caller":"load/sheddingstat.go:61","content":"(api) shedding_stat [1m], cpu: 19, total: 0, pass: 0, drop: 0","level":"stat"}
{"@timestamp":"2025-02-16T20:33:12.350+08:00","caller":"stat/usage.go:61","content":"CPU: 18m, MEMORY: Alloc=25.2Mi, TotalAlloc=4197.3Mi, Sys=39.3Mi, NumGC=573","level":"stat"}
{"@timestamp":"2025-02-16T20:33:13.406+08:00","caller":"load/sheddingstat.go:61","content":"(api) shedding_stat [1m], cpu: 18, total: 0, pass: 0, drop: 0","level":"stat"}
{"@timestamp":"2025-02-16T20:34:12.349+08:00","caller":"stat/usage.go:61","content":"CPU: 19m, MEMORY: Alloc=21.1Mi, TotalAlloc=4201.5Mi, Sys=39.3Mi, NumGC=574","level":"stat"}
{"@timestamp":"2025-02-16T20:34:13.406+08:00","caller":"load/sheddingstat.go:61","content":"(api) shedding_stat [1m], cpu: 19, total: 0, pass: 0, drop: 0","level":"stat"}
{"@timestamp":"2025-02-16T20:35:12.349+08:00","caller":"stat/usage.go:61","content":"CPU: 19m, MEMORY: Alloc=25.3Mi, TotalAlloc=4205.7Mi, Sys=39.3Mi, NumGC=574","level":"stat"}
{"@timestamp":"2025-02-16T20:35:13.406+08:00","caller":"load/sheddingstat.go:61","content":"(api) shedding_stat [1m], cpu: 19, total: 0, pass: 0, drop: 0","level":"stat"}
{"@timestamp":"2025-02-16T20:36:12.349+08:00","caller":"stat/usage.go:61","content":"CPU: 23m, MEMORY: Alloc=21.1Mi, TotalAlloc=4209.9Mi, Sys=43.3Mi, NumGC=575","level":"stat"}
{"@timestamp":"2025-02-16T20:36:13.406+08:00","caller":"load/sheddingstat.go:61","content":"(api) shedding_stat [1m], cpu: 23, total: 0, pass: 0, drop: 0","level":"stat"}
{"@timestamp":"2025-02-16T20:37:12.349+08:00","caller":"stat/usage.go:61","content":"CPU: 18m, MEMORY: Alloc=25.3Mi, TotalAlloc=4214.1Mi, Sys=43.3Mi, NumGC=575","level":"stat"}
{"@timestamp":"2025-02-16T20:37:13.406+08:00","caller":"load/sheddingstat.go:61","content":"(api) shedding_stat [1m], cpu: 19, total: 0, pass: 0, drop: 0","level":"stat"}
{"@timestamp":"2025-02-16T20:38:12.349+08:00","caller":"stat/usage.go:61","content":"CPU: 17m, MEMORY: Alloc=21.1Mi, TotalAlloc=4218.3Mi, Sys=43.3Mi, NumGC=576","level":"stat"}
{"@timestamp":"2025-02-16T20:38:13.406+08:00","caller":"load/sheddingstat.go:61","content":"(api) shedding_stat [1m], cpu: 19, total: 0, pass: 0, drop: 0","level":"stat"}
{"@timestamp":"2025-02-16T20:39:12.349+08:00","caller":"stat/usage.go:61","content":"CPU: 19m, MEMORY: Alloc=25.3Mi, TotalAlloc=4222.5Mi, Sys=43.3Mi, NumGC=576","level":"stat"}
{"@timestamp":"2025-02-16T20:39:13.405+08:00","caller":"load/sheddingstat.go:61","content":"(api) shedding_stat [1m], cpu: 22, total: 0, pass: 0, drop: 0","level":"stat"}
{"@timestamp":"2025-02-16T20:40:12.350+08:00","caller":"stat/usage.go:61","content":"CPU: 16m, MEMORY: Alloc=21.1Mi, TotalAlloc=4226.7Mi, Sys=43.3Mi, NumGC=577","level":"stat"}
{"@timestamp":"2025-02-16T20:40:13.405+08:00","caller":"load/sheddingstat.go:61","content":"(api) shedding_stat [1m], cpu: 16, total: 0, pass: 0, drop: 0","level":"stat"}
{"@timestamp":"2025-02-16T20:41:12.349+08:00","caller":"stat/usage.go:61","content":"CPU: 17m, MEMORY: Alloc=25.3Mi, TotalAlloc=4230.9Mi, Sys=43.3Mi, NumGC=577","level":"stat"}
{"@timestamp":"2025-02-16T20:41:13.405+08:00","caller":"load/sheddingstat.go:61","content":"(api) shedding_stat [1m], cpu: 17, total: 0, pass: 0, drop: 0","level":"stat"}
{"@timestamp":"2025-02-16T20:42:12.349+08:00","caller":"stat/usage.go:61","content":"CPU: 15m, MEMORY: Alloc=21.2Mi, TotalAlloc=4235.1Mi, Sys=43.3Mi, NumGC=578","level":"stat"}
{"@timestamp":"2025-02-16T20:42:13.406+08:00","caller":"load/sheddingstat.go:61","content":"(api) shedding_stat [1m], cpu: 15, total: 0, pass: 0, drop: 0","level":"stat"}
{"@timestamp":"2025-02-16T20:43:12.349+08:00","caller":"stat/usage.go:61","content":"CPU: 17m, MEMORY: Alloc=25.4Mi, TotalAlloc=4239.3Mi, Sys=43.3Mi, NumGC=578","level":"stat"}
{"@timestamp":"2025-02-16T20:43:13.406+08:00","caller":"load/sheddingstat.go:61","content":"(api) shedding_stat [1m], cpu: 17, total: 0, pass: 0, drop: 0","level":"stat"}
{"@timestamp":"2025-02-16T20:44:12.349+08:00","caller":"stat/usage.go:61","content":"CPU: 54m, MEMORY: Alloc=21.2Mi, TotalAlloc=4243.5Mi, Sys=43.3Mi, NumGC=579","level":"stat"}
{"@timestamp":"2025-02-16T20:44:13.406+08:00","caller":"load/sheddingstat.go:61","content":"(api) shedding_stat [1m], cpu: 47, total: 0, pass: 0, drop: 0","level":"stat"}
{"@timestamp":"2025-02-16T20:45:12.350+08:00","caller":"stat/usage.go:61","content":"CPU: 17m, MEMORY: Alloc=25.4Mi, TotalAlloc=4247.7Mi, Sys=43.3Mi, NumGC=579","level":"stat"}
{"@timestamp":"2025-02-16T20:45:13.406+08:00","caller":"load/sheddingstat.go:61","content":"(api) shedding_stat [1m], cpu: 17, total: 0, pass: 0, drop: 0","level":"stat"}
{"@timestamp":"2025-02-16T20:46:12.349+08:00","caller":"stat/usage.go:61","content":"CPU: 30m, MEMORY: Alloc=21.2Mi, TotalAlloc=4251.9Mi, Sys=43.3Mi, NumGC=580","level":"stat"}
{"@timestamp":"2025-02-16T20:46:13.406+08:00","caller":"load/sheddingstat.go:61","content":"(api) shedding_stat [1m], cpu: 29, total: 0, pass: 0, drop: 0","level":"stat"}
{"@timestamp":"2025-02-16T20:47:12.349+08:00","caller":"stat/usage.go:61","content":"CPU: 25m, MEMORY: Alloc=25.4Mi, TotalAlloc=4256.1Mi, Sys=43.3Mi, NumGC=580","level":"stat"}
{"@timestamp":"2025-02-16T20:47:13.406+08:00","caller":"load/sheddingstat.go:61","content":"(api) shedding_stat [1m], cpu: 23, total: 0, pass: 0, drop: 0","level":"stat"}
{"@timestamp":"2025-02-16T20:48:12.349+08:00","caller":"stat/usage.go:61","content":"CPU: 23m, MEMORY: Alloc=21.3Mi, TotalAlloc=4260.3Mi, Sys=43.3Mi, NumGC=581","level":"stat"}
{"@timestamp":"2025-02-16T20:48:13.405+08:00","caller":"load/sheddingstat.go:61","content":"(api) shedding_stat [1m], cpu: 32, total: 0, pass: 0, drop: 0","level":"stat"}
{"@timestamp":"2025-02-16T20:49:12.349+08:00","caller":"stat/usage.go:61","content":"CPU: 58m, MEMORY: Alloc=25.5Mi, TotalAlloc=4264.5Mi, Sys=43.3Mi, NumGC=581","level":"stat"}
{"@timestamp":"2025-02-16T20:49:13.406+08:00","caller":"load/sheddingstat.go:61","content":"(api) shedding_stat [1m], cpu: 61, total: 0, pass: 0, drop: 0","level":"stat"}
{"@timestamp":"2025-02-16T20:50:12.349+08:00","caller":"stat/usage.go:61","content":"CPU: 33m, MEMORY: Alloc=21.3Mi, TotalAlloc=4268.7Mi, Sys=43.3Mi, NumGC=582","level":"stat"}
{"@timestamp":"2025-02-16T20:50:13.406+08:00","caller":"load/sheddingstat.go:61","content":"(api) shedding_stat [1m], cpu: 29, total: 0, pass: 0, drop: 0","level":"stat"}
{"@timestamp":"2025-02-16T20:51:12.349+08:00","caller":"stat/usage.go:61","content":"CPU: 16m, MEMORY: Alloc=25.5Mi, TotalAlloc=4272.9Mi, Sys=43.3Mi, NumGC=582","level":"stat"}
{"@timestamp":"2025-02-16T20:51:13.406+08:00","caller":"load/sheddingstat.go:61","content":"(api) shedding_stat [1m], cpu: 16, total: 0, pass: 0, drop: 0","level":"stat"}
{"@timestamp":"2025-02-16T20:52:12.349+08:00","caller":"stat/usage.go:61","content":"CPU: 32m, MEMORY: Alloc=21.3Mi, TotalAlloc=4277.1Mi, Sys=43.3Mi, NumGC=583","level":"stat"}
{"@timestamp":"2025-02-16T20:52:13.406+08:00","caller":"load/sheddingstat.go:61","content":"(api) shedding_stat [1m], cpu: 31, total: 0, pass: 0, drop: 0","level":"stat"}
{"@timestamp":"2025-02-16T20:53:12.349+08:00","caller":"stat/usage.go:61","content":"CPU: 44m, MEMORY: Alloc=25.5Mi, TotalAlloc=4281.3Mi, Sys=43.3Mi, NumGC=583","level":"stat"}
{"@timestamp":"2025-02-16T20:53:13.406+08:00","caller":"load/sheddingstat.go:61","content":"(api) shedding_stat [1m], cpu: 40, total: 0, pass: 0, drop: 0","level":"stat"}
{"@timestamp":"2025-02-16T20:54:12.349+08:00","caller":"stat/usage.go:61","content":"CPU: 29m, MEMORY: Alloc=21.3Mi, TotalAlloc=4285.5Mi, Sys=43.3Mi, NumGC=584","level":"stat"}
{"@timestamp":"2025-02-16T20:54:13.406+08:00","caller":"load/sheddingstat.go:61","content":"(api) shedding_stat [1m], cpu: 25, total: 0, pass: 0, drop: 0","level":"stat"}
{"@timestamp":"2025-02-16T20:55:12.349+08:00","caller":"stat/usage.go:61","content":"CPU: 27m, MEMORY: Alloc=25.5Mi, TotalAlloc=4289.7Mi, Sys=43.3Mi, NumGC=584","level":"stat"}
{"@timestamp":"2025-02-16T20:55:13.407+08:00","caller":"load/sheddingstat.go:61","content":"(api) shedding_stat [1m], cpu: 26, total: 0, pass: 0, drop: 0","level":"stat"}
{"@timestamp":"2025-02-16T20:56:12.350+08:00","caller":"stat/usage.go:61","content":"CPU: 26m, MEMORY: Alloc=21.4Mi, TotalAlloc=4293.9Mi, Sys=43.3Mi, NumGC=585","level":"stat"}
{"@timestamp":"2025-02-16T20:56:13.406+08:00","caller":"load/sheddingstat.go:61","content":"(api) shedding_stat [1m], cpu: 24, total: 0, pass: 0, drop: 0","level":"stat"}
{"@timestamp":"2025-02-16T20:57:12.349+08:00","caller":"stat/usage.go:61","content":"CPU: 20m, MEMORY: Alloc=25.6Mi, TotalAlloc=4298.1Mi, Sys=43.3Mi, NumGC=585","level":"stat"}
{"@timestamp":"2025-02-16T20:57:13.406+08:00","caller":"load/sheddingstat.go:61","content":"(api) shedding_stat [1m], cpu: 19, total: 0, pass: 0, drop: 0","level":"stat"}
{"@timestamp":"2025-02-16T20:58:12.349+08:00","caller":"stat/usage.go:61","content":"CPU: 34m, MEMORY: Alloc=21.4Mi, TotalAlloc=4302.3Mi, Sys=43.3Mi, NumGC=586","level":"stat"}
{"@timestamp":"2025-02-16T20:58:13.406+08:00","caller":"load/sheddingstat.go:61","content":"(api) shedding_stat [1m], cpu: 36, total: 0, pass: 0, drop: 0","level":"stat"}
{"@timestamp":"2025-02-16T20:59:12.349+08:00","caller":"stat/usage.go:61","content":"CPU: 17m, MEMORY: Alloc=25.6Mi, TotalAlloc=4306.5Mi, Sys=43.3Mi, NumGC=586","level":"stat"}
{"@timestamp":"2025-02-16T20:59:13.406+08:00","caller":"load/sheddingstat.go:61","content":"(api) shedding_stat [1m], cpu: 17, total: 0, pass: 0, drop: 0","level":"stat"}
{"@timestamp":"2025-02-16T21:00:12.349+08:00","caller":"stat/usage.go:61","content":"CPU: 20m, MEMORY: Alloc=21.4Mi, TotalAlloc=4310.7Mi, Sys=43.3Mi, NumGC=587","level":"stat"}
{"@timestamp":"2025-02-16T21:00:13.406+08:00","caller":"load/sheddingstat.go:61","content":"(api) shedding_stat [1m], cpu: 20, total: 0, pass: 0, drop: 0","level":"stat"}
{"@timestamp":"2025-02-16T21:01:12.349+08:00","caller":"stat/usage.go:61","content":"CPU: 17m, MEMORY: Alloc=25.6Mi, TotalAlloc=4314.9Mi, Sys=43.3Mi, NumGC=587","level":"stat"}
{"@timestamp":"2025-02-16T21:01:13.407+08:00","caller":"load/sheddingstat.go:61","content":"(api) shedding_stat [1m], cpu: 17, total: 0, pass: 0, drop: 0","level":"stat"}
{"@timestamp":"2025-02-16T21:02:12.349+08:00","caller":"stat/usage.go:61","content":"CPU: 17m, MEMORY: Alloc=21.4Mi, TotalAlloc=4319.1Mi, Sys=43.3Mi, NumGC=588","level":"stat"}
{"@timestamp":"2025-02-16T21:02:13.406+08:00","caller":"load/sheddingstat.go:61","content":"(api) shedding_stat [1m], cpu: 17, total: 0, pass: 0, drop: 0","level":"stat"}
{"@timestamp":"2025-02-16T21:03:12.349+08:00","caller":"stat/usage.go:61","content":"CPU: 24m, MEMORY: Alloc=25.6Mi, TotalAlloc=4323.3Mi, Sys=43.3Mi, NumGC=588","level":"stat"}
{"@timestamp":"2025-02-16T21:03:13.406+08:00","caller":"load/sheddingstat.go:61","content":"(api) shedding_stat [1m], cpu: 24, total: 0, pass: 0, drop: 0","level":"stat"}
{"@timestamp":"2025-02-16T21:04:12.350+08:00","caller":"stat/usage.go:61","content":"CPU: 18m, MEMORY: Alloc=21.5Mi, TotalAlloc=4327.5Mi, Sys=43.3Mi, NumGC=589","level":"stat"}
{"@timestamp":"2025-02-16T21:04:13.406+08:00","caller":"load/sheddingstat.go:61","content":"(api) shedding_stat [1m], cpu: 24, total: 0, pass: 0, drop: 0","level":"stat"}
{"@timestamp":"2025-02-16T21:05:12.350+08:00","caller":"stat/usage.go:61","content":"CPU: 21m, MEMORY: Alloc=25.7Mi, TotalAlloc=4331.7Mi, Sys=43.3Mi, NumGC=589","level":"stat"}
{"@timestamp":"2025-02-16T21:05:13.406+08:00","caller":"load/sheddingstat.go:61","content":"(api) shedding_stat [1m], cpu: 21, total: 0, pass: 0, drop: 0","level":"stat"}
{"@timestamp":"2025-02-16T21:06:12.349+08:00","caller":"stat/usage.go:61","content":"CPU: 26m, MEMORY: Alloc=21.5Mi, TotalAlloc=4335.9Mi, Sys=43.3Mi, NumGC=590","level":"stat"}
{"@timestamp":"2025-02-16T21:06:13.406+08:00","caller":"load/sheddingstat.go:61","content":"(api) shedding_stat [1m], cpu: 25, total: 0, pass: 0, drop: 0","level":"stat"}
{"@timestamp":"2025-02-16T21:07:12.349+08:00","caller":"stat/usage.go:61","content":"CPU: 18m, MEMORY: Alloc=25.7Mi, TotalAlloc=4340.2Mi, Sys=43.3Mi, NumGC=590","level":"stat"}
{"@timestamp":"2025-02-16T21:07:13.406+08:00","caller":"load/sheddingstat.go:61","content":"(api) shedding_stat [1m], cpu: 17, total: 0, pass: 0, drop: 0","level":"stat"}
{"@timestamp":"2025-02-16T21:08:12.349+08:00","caller":"stat/usage.go:61","content":"CPU: 20m, MEMORY: Alloc=21.5Mi, TotalAlloc=4344.4Mi, Sys=43.3Mi, NumGC=591","level":"stat"}
{"@timestamp":"2025-02-16T21:08:13.406+08:00","caller":"load/sheddingstat.go:61","content":"(api) shedding_stat [1m], cpu: 20, total: 0, pass: 0, drop: 0","level":"stat"}
{"@timestamp":"2025-02-16T21:09:12.349+08:00","caller":"stat/usage.go:61","content":"CPU: 18m, MEMORY: Alloc=25.7Mi, TotalAlloc=4348.6Mi, Sys=43.3Mi, NumGC=591","level":"stat"}
{"@timestamp":"2025-02-16T21:09:13.406+08:00","caller":"load/sheddingstat.go:61","content":"(api) shedding_stat [1m], cpu: 18, total: 0, pass: 0, drop: 0","level":"stat"}
{"@timestamp":"2025-02-16T21:10:12.349+08:00","caller":"stat/usage.go:61","content":"CPU: 16m, MEMORY: Alloc=21.5Mi, TotalAlloc=4352.8Mi, Sys=43.3Mi, NumGC=592","level":"stat"}
{"@timestamp":"2025-02-16T21:10:13.406+08:00","caller":"load/sheddingstat.go:61","content":"(api) shedding_stat [1m], cpu: 16, total: 0, pass: 0, drop: 0","level":"stat"}
{"@timestamp":"2025-02-16T21:11:12.349+08:00","caller":"stat/usage.go:61","content":"CPU: 18m, MEMORY: Alloc=25.7Mi, TotalAlloc=4357.0Mi, Sys=43.3Mi, NumGC=592","level":"stat"}
{"@timestamp":"2025-02-16T21:11:13.405+08:00","caller":"load/sheddingstat.go:61","content":"(api) shedding_stat [1m], cpu: 18, total: 0, pass: 0, drop: 0","level":"stat"}
{"@timestamp":"2025-02-16T21:12:12.350+08:00","caller":"stat/usage.go:61","content":"CPU: 19m, MEMORY: Alloc=21.5Mi, TotalAlloc=4361.1Mi, Sys=43.3Mi, NumGC=593","level":"stat"}
{"@timestamp":"2025-02-16T21:12:13.406+08:00","caller":"load/sheddingstat.go:61","content":"(api) shedding_stat [1m], cpu: 19, total: 0, pass: 0, drop: 0","level":"stat"}
{"@timestamp":"2025-02-16T21:13:12.349+08:00","caller":"stat/usage.go:61","content":"CPU: 17m, MEMORY: Alloc=25.8Mi, TotalAlloc=4365.4Mi, Sys=43.3Mi, NumGC=593","level":"stat"}
{"@timestamp":"2025-02-16T21:13:13.406+08:00","caller":"load/sheddingstat.go:61","content":"(api) shedding_stat [1m], cpu: 19, total: 0, pass: 0, drop: 0","level":"stat"}
{"@timestamp":"2025-02-16T21:14:12.349+08:00","caller":"stat/usage.go:61","content":"CPU: 17m, MEMORY: Alloc=21.6Mi, TotalAlloc=4369.6Mi, Sys=43.3Mi, NumGC=594","level":"stat"}
{"@timestamp":"2025-02-16T21:14:13.406+08:00","caller":"load/sheddingstat.go:61","content":"(api) shedding_stat [1m], cpu: 19, total: 0, pass: 0, drop: 0","level":"stat"}
