Starting server at 0.0.0.0:20800...
{"@timestamp":"2025-02-16T03:56:13.263+08:00","caller":"prometheus/agent.go:40","content":"Starting prometheus agent at 0.0.0.0:9095","level":"info"}
{"@timestamp":"2025-02-16T03:57:12.242+08:00","caller":"stat/usage.go:61","content":"CPU: 19m, MEMORY: Alloc=5.7Mi, TotalAlloc=13.3Mi, Sys=22.3Mi, NumGC=5","level":"stat"}
{"@timestamp":"2025-02-16T03:57:13.264+08:00","caller":"load/sheddingstat.go:61","content":"(api) shedding_stat [1m], cpu: 20, total: 0, pass: 0, drop: 0","level":"stat"}
{"@timestamp":"2025-02-16T03:58:12.242+08:00","caller":"stat/usage.go:61","content":"CPU: 19m, MEMORY: Alloc=8.5Mi, TotalAlloc=20.2Mi, Sys=22.3Mi, NumGC=6","level":"stat"}
{"@timestamp":"2025-02-16T03:58:13.264+08:00","caller":"load/sheddingstat.go:61","content":"(api) shedding_stat [1m], cpu: 19, total: 0, pass: 0, drop: 0","level":"stat"}
{"@timestamp":"2025-02-16T03:59:12.242+08:00","caller":"stat/usage.go:61","content":"CPU: 22m, MEMORY: Alloc=9.7Mi, TotalAlloc=26.2Mi, Sys=22.6Mi, NumGC=7","level":"stat"}
{"@timestamp":"2025-02-16T03:59:13.264+08:00","caller":"load/sheddingstat.go:61","content":"(api) shedding_stat [1m], cpu: 22, total: 0, pass: 0, drop: 0","level":"stat"}
{"@timestamp":"2025-02-16T04:00:12.242+08:00","caller":"stat/usage.go:61","content":"CPU: 17m, MEMORY: Alloc=9.5Mi, TotalAlloc=32.2Mi, Sys=26.6Mi, NumGC=8","level":"stat"}
{"@timestamp":"2025-02-16T04:00:13.264+08:00","caller":"load/sheddingstat.go:61","content":"(api) shedding_stat [1m], cpu: 21, total: 0, pass: 0, drop: 0","level":"stat"}
{"@timestamp":"2025-02-16T04:01:12.242+08:00","caller":"stat/usage.go:61","content":"CPU: 17m, MEMORY: Alloc=7.6Mi, TotalAlloc=37.4Mi, Sys=26.6Mi, NumGC=9","level":"stat"}
{"@timestamp":"2025-02-16T04:01:13.264+08:00","caller":"load/sheddingstat.go:61","content":"(api) shedding_stat [1m], cpu: 18, total: 0, pass: 0, drop: 0","level":"stat"}
{"@timestamp":"2025-02-16T04:02:12.242+08:00","caller":"stat/usage.go:61","content":"CPU: 17m, MEMORY: Alloc=5.7Mi, TotalAlloc=41.8Mi, Sys=26.6Mi, NumGC=10","level":"stat"}
{"@timestamp":"2025-02-16T04:02:13.264+08:00","caller":"load/sheddingstat.go:61","content":"(api) shedding_stat [1m], cpu: 19, total: 0, pass: 0, drop: 0","level":"stat"}
{"@timestamp":"2025-02-16T04:03:12.241+08:00","caller":"stat/usage.go:61","content":"CPU: 18m, MEMORY: Alloc=6.1Mi, TotalAlloc=47.0Mi, Sys=26.6Mi, NumGC=11","level":"stat"}
{"@timestamp":"2025-02-16T04:03:13.264+08:00","caller":"load/sheddingstat.go:61","content":"(api) shedding_stat [1m], cpu: 19, total: 0, pass: 0, drop: 0","level":"stat"}
{"@timestamp":"2025-02-16T04:04:12.242+08:00","caller":"stat/usage.go:61","content":"CPU: 18m, MEMORY: Alloc=9.3Mi, TotalAlloc=53.7Mi, Sys=26.6Mi, NumGC=12","level":"stat"}
{"@timestamp":"2025-02-16T04:04:13.264+08:00","caller":"load/sheddingstat.go:61","content":"(api) shedding_stat [1m], cpu: 20, total: 0, pass: 0, drop: 0","level":"stat"}
{"@timestamp":"2025-02-16T04:05:12.241+08:00","caller":"stat/usage.go:61","content":"CPU: 19m, MEMORY: Alloc=8.3Mi, TotalAlloc=59.7Mi, Sys=26.6Mi, NumGC=13","level":"stat"}
{"@timestamp":"2025-02-16T04:05:13.264+08:00","caller":"load/sheddingstat.go:61","content":"(api) shedding_stat [1m], cpu: 19, total: 0, pass: 0, drop: 0","level":"stat"}
{"@timestamp":"2025-02-16T04:06:12.241+08:00","caller":"stat/usage.go:61","content":"CPU: 19m, MEMORY: Alloc=7.9Mi, TotalAlloc=65.7Mi, Sys=26.6Mi, NumGC=14","level":"stat"}
{"@timestamp":"2025-02-16T04:06:13.264+08:00","caller":"load/sheddingstat.go:61","content":"(api) shedding_stat [1m], cpu: 20, total: 0, pass: 0, drop: 0","level":"stat"}
{"@timestamp":"2025-02-16T04:07:12.242+08:00","caller":"stat/usage.go:61","content":"CPU: 52m, MEMORY: Alloc=7.9Mi, TotalAlloc=70.9Mi, Sys=26.6Mi, NumGC=15","level":"stat"}
{"@timestamp":"2025-02-16T04:07:13.264+08:00","caller":"load/sheddingstat.go:61","content":"(api) shedding_stat [1m], cpu: 48, total: 0, pass: 0, drop: 0","level":"stat"}
{"@timestamp":"2025-02-16T04:08:12.242+08:00","caller":"stat/usage.go:61","content":"CPU: 31m, MEMORY: Alloc=8.2Mi, TotalAlloc=76.0Mi, Sys=26.6Mi, NumGC=16","level":"stat"}
{"@timestamp":"2025-02-16T04:08:13.264+08:00","caller":"load/sheddingstat.go:61","content":"(api) shedding_stat [1m], cpu: 30, total: 0, pass: 0, drop: 0","level":"stat"}
{"@timestamp":"2025-02-16T04:09:12.242+08:00","caller":"stat/usage.go:61","content":"CPU: 18m, MEMORY: Alloc=9.7Mi, TotalAlloc=82.0Mi, Sys=26.6Mi, NumGC=17","level":"stat"}
{"@timestamp":"2025-02-16T04:09:13.265+08:00","caller":"load/sheddingstat.go:61","content":"(api) shedding_stat [1m], cpu: 18, total: 0, pass: 0, drop: 0","level":"stat"}
{"@timestamp":"2025-02-16T04:10:12.242+08:00","caller":"stat/usage.go:61","content":"CPU: 16m, MEMORY: Alloc=7.7Mi, TotalAlloc=86.4Mi, Sys=26.6Mi, NumGC=18","level":"stat"}
{"@timestamp":"2025-02-16T04:10:13.263+08:00","caller":"load/sheddingstat.go:61","content":"(api) shedding_stat [1m], cpu: 19, total: 0, pass: 0, drop: 0","level":"stat"}
{"@timestamp":"2025-02-16T04:11:12.241+08:00","caller":"stat/usage.go:61","content":"CPU: 16m, MEMORY: Alloc=8.7Mi, TotalAlloc=92.3Mi, Sys=26.6Mi, NumGC=19","level":"stat"}
{"@timestamp":"2025-02-16T04:11:13.264+08:00","caller":"load/sheddingstat.go:61","content":"(api) shedding_stat [1m], cpu: 18, total: 0, pass: 0, drop: 0","level":"stat"}
{"@timestamp":"2025-02-16T04:12:12.242+08:00","caller":"stat/usage.go:61","content":"CPU: 46m, MEMORY: Alloc=9.7Mi, TotalAlloc=97.6Mi, Sys=26.6Mi, NumGC=20","level":"stat"}
{"@timestamp":"2025-02-16T04:12:13.265+08:00","caller":"load/sheddingstat.go:61","content":"(api) shedding_stat [1m], cpu: 44, total: 0, pass: 0, drop: 0","level":"stat"}
{"@timestamp":"2025-02-16T04:13:12.242+08:00","caller":"stat/usage.go:61","content":"CPU: 16m, MEMORY: Alloc=6.5Mi, TotalAlloc=105.2Mi, Sys=26.6Mi, NumGC=22","level":"stat"}
{"@timestamp":"2025-02-16T04:13:13.264+08:00","caller":"load/sheddingstat.go:61","content":"(api) shedding_stat [1m], cpu: 19, total: 0, pass: 0, drop: 0","level":"stat"}
{"@timestamp":"2025-02-16T04:14:12.242+08:00","caller":"stat/usage.go:61","content":"CPU: 20m, MEMORY: Alloc=6.7Mi, TotalAlloc=111.2Mi, Sys=26.6Mi, NumGC=23","level":"stat"}
{"@timestamp":"2025-02-16T04:14:13.264+08:00","caller":"load/sheddingstat.go:61","content":"(api) shedding_stat [1m], cpu: 21, total: 0, pass: 0, drop: 0","level":"stat"}
{"@timestamp":"2025-02-16T04:15:12.241+08:00","caller":"stat/usage.go:61","content":"CPU: 16m, MEMORY: Alloc=5.6Mi, TotalAlloc=116.3Mi, Sys=26.6Mi, NumGC=24","level":"stat"}
{"@timestamp":"2025-02-16T04:15:13.264+08:00","caller":"load/sheddingstat.go:61","content":"(api) shedding_stat [1m], cpu: 16, total: 0, pass: 0, drop: 0","level":"stat"}
{"@timestamp":"2025-02-16T04:16:12.242+08:00","caller":"stat/usage.go:61","content":"CPU: 26m, MEMORY: Alloc=6.7Mi, TotalAlloc=121.5Mi, Sys=26.6Mi, NumGC=25","level":"stat"}
{"@timestamp":"2025-02-16T04:16:13.264+08:00","caller":"load/sheddingstat.go:61","content":"(api) shedding_stat [1m], cpu: 27, total: 0, pass: 0, drop: 0","level":"stat"}
{"@timestamp":"2025-02-16T04:17:12.242+08:00","caller":"stat/usage.go:61","content":"CPU: 16m, MEMORY: Alloc=7.3Mi, TotalAlloc=127.5Mi, Sys=26.6Mi, NumGC=26","level":"stat"}
{"@timestamp":"2025-02-16T04:17:13.264+08:00","caller":"load/sheddingstat.go:61","content":"(api) shedding_stat [1m], cpu: 16, total: 0, pass: 0, drop: 0","level":"stat"}
{"@timestamp":"2025-02-16T04:18:12.242+08:00","caller":"stat/usage.go:61","content":"CPU: 48m, MEMORY: Alloc=8.5Mi, TotalAlloc=134.2Mi, Sys=26.6Mi, NumGC=27","level":"stat"}
{"@timestamp":"2025-02-16T04:18:13.264+08:00","caller":"load/sheddingstat.go:61","content":"(api) shedding_stat [1m], cpu: 65, total: 0, pass: 0, drop: 0","level":"stat"}
{"@timestamp":"2025-02-16T04:19:12.242+08:00","caller":"stat/usage.go:61","content":"CPU: 16m, MEMORY: Alloc=9.6Mi, TotalAlloc=141.0Mi, Sys=26.6Mi, NumGC=28","level":"stat"}
{"@timestamp":"2025-02-16T04:19:13.264+08:00","caller":"load/sheddingstat.go:61","content":"(api) shedding_stat [1m], cpu: 17, total: 0, pass: 0, drop: 0","level":"stat"}
{"@timestamp":"2025-02-16T04:20:12.242+08:00","caller":"stat/usage.go:61","content":"CPU: 17m, MEMORY: Alloc=10.5Mi, TotalAlloc=148.6Mi, Sys=26.6Mi, NumGC=29","level":"stat"}
{"@timestamp":"2025-02-16T04:20:13.264+08:00","caller":"load/sheddingstat.go:61","content":"(api) shedding_stat [1m], cpu: 20, total: 0, pass: 0, drop: 0","level":"stat"}
{"@timestamp":"2025-02-16T04:21:12.242+08:00","caller":"stat/usage.go:61","content":"CPU: 16m, MEMORY: Alloc=10.1Mi, TotalAlloc=153.0Mi, Sys=26.6Mi, NumGC=30","level":"stat"}
{"@timestamp":"2025-02-16T04:21:13.264+08:00","caller":"load/sheddingstat.go:61","content":"(api) shedding_stat [1m], cpu: 18, total: 0, pass: 0, drop: 0","level":"stat"}
{"@timestamp":"2025-02-16T04:22:12.243+08:00","caller":"stat/usage.go:61","content":"CPU: 25m, MEMORY: Alloc=10.4Mi, TotalAlloc=158.2Mi, Sys=26.6Mi, NumGC=31","level":"stat"}
{"@timestamp":"2025-02-16T04:22:13.264+08:00","caller":"load/sheddingstat.go:61","content":"(api) shedding_stat [1m], cpu: 26, total: 0, pass: 0, drop: 0","level":"stat"}
{"@timestamp":"2025-02-16T04:23:12.242+08:00","caller":"stat/usage.go:61","content":"CPU: 16m, MEMORY: Alloc=6.8Mi, TotalAlloc=162.5Mi, Sys=26.6Mi, NumGC=32","level":"stat"}
{"@timestamp":"2025-02-16T04:23:13.264+08:00","caller":"load/sheddingstat.go:61","content":"(api) shedding_stat [1m], cpu: 17, total: 0, pass: 0, drop: 0","level":"stat"}
{"@timestamp":"2025-02-16T04:24:12.242+08:00","caller":"stat/usage.go:61","content":"CPU: 16m, MEMORY: Alloc=7.9Mi, TotalAlloc=168.5Mi, Sys=26.6Mi, NumGC=33","level":"stat"}
{"@timestamp":"2025-02-16T04:24:13.265+08:00","caller":"load/sheddingstat.go:61","content":"(api) shedding_stat [1m], cpu: 17, total: 0, pass: 0, drop: 0","level":"stat"}
{"@timestamp":"2025-02-16T04:25:12.243+08:00","caller":"stat/usage.go:61","content":"CPU: 42m, MEMORY: Alloc=9.7Mi, TotalAlloc=175.3Mi, Sys=26.6Mi, NumGC=34","level":"stat"}
{"@timestamp":"2025-02-16T04:25:13.264+08:00","caller":"load/sheddingstat.go:61","content":"(api) shedding_stat [1m], cpu: 37, total: 0, pass: 0, drop: 0","level":"stat"}
{"@timestamp":"2025-02-16T04:26:12.242+08:00","caller":"stat/usage.go:61","content":"CPU: 16m, MEMORY: Alloc=10.6Mi, TotalAlloc=180.5Mi, Sys=26.6Mi, NumGC=35","level":"stat"}
{"@timestamp":"2025-02-16T04:26:13.264+08:00","caller":"load/sheddingstat.go:61","content":"(api) shedding_stat [1m], cpu: 16, total: 0, pass: 0, drop: 0","level":"stat"}
{"@timestamp":"2025-02-16T04:27:12.242+08:00","caller":"stat/usage.go:61","content":"CPU: 15m, MEMORY: Alloc=7.4Mi, TotalAlloc=188.1Mi, Sys=26.6Mi, NumGC=37","level":"stat"}
{"@timestamp":"2025-02-16T04:27:13.264+08:00","caller":"load/sheddingstat.go:61","content":"(api) shedding_stat [1m], cpu: 16, total: 0, pass: 0, drop: 0","level":"stat"}
{"@timestamp":"2025-02-16T04:28:12.242+08:00","caller":"stat/usage.go:61","content":"CPU: 17m, MEMORY: Alloc=5.8Mi, TotalAlloc=193.3Mi, Sys=26.6Mi, NumGC=38","level":"stat"}
{"@timestamp":"2025-02-16T04:28:13.264+08:00","caller":"load/sheddingstat.go:61","content":"(api) shedding_stat [1m], cpu: 18, total: 0, pass: 0, drop: 0","level":"stat"}
{"@timestamp":"2025-02-16T04:29:12.242+08:00","caller":"stat/usage.go:61","content":"CPU: 32m, MEMORY: Alloc=7.2Mi, TotalAlloc=198.5Mi, Sys=26.6Mi, NumGC=39","level":"stat"}
{"@timestamp":"2025-02-16T04:29:13.264+08:00","caller":"load/sheddingstat.go:61","content":"(api) shedding_stat [1m], cpu: 49, total: 0, pass: 0, drop: 0","level":"stat"}
{"@timestamp":"2025-02-16T04:30:12.242+08:00","caller":"stat/usage.go:61","content":"CPU: 17m, MEMORY: Alloc=8.8Mi, TotalAlloc=203.7Mi, Sys=26.6Mi, NumGC=40","level":"stat"}
{"@timestamp":"2025-02-16T04:30:13.264+08:00","caller":"load/sheddingstat.go:61","content":"(api) shedding_stat [1m], cpu: 18, total: 0, pass: 0, drop: 0","level":"stat"}
{"@timestamp":"2025-02-16T04:31:12.242+08:00","caller":"stat/usage.go:61","content":"CPU: 17m, MEMORY: Alloc=8.4Mi, TotalAlloc=210.5Mi, Sys=26.6Mi, NumGC=42","level":"stat"}
{"@timestamp":"2025-02-16T04:31:13.264+08:00","caller":"load/sheddingstat.go:61","content":"(api) shedding_stat [1m], cpu: 18, total: 0, pass: 0, drop: 0","level":"stat"}
{"@timestamp":"2025-02-16T04:32:12.242+08:00","caller":"stat/usage.go:61","content":"CPU: 17m, MEMORY: Alloc=10.7Mi, TotalAlloc=217.3Mi, Sys=26.6Mi, NumGC=43","level":"stat"}
{"@timestamp":"2025-02-16T04:32:13.264+08:00","caller":"load/sheddingstat.go:61","content":"(api) shedding_stat [1m], cpu: 17, total: 0, pass: 0, drop: 0","level":"stat"}
{"@timestamp":"2025-02-16T04:33:12.242+08:00","caller":"stat/usage.go:61","content":"CPU: 19m, MEMORY: Alloc=9.7Mi, TotalAlloc=222.5Mi, Sys=26.6Mi, NumGC=44","level":"stat"}
{"@timestamp":"2025-02-16T04:33:13.264+08:00","caller":"load/sheddingstat.go:61","content":"(api) shedding_stat [1m], cpu: 18, total: 0, pass: 0, drop: 0","level":"stat"}
{"@timestamp":"2025-02-16T04:34:12.242+08:00","caller":"stat/usage.go:61","content":"CPU: 17m, MEMORY: Alloc=8.9Mi, TotalAlloc=230.1Mi, Sys=26.6Mi, NumGC=46","level":"stat"}
{"@timestamp":"2025-02-16T04:34:13.264+08:00","caller":"load/sheddingstat.go:61","content":"(api) shedding_stat [1m], cpu: 20, total: 0, pass: 0, drop: 0","level":"stat"}
{"@timestamp":"2025-02-16T04:35:12.242+08:00","caller":"stat/usage.go:61","content":"CPU: 18m, MEMORY: Alloc=5.5Mi, TotalAlloc=235.3Mi, Sys=26.6Mi, NumGC=48","level":"stat"}
{"@timestamp":"2025-02-16T04:35:13.264+08:00","caller":"load/sheddingstat.go:61","content":"(api) shedding_stat [1m], cpu: 17, total: 0, pass: 0, drop: 0","level":"stat"}
{"@timestamp":"2025-02-16T04:36:12.242+08:00","caller":"stat/usage.go:61","content":"CPU: 20m, MEMORY: Alloc=7.4Mi, TotalAlloc=242.1Mi, Sys=26.6Mi, NumGC=49","level":"stat"}
{"@timestamp":"2025-02-16T04:36:13.264+08:00","caller":"load/sheddingstat.go:61","content":"(api) shedding_stat [1m], cpu: 20, total: 0, pass: 0, drop: 0","level":"stat"}
{"@timestamp":"2025-02-16T04:37:12.242+08:00","caller":"stat/usage.go:61","content":"CPU: 18m, MEMORY: Alloc=7.7Mi, TotalAlloc=247.2Mi, Sys=26.6Mi, NumGC=50","level":"stat"}
{"@timestamp":"2025-02-16T04:37:13.264+08:00","caller":"load/sheddingstat.go:61","content":"(api) shedding_stat [1m], cpu: 18, total: 0, pass: 0, drop: 0","level":"stat"}
{"@timestamp":"2025-02-16T04:38:12.242+08:00","caller":"stat/usage.go:61","content":"CPU: 17m, MEMORY: Alloc=9.5Mi, TotalAlloc=253.9Mi, Sys=26.6Mi, NumGC=51","level":"stat"}
{"@timestamp":"2025-02-16T04:38:13.264+08:00","caller":"load/sheddingstat.go:61","content":"(api) shedding_stat [1m], cpu: 18, total: 0, pass: 0, drop: 0","level":"stat"}
{"@timestamp":"2025-02-16T04:39:12.242+08:00","caller":"stat/usage.go:61","content":"CPU: 20m, MEMORY: Alloc=6.2Mi, TotalAlloc=260.7Mi, Sys=26.6Mi, NumGC=53","level":"stat"}
{"@timestamp":"2025-02-16T04:39:13.264+08:00","caller":"load/sheddingstat.go:61","content":"(api) shedding_stat [1m], cpu: 19, total: 0, pass: 0, drop: 0","level":"stat"}
{"@timestamp":"2025-02-16T04:40:12.242+08:00","caller":"stat/usage.go:61","content":"CPU: 18m, MEMORY: Alloc=11.4Mi, TotalAlloc=265.9Mi, Sys=26.6Mi, NumGC=53","level":"stat"}
{"@timestamp":"2025-02-16T04:40:13.264+08:00","caller":"load/sheddingstat.go:61","content":"(api) shedding_stat [1m], cpu: 18, total: 0, pass: 0, drop: 0","level":"stat"}
{"@timestamp":"2025-02-16T04:41:12.242+08:00","caller":"stat/usage.go:61","content":"CPU: 16m, MEMORY: Alloc=10.6Mi, TotalAlloc=271.0Mi, Sys=26.6Mi, NumGC=54","level":"stat"}
{"@timestamp":"2025-02-16T04:41:13.264+08:00","caller":"load/sheddingstat.go:61","content":"(api) shedding_stat [1m], cpu: 17, total: 0, pass: 0, drop: 0","level":"stat"}
{"@timestamp":"2025-02-16T04:42:12.242+08:00","caller":"stat/usage.go:61","content":"CPU: 15m, MEMORY: Alloc=11.2Mi, TotalAlloc=277.8Mi, Sys=26.6Mi, NumGC=55","level":"stat"}
{"@timestamp":"2025-02-16T04:42:13.264+08:00","caller":"load/sheddingstat.go:61","content":"(api) shedding_stat [1m], cpu: 15, total: 0, pass: 0, drop: 0","level":"stat"}
{"@timestamp":"2025-02-16T04:43:12.242+08:00","caller":"stat/usage.go:61","content":"CPU: 17m, MEMORY: Alloc=11.3Mi, TotalAlloc=283.8Mi, Sys=26.6Mi, NumGC=56","level":"stat"}
{"@timestamp":"2025-02-16T04:43:13.264+08:00","caller":"load/sheddingstat.go:61","content":"(api) shedding_stat [1m], cpu: 18, total: 0, pass: 0, drop: 0","level":"stat"}
{"@timestamp":"2025-02-16T04:44:12.242+08:00","caller":"stat/usage.go:61","content":"CPU: 17m, MEMORY: Alloc=9.7Mi, TotalAlloc=288.9Mi, Sys=26.6Mi, NumGC=57","level":"stat"}
{"@timestamp":"2025-02-16T04:44:13.264+08:00","caller":"load/sheddingstat.go:61","content":"(api) shedding_stat [1m], cpu: 16, total: 0, pass: 0, drop: 0","level":"stat"}
{"@timestamp":"2025-02-16T04:45:12.242+08:00","caller":"stat/usage.go:61","content":"CPU: 18m, MEMORY: Alloc=8.5Mi, TotalAlloc=294.1Mi, Sys=26.6Mi, NumGC=58","level":"stat"}
{"@timestamp":"2025-02-16T04:45:13.265+08:00","caller":"load/sheddingstat.go:61","content":"(api) shedding_stat [1m], cpu: 17, total: 0, pass: 0, drop: 0","level":"stat"}
{"@timestamp":"2025-02-16T04:46:12.241+08:00","caller":"stat/usage.go:61","content":"CPU: 22m, MEMORY: Alloc=10.3Mi, TotalAlloc=300.8Mi, Sys=26.6Mi, NumGC=59","level":"stat"}
{"@timestamp":"2025-02-16T04:46:13.264+08:00","caller":"load/sheddingstat.go:61","content":"(api) shedding_stat [1m], cpu: 22, total: 0, pass: 0, drop: 0","level":"stat"}
{"@timestamp":"2025-02-16T04:47:12.242+08:00","caller":"stat/usage.go:61","content":"CPU: 15m, MEMORY: Alloc=9.9Mi, TotalAlloc=305.2Mi, Sys=26.6Mi, NumGC=60","level":"stat"}
{"@timestamp":"2025-02-16T04:47:13.264+08:00","caller":"load/sheddingstat.go:61","content":"(api) shedding_stat [1m], cpu: 17, total: 0, pass: 0, drop: 0","level":"stat"}
{"@timestamp":"2025-02-16T04:48:12.242+08:00","caller":"stat/usage.go:61","content":"CPU: 17m, MEMORY: Alloc=11.2Mi, TotalAlloc=312.0Mi, Sys=26.6Mi, NumGC=61","level":"stat"}
{"@timestamp":"2025-02-16T04:48:13.264+08:00","caller":"load/sheddingstat.go:61","content":"(api) shedding_stat [1m], cpu: 20, total: 0, pass: 0, drop: 0","level":"stat"}
{"@timestamp":"2025-02-16T04:49:12.242+08:00","caller":"stat/usage.go:61","content":"CPU: 16m, MEMORY: Alloc=10.4Mi, TotalAlloc=317.9Mi, Sys=26.6Mi, NumGC=62","level":"stat"}
{"@timestamp":"2025-02-16T04:49:13.264+08:00","caller":"load/sheddingstat.go:61","content":"(api) shedding_stat [1m], cpu: 17, total: 0, pass: 0, drop: 0","level":"stat"}
{"@timestamp":"2025-02-16T04:50:12.242+08:00","caller":"stat/usage.go:61","content":"CPU: 18m, MEMORY: Alloc=9.7Mi, TotalAlloc=323.1Mi, Sys=26.6Mi, NumGC=63","level":"stat"}
{"@timestamp":"2025-02-16T04:50:13.264+08:00","caller":"load/sheddingstat.go:61","content":"(api) shedding_stat [1m], cpu: 19, total: 0, pass: 0, drop: 0","level":"stat"}
{"@timestamp":"2025-02-16T04:51:12.241+08:00","caller":"stat/usage.go:61","content":"CPU: 24m, MEMORY: Alloc=10.7Mi, TotalAlloc=329.0Mi, Sys=26.6Mi, NumGC=64","level":"stat"}
{"@timestamp":"2025-02-16T04:51:13.264+08:00","caller":"load/sheddingstat.go:61","content":"(api) shedding_stat [1m], cpu: 23, total: 0, pass: 0, drop: 0","level":"stat"}
{"@timestamp":"2025-02-16T04:52:12.242+08:00","caller":"stat/usage.go:61","content":"CPU: 17m, MEMORY: Alloc=6.5Mi, TotalAlloc=335.0Mi, Sys=26.6Mi, NumGC=66","level":"stat"}
{"@timestamp":"2025-02-16T04:52:13.264+08:00","caller":"load/sheddingstat.go:61","content":"(api) shedding_stat [1m], cpu: 17, total: 0, pass: 0, drop: 0","level":"stat"}
{"@timestamp":"2025-02-16T04:53:12.242+08:00","caller":"stat/usage.go:61","content":"CPU: 14m, MEMORY: Alloc=9.4Mi, TotalAlloc=342.7Mi, Sys=26.6Mi, NumGC=67","level":"stat"}
{"@timestamp":"2025-02-16T04:53:13.264+08:00","caller":"load/sheddingstat.go:61","content":"(api) shedding_stat [1m], cpu: 14, total: 0, pass: 0, drop: 0","level":"stat"}
{"@timestamp":"2025-02-16T04:54:12.241+08:00","caller":"stat/usage.go:61","content":"CPU: 16m, MEMORY: Alloc=10.3Mi, TotalAlloc=349.5Mi, Sys=26.6Mi, NumGC=68","level":"stat"}
{"@timestamp":"2025-02-16T04:54:13.264+08:00","caller":"load/sheddingstat.go:61","content":"(api) shedding_stat [1m], cpu: 17, total: 0, pass: 0, drop: 0","level":"stat"}
{"@timestamp":"2025-02-16T04:55:12.242+08:00","caller":"stat/usage.go:61","content":"CPU: 13m, MEMORY: Alloc=8.9Mi, TotalAlloc=354.6Mi, Sys=26.6Mi, NumGC=69","level":"stat"}
{"@timestamp":"2025-02-16T04:55:13.264+08:00","caller":"load/sheddingstat.go:61","content":"(api) shedding_stat [1m], cpu: 13, total: 0, pass: 0, drop: 0","level":"stat"}
{"@timestamp":"2025-02-16T04:56:12.242+08:00","caller":"stat/usage.go:61","content":"CPU: 16m, MEMORY: Alloc=9.8Mi, TotalAlloc=359.8Mi, Sys=26.6Mi, NumGC=70","level":"stat"}
{"@timestamp":"2025-02-16T04:56:13.265+08:00","caller":"load/sheddingstat.go:61","content":"(api) shedding_stat [1m], cpu: 16, total: 0, pass: 0, drop: 0","level":"stat"}
{"@timestamp":"2025-02-16T04:57:12.242+08:00","caller":"stat/usage.go:61","content":"CPU: 17m, MEMORY: Alloc=10.3Mi, TotalAlloc=366.6Mi, Sys=26.6Mi, NumGC=71","level":"stat"}
{"@timestamp":"2025-02-16T04:57:13.265+08:00","caller":"load/sheddingstat.go:61","content":"(api) shedding_stat [1m], cpu: 18, total: 0, pass: 0, drop: 0","level":"stat"}
{"@timestamp":"2025-02-16T04:58:12.242+08:00","caller":"stat/usage.go:61","content":"CPU: 15m, MEMORY: Alloc=7.5Mi, TotalAlloc=373.4Mi, Sys=26.6Mi, NumGC=73","level":"stat"}
{"@timestamp":"2025-02-16T04:58:13.264+08:00","caller":"load/sheddingstat.go:61","content":"(api) shedding_stat [1m], cpu: 16, total: 0, pass: 0, drop: 0","level":"stat"}
{"@timestamp":"2025-02-16T04:59:12.242+08:00","caller":"stat/usage.go:61","content":"CPU: 16m, MEMORY: Alloc=6.4Mi, TotalAlloc=377.8Mi, Sys=26.6Mi, NumGC=74","level":"stat"}
{"@timestamp":"2025-02-16T04:59:13.264+08:00","caller":"load/sheddingstat.go:61","content":"(api) shedding_stat [1m], cpu: 16, total: 0, pass: 0, drop: 0","level":"stat"}
{"@timestamp":"2025-02-16T05:00:12.241+08:00","caller":"stat/usage.go:61","content":"CPU: 14m, MEMORY: Alloc=6.7Mi, TotalAlloc=382.1Mi, Sys=26.6Mi, NumGC=75","level":"stat"}
{"@timestamp":"2025-02-16T05:00:13.264+08:00","caller":"load/sheddingstat.go:61","content":"(api) shedding_stat [1m], cpu: 15, total: 0, pass: 0, drop: 0","level":"stat"}
{"@timestamp":"2025-02-16T05:01:12.243+08:00","caller":"stat/usage.go:61","content":"CPU: 16m, MEMORY: Alloc=7.9Mi, TotalAlloc=387.3Mi, Sys=26.6Mi, NumGC=76","level":"stat"}
{"@timestamp":"2025-02-16T05:01:13.264+08:00","caller":"load/sheddingstat.go:61","content":"(api) shedding_stat [1m], cpu: 16, total: 0, pass: 0, drop: 0","level":"stat"}
{"@timestamp":"2025-02-16T05:02:12.242+08:00","caller":"stat/usage.go:61","content":"CPU: 16m, MEMORY: Alloc=9.7Mi, TotalAlloc=392.4Mi, Sys=26.6Mi, NumGC=77","level":"stat"}
{"@timestamp":"2025-02-16T05:02:13.264+08:00","caller":"load/sheddingstat.go:61","content":"(api) shedding_stat [1m], cpu: 17, total: 0, pass: 0, drop: 0","level":"stat"}
{"@timestamp":"2025-02-16T05:03:12.242+08:00","caller":"stat/usage.go:61","content":"CPU: 21m, MEMORY: Alloc=6.7Mi, TotalAlloc=399.3Mi, Sys=26.6Mi, NumGC=79","level":"stat"}
{"@timestamp":"2025-02-16T05:03:13.265+08:00","caller":"load/sheddingstat.go:61","content":"(api) shedding_stat [1m], cpu: 23, total: 0, pass: 0, drop: 0","level":"stat"}
{"@timestamp":"2025-02-16T05:04:12.242+08:00","caller":"stat/usage.go:61","content":"CPU: 15m, MEMORY: Alloc=6.5Mi, TotalAlloc=404.5Mi, Sys=26.6Mi, NumGC=80","level":"stat"}
{"@timestamp":"2025-02-16T05:04:13.264+08:00","caller":"load/sheddingstat.go:61","content":"(api) shedding_stat [1m], cpu: 16, total: 0, pass: 0, drop: 0","level":"stat"}
{"@timestamp":"2025-02-16T05:05:12.242+08:00","caller":"stat/usage.go:61","content":"CPU: 17m, MEMORY: Alloc=7.1Mi, TotalAlloc=410.4Mi, Sys=26.6Mi, NumGC=81","level":"stat"}
{"@timestamp":"2025-02-16T05:05:13.264+08:00","caller":"load/sheddingstat.go:61","content":"(api) shedding_stat [1m], cpu: 17, total: 0, pass: 0, drop: 0","level":"stat"}
{"@timestamp":"2025-02-16T05:06:12.242+08:00","caller":"stat/usage.go:61","content":"CPU: 18m, MEMORY: Alloc=6.9Mi, TotalAlloc=415.6Mi, Sys=26.6Mi, NumGC=82","level":"stat"}
{"@timestamp":"2025-02-16T05:06:13.264+08:00","caller":"load/sheddingstat.go:61","content":"(api) shedding_stat [1m], cpu: 17, total: 0, pass: 0, drop: 0","level":"stat"}
{"@timestamp":"2025-02-16T05:07:12.242+08:00","caller":"stat/usage.go:61","content":"CPU: 39m, MEMORY: Alloc=7.5Mi, TotalAlloc=421.6Mi, Sys=26.6Mi, NumGC=83","level":"stat"}
{"@timestamp":"2025-02-16T05:07:13.264+08:00","caller":"load/sheddingstat.go:61","content":"(api) shedding_stat [1m], cpu: 35, total: 0, pass: 0, drop: 0","level":"stat"}
{"@timestamp":"2025-02-16T05:08:12.241+08:00","caller":"stat/usage.go:61","content":"CPU: 27m, MEMORY: Alloc=6.7Mi, TotalAlloc=425.9Mi, Sys=26.6Mi, NumGC=84","level":"stat"}
{"@timestamp":"2025-02-16T05:08:13.264+08:00","caller":"load/sheddingstat.go:61","content":"(api) shedding_stat [1m], cpu: 25, total: 0, pass: 0, drop: 0","level":"stat"}
{"@timestamp":"2025-02-16T05:09:12.242+08:00","caller":"stat/usage.go:61","content":"CPU: 24m, MEMORY: Alloc=7.4Mi, TotalAlloc=431.9Mi, Sys=26.6Mi, NumGC=85","level":"stat"}
{"@timestamp":"2025-02-16T05:09:13.264+08:00","caller":"load/sheddingstat.go:61","content":"(api) shedding_stat [1m], cpu: 22, total: 0, pass: 0, drop: 0","level":"stat"}
{"@timestamp":"2025-02-16T05:10:12.242+08:00","caller":"stat/usage.go:61","content":"CPU: 49m, MEMORY: Alloc=6.7Mi, TotalAlloc=438.0Mi, Sys=26.6Mi, NumGC=86","level":"stat"}
{"@timestamp":"2025-02-16T05:10:13.264+08:00","caller":"load/sheddingstat.go:61","content":"(api) shedding_stat [1m], cpu: 53, total: 0, pass: 0, drop: 0","level":"stat"}
{"@timestamp":"2025-02-16T05:11:12.242+08:00","caller":"stat/usage.go:61","content":"CPU: 56m, MEMORY: Alloc=8.0Mi, TotalAlloc=443.9Mi, Sys=26.6Mi, NumGC=87","level":"stat"}
{"@timestamp":"2025-02-16T05:11:13.264+08:00","caller":"load/sheddingstat.go:61","content":"(api) shedding_stat [1m], cpu: 49, total: 0, pass: 0, drop: 0","level":"stat"}
{"@timestamp":"2025-02-16T05:12:12.242+08:00","caller":"stat/usage.go:61","content":"CPU: 42m, MEMORY: Alloc=12.3Mi, TotalAlloc=448.2Mi, Sys=26.6Mi, NumGC=87","level":"stat"}
{"@timestamp":"2025-02-16T05:12:13.264+08:00","caller":"load/sheddingstat.go:61","content":"(api) shedding_stat [1m], cpu: 38, total: 0, pass: 0, drop: 0","level":"stat"}
{"@timestamp":"2025-02-16T05:13:12.243+08:00","caller":"stat/usage.go:61","content":"CPU: 18m, MEMORY: Alloc=10.2Mi, TotalAlloc=452.5Mi, Sys=26.6Mi, NumGC=88","level":"stat"}
{"@timestamp":"2025-02-16T05:13:13.265+08:00","caller":"load/sheddingstat.go:61","content":"(api) shedding_stat [1m], cpu: 18, total: 0, pass: 0, drop: 0","level":"stat"}
{"@timestamp":"2025-02-16T05:14:12.241+08:00","caller":"stat/usage.go:61","content":"CPU: 17m, MEMORY: Alloc=7.9Mi, TotalAlloc=457.7Mi, Sys=26.6Mi, NumGC=89","level":"stat"}
{"@timestamp":"2025-02-16T05:14:13.264+08:00","caller":"load/sheddingstat.go:61","content":"(api) shedding_stat [1m], cpu: 18, total: 0, pass: 0, drop: 0","level":"stat"}
{"@timestamp":"2025-02-16T05:15:12.242+08:00","caller":"stat/usage.go:61","content":"CPU: 22m, MEMORY: Alloc=7.6Mi, TotalAlloc=463.7Mi, Sys=26.6Mi, NumGC=90","level":"stat"}
{"@timestamp":"2025-02-16T05:15:13.264+08:00","caller":"load/sheddingstat.go:61","content":"(api) shedding_stat [1m], cpu: 45, total: 0, pass: 0, drop: 0","level":"stat"}
{"@timestamp":"2025-02-16T05:16:12.242+08:00","caller":"stat/usage.go:61","content":"CPU: 19m, MEMORY: Alloc=8.2Mi, TotalAlloc=469.6Mi, Sys=26.6Mi, NumGC=91","level":"stat"}
{"@timestamp":"2025-02-16T05:16:13.264+08:00","caller":"load/sheddingstat.go:61","content":"(api) shedding_stat [1m], cpu: 20, total: 0, pass: 0, drop: 0","level":"stat"}
{"@timestamp":"2025-02-16T05:17:12.242+08:00","caller":"stat/usage.go:61","content":"CPU: 19m, MEMORY: Alloc=9.3Mi, TotalAlloc=476.4Mi, Sys=26.6Mi, NumGC=92","level":"stat"}
{"@timestamp":"2025-02-16T05:17:13.264+08:00","caller":"load/sheddingstat.go:61","content":"(api) shedding_stat [1m], cpu: 19, total: 0, pass: 0, drop: 0","level":"stat"}
{"@timestamp":"2025-02-16T05:18:12.242+08:00","caller":"stat/usage.go:61","content":"CPU: 20m, MEMORY: Alloc=7.8Mi, TotalAlloc=482.4Mi, Sys=26.6Mi, NumGC=93","level":"stat"}
{"@timestamp":"2025-02-16T05:18:13.264+08:00","caller":"load/sheddingstat.go:61","content":"(api) shedding_stat [1m], cpu: 20, total: 0, pass: 0, drop: 0","level":"stat"}
{"@timestamp":"2025-02-16T05:19:12.242+08:00","caller":"stat/usage.go:61","content":"CPU: 18m, MEMORY: Alloc=5.5Mi, TotalAlloc=488.4Mi, Sys=26.6Mi, NumGC=95","level":"stat"}
{"@timestamp":"2025-02-16T05:19:13.264+08:00","caller":"load/sheddingstat.go:61","content":"(api) shedding_stat [1m], cpu: 18, total: 0, pass: 0, drop: 0","level":"stat"}
{"@timestamp":"2025-02-16T05:20:12.242+08:00","caller":"stat/usage.go:61","content":"CPU: 19m, MEMORY: Alloc=8.4Mi, TotalAlloc=495.1Mi, Sys=26.6Mi, NumGC=96","level":"stat"}
{"@timestamp":"2025-02-16T05:20:13.264+08:00","caller":"load/sheddingstat.go:61","content":"(api) shedding_stat [1m], cpu: 19, total: 0, pass: 0, drop: 0","level":"stat"}
{"@timestamp":"2025-02-16T05:21:12.242+08:00","caller":"stat/usage.go:61","content":"CPU: 18m, MEMORY: Alloc=9.1Mi, TotalAlloc=501.2Mi, Sys=26.6Mi, NumGC=97","level":"stat"}
{"@timestamp":"2025-02-16T05:21:13.264+08:00","caller":"load/sheddingstat.go:61","content":"(api) shedding_stat [1m], cpu: 19, total: 0, pass: 0, drop: 0","level":"stat"}
{"@timestamp":"2025-02-16T05:22:12.242+08:00","caller":"stat/usage.go:61","content":"CPU: 17m, MEMORY: Alloc=11.1Mi, TotalAlloc=508.7Mi, Sys=26.6Mi, NumGC=98","level":"stat"}
{"@timestamp":"2025-02-16T05:22:13.264+08:00","caller":"load/sheddingstat.go:61","content":"(api) shedding_stat [1m], cpu: 19, total: 0, pass: 0, drop: 0","level":"stat"}
{"@timestamp":"2025-02-16T05:23:12.242+08:00","caller":"stat/usage.go:61","content":"CPU: 17m, MEMORY: Alloc=10.5Mi, TotalAlloc=514.7Mi, Sys=26.6Mi, NumGC=99","level":"stat"}
{"@timestamp":"2025-02-16T05:23:13.264+08:00","caller":"load/sheddingstat.go:61","content":"(api) shedding_stat [1m], cpu: 19, total: 0, pass: 0, drop: 0","level":"stat"}
{"@timestamp":"2025-02-16T05:24:12.242+08:00","caller":"stat/usage.go:61","content":"CPU: 17m, MEMORY: Alloc=6.2Mi, TotalAlloc=521.4Mi, Sys=26.6Mi, NumGC=101","level":"stat"}
{"@timestamp":"2025-02-16T05:24:13.264+08:00","caller":"load/sheddingstat.go:61","content":"(api) shedding_stat [1m], cpu: 19, total: 0, pass: 0, drop: 0","level":"stat"}
{"@timestamp":"2025-02-16T05:25:12.242+08:00","caller":"stat/usage.go:61","content":"CPU: 22m, MEMORY: Alloc=7.9Mi, TotalAlloc=526.6Mi, Sys=26.6Mi, NumGC=102","level":"stat"}
{"@timestamp":"2025-02-16T05:25:13.264+08:00","caller":"load/sheddingstat.go:61","content":"(api) shedding_stat [1m], cpu: 21, total: 0, pass: 0, drop: 0","level":"stat"}
{"@timestamp":"2025-02-16T05:26:12.242+08:00","caller":"stat/usage.go:61","content":"CPU: 17m, MEMORY: Alloc=7.6Mi, TotalAlloc=533.4Mi, Sys=26.6Mi, NumGC=104","level":"stat"}
{"@timestamp":"2025-02-16T05:26:13.264+08:00","caller":"load/sheddingstat.go:61","content":"(api) shedding_stat [1m], cpu: 17, total: 0, pass: 0, drop: 0","level":"stat"}
{"@timestamp":"2025-02-16T05:27:12.243+08:00","caller":"stat/usage.go:61","content":"CPU: 17m, MEMORY: Alloc=9.8Mi, TotalAlloc=539.4Mi, Sys=26.6Mi, NumGC=105","level":"stat"}
{"@timestamp":"2025-02-16T05:27:13.264+08:00","caller":"load/sheddingstat.go:61","content":"(api) shedding_stat [1m], cpu: 17, total: 0, pass: 0, drop: 0","level":"stat"}
{"@timestamp":"2025-02-16T05:28:12.241+08:00","caller":"stat/usage.go:61","content":"CPU: 15m, MEMORY: Alloc=12.2Mi, TotalAlloc=546.2Mi, Sys=26.6Mi, NumGC=106","level":"stat"}
{"@timestamp":"2025-02-16T05:28:13.264+08:00","caller":"load/sheddingstat.go:61","content":"(api) shedding_stat [1m], cpu: 15, total: 0, pass: 0, drop: 0","level":"stat"}
{"@timestamp":"2025-02-16T05:29:12.242+08:00","caller":"stat/usage.go:61","content":"CPU: 16m, MEMORY: Alloc=12.1Mi, TotalAlloc=552.9Mi, Sys=26.6Mi, NumGC=107","level":"stat"}
{"@timestamp":"2025-02-16T05:29:13.264+08:00","caller":"load/sheddingstat.go:61","content":"(api) shedding_stat [1m], cpu: 16, total: 0, pass: 0, drop: 0","level":"stat"}
{"@timestamp":"2025-02-16T05:30:12.242+08:00","caller":"stat/usage.go:61","content":"CPU: 16m, MEMORY: Alloc=10.6Mi, TotalAlloc=558.0Mi, Sys=26.6Mi, NumGC=108","level":"stat"}
{"@timestamp":"2025-02-16T05:30:13.264+08:00","caller":"load/sheddingstat.go:61","content":"(api) shedding_stat [1m], cpu: 17, total: 0, pass: 0, drop: 0","level":"stat"}
{"@timestamp":"2025-02-16T05:31:12.242+08:00","caller":"stat/usage.go:61","content":"CPU: 17m, MEMORY: Alloc=8.3Mi, TotalAlloc=562.3Mi, Sys=26.6Mi, NumGC=109","level":"stat"}
{"@timestamp":"2025-02-16T05:31:13.265+08:00","caller":"load/sheddingstat.go:61","content":"(api) shedding_stat [1m], cpu: 18, total: 0, pass: 0, drop: 0","level":"stat"}
{"@timestamp":"2025-02-16T05:32:12.242+08:00","caller":"stat/usage.go:61","content":"CPU: 16m, MEMORY: Alloc=12.6Mi, TotalAlloc=566.7Mi, Sys=26.6Mi, NumGC=109","level":"stat"}
{"@timestamp":"2025-02-16T05:32:13.265+08:00","caller":"load/sheddingstat.go:61","content":"(api) shedding_stat [1m], cpu: 18, total: 0, pass: 0, drop: 0","level":"stat"}
{"@timestamp":"2025-02-16T05:33:12.242+08:00","caller":"stat/usage.go:61","content":"CPU: 17m, MEMORY: Alloc=9.4Mi, TotalAlloc=571.0Mi, Sys=26.6Mi, NumGC=110","level":"stat"}
{"@timestamp":"2025-02-16T05:33:13.264+08:00","caller":"load/sheddingstat.go:61","content":"(api) shedding_stat [1m], cpu: 17, total: 0, pass: 0, drop: 0","level":"stat"}
{"@timestamp":"2025-02-16T05:34:12.242+08:00","caller":"stat/usage.go:61","content":"CPU: 16m, MEMORY: Alloc=8.1Mi, TotalAlloc=575.4Mi, Sys=26.6Mi, NumGC=111","level":"stat"}
{"@timestamp":"2025-02-16T05:34:13.265+08:00","caller":"load/sheddingstat.go:61","content":"(api) shedding_stat [1m], cpu: 16, total: 0, pass: 0, drop: 0","level":"stat"}
{"@timestamp":"2025-02-16T05:35:12.242+08:00","caller":"stat/usage.go:61","content":"CPU: 18m, MEMORY: Alloc=6.0Mi, TotalAlloc=579.7Mi, Sys=26.6Mi, NumGC=112","level":"stat"}
{"@timestamp":"2025-02-16T05:35:13.264+08:00","caller":"load/sheddingstat.go:61","content":"(api) shedding_stat [1m], cpu: 17, total: 0, pass: 0, drop: 0","level":"stat"}
{"@timestamp":"2025-02-16T05:36:12.242+08:00","caller":"stat/usage.go:61","content":"CPU: 17m, MEMORY: Alloc=7.7Mi, TotalAlloc=585.7Mi, Sys=26.6Mi, NumGC=113","level":"stat"}
{"@timestamp":"2025-02-16T05:36:13.264+08:00","caller":"load/sheddingstat.go:61","content":"(api) shedding_stat [1m], cpu: 18, total: 0, pass: 0, drop: 0","level":"stat"}
{"@timestamp":"2025-02-16T05:37:12.242+08:00","caller":"stat/usage.go:61","content":"CPU: 17m, MEMORY: Alloc=9.0Mi, TotalAlloc=592.5Mi, Sys=26.6Mi, NumGC=114","level":"stat"}
{"@timestamp":"2025-02-16T05:37:13.264+08:00","caller":"load/sheddingstat.go:61","content":"(api) shedding_stat [1m], cpu: 17, total: 0, pass: 0, drop: 0","level":"stat"}
{"@timestamp":"2025-02-16T05:38:12.242+08:00","caller":"stat/usage.go:61","content":"CPU: 23m, MEMORY: Alloc=8.3Mi, TotalAlloc=597.7Mi, Sys=26.6Mi, NumGC=115","level":"stat"}
{"@timestamp":"2025-02-16T05:38:13.265+08:00","caller":"load/sheddingstat.go:61","content":"(api) shedding_stat [1m], cpu: 23, total: 0, pass: 0, drop: 0","level":"stat"}
{"@timestamp":"2025-02-16T05:39:12.242+08:00","caller":"stat/usage.go:61","content":"CPU: 17m, MEMORY: Alloc=9.6Mi, TotalAlloc=604.5Mi, Sys=26.6Mi, NumGC=116","level":"stat"}
{"@timestamp":"2025-02-16T05:39:13.264+08:00","caller":"load/sheddingstat.go:61","content":"(api) shedding_stat [1m], cpu: 18, total: 0, pass: 0, drop: 0","level":"stat"}
{"@timestamp":"2025-02-16T05:40:12.242+08:00","caller":"stat/usage.go:61","content":"CPU: 19m, MEMORY: Alloc=10.6Mi, TotalAlloc=611.3Mi, Sys=26.6Mi, NumGC=117","level":"stat"}
{"@timestamp":"2025-02-16T05:40:13.264+08:00","caller":"load/sheddingstat.go:61","content":"(api) shedding_stat [1m], cpu: 20, total: 0, pass: 0, drop: 0","level":"stat"}
{"@timestamp":"2025-02-16T05:41:12.242+08:00","caller":"stat/usage.go:61","content":"CPU: 17m, MEMORY: Alloc=9.1Mi, TotalAlloc=615.6Mi, Sys=26.6Mi, NumGC=118","level":"stat"}
{"@timestamp":"2025-02-16T05:41:13.264+08:00","caller":"load/sheddingstat.go:61","content":"(api) shedding_stat [1m], cpu: 18, total: 0, pass: 0, drop: 0","level":"stat"}
{"@timestamp":"2025-02-16T05:42:12.242+08:00","caller":"stat/usage.go:61","content":"CPU: 19m, MEMORY: Alloc=10.3Mi, TotalAlloc=623.2Mi, Sys=26.6Mi, NumGC=119","level":"stat"}
{"@timestamp":"2025-02-16T05:42:13.264+08:00","caller":"load/sheddingstat.go:61","content":"(api) shedding_stat [1m], cpu: 20, total: 0, pass: 0, drop: 0","level":"stat"}
{"@timestamp":"2025-02-16T05:43:12.242+08:00","caller":"stat/usage.go:61","content":"CPU: 17m, MEMORY: Alloc=9.1Mi, TotalAlloc=627.6Mi, Sys=26.6Mi, NumGC=120","level":"stat"}
{"@timestamp":"2025-02-16T05:43:13.264+08:00","caller":"load/sheddingstat.go:61","content":"(api) shedding_stat [1m], cpu: 18, total: 0, pass: 0, drop: 0","level":"stat"}
{"@timestamp":"2025-02-16T05:44:12.242+08:00","caller":"stat/usage.go:61","content":"CPU: 17m, MEMORY: Alloc=8.6Mi, TotalAlloc=633.6Mi, Sys=26.6Mi, NumGC=121","level":"stat"}
{"@timestamp":"2025-02-16T05:44:13.265+08:00","caller":"load/sheddingstat.go:61","content":"(api) shedding_stat [1m], cpu: 17, total: 0, pass: 0, drop: 0","level":"stat"}
{"@timestamp":"2025-02-16T05:45:12.242+08:00","caller":"stat/usage.go:61","content":"CPU: 19m, MEMORY: Alloc=10.7Mi, TotalAlloc=640.3Mi, Sys=26.6Mi, NumGC=122","level":"stat"}
{"@timestamp":"2025-02-16T05:45:13.264+08:00","caller":"load/sheddingstat.go:61","content":"(api) shedding_stat [1m], cpu: 19, total: 0, pass: 0, drop: 0","level":"stat"}
{"@timestamp":"2025-02-16T05:46:12.243+08:00","caller":"stat/usage.go:61","content":"CPU: 18m, MEMORY: Alloc=10.7Mi, TotalAlloc=645.5Mi, Sys=26.6Mi, NumGC=123","level":"stat"}
{"@timestamp":"2025-02-16T05:46:13.263+08:00","caller":"load/sheddingstat.go:61","content":"(api) shedding_stat [1m], cpu: 18, total: 0, pass: 0, drop: 0","level":"stat"}
{"@timestamp":"2025-02-16T05:47:12.242+08:00","caller":"stat/usage.go:61","content":"CPU: 19m, MEMORY: Alloc=7.8Mi, TotalAlloc=650.7Mi, Sys=26.6Mi, NumGC=124","level":"stat"}
{"@timestamp":"2025-02-16T05:47:13.264+08:00","caller":"load/sheddingstat.go:61","content":"(api) shedding_stat [1m], cpu: 19, total: 0, pass: 0, drop: 0","level":"stat"}
{"@timestamp":"2025-02-16T05:48:12.242+08:00","caller":"stat/usage.go:61","content":"CPU: 17m, MEMORY: Alloc=9.4Mi, TotalAlloc=656.7Mi, Sys=26.6Mi, NumGC=125","level":"stat"}
{"@timestamp":"2025-02-16T05:48:13.265+08:00","caller":"load/sheddingstat.go:61","content":"(api) shedding_stat [1m], cpu: 17, total: 0, pass: 0, drop: 0","level":"stat"}
{"@timestamp":"2025-02-16T05:49:12.242+08:00","caller":"stat/usage.go:61","content":"CPU: 18m, MEMORY: Alloc=8.7Mi, TotalAlloc=661.8Mi, Sys=26.6Mi, NumGC=126","level":"stat"}
{"@timestamp":"2025-02-16T05:49:13.264+08:00","caller":"load/sheddingstat.go:61","content":"(api) shedding_stat [1m], cpu: 17, total: 0, pass: 0, drop: 0","level":"stat"}
{"@timestamp":"2025-02-16T05:50:12.242+08:00","caller":"stat/usage.go:61","content":"CPU: 19m, MEMORY: Alloc=8.9Mi, TotalAlloc=667.8Mi, Sys=26.6Mi, NumGC=127","level":"stat"}
{"@timestamp":"2025-02-16T05:50:13.265+08:00","caller":"load/sheddingstat.go:61","content":"(api) shedding_stat [1m], cpu: 19, total: 0, pass: 0, drop: 0","level":"stat"}
{"@timestamp":"2025-02-16T05:51:12.242+08:00","caller":"stat/usage.go:61","content":"CPU: 23m, MEMORY: Alloc=10.3Mi, TotalAlloc=675.4Mi, Sys=26.6Mi, NumGC=128","level":"stat"}
{"@timestamp":"2025-02-16T05:51:13.265+08:00","caller":"load/sheddingstat.go:61","content":"(api) shedding_stat [1m], cpu: 23, total: 0, pass: 0, drop: 0","level":"stat"}
{"@timestamp":"2025-02-16T05:52:12.242+08:00","caller":"stat/usage.go:61","content":"CPU: 17m, MEMORY: Alloc=9.0Mi, TotalAlloc=679.8Mi, Sys=26.6Mi, NumGC=129","level":"stat"}
{"@timestamp":"2025-02-16T05:52:13.264+08:00","caller":"load/sheddingstat.go:61","content":"(api) shedding_stat [1m], cpu: 17, total: 0, pass: 0, drop: 0","level":"stat"}
{"@timestamp":"2025-02-16T05:53:12.242+08:00","caller":"stat/usage.go:61","content":"CPU: 17m, MEMORY: Alloc=7.8Mi, TotalAlloc=685.0Mi, Sys=26.6Mi, NumGC=130","level":"stat"}
{"@timestamp":"2025-02-16T05:53:13.264+08:00","caller":"load/sheddingstat.go:61","content":"(api) shedding_stat [1m], cpu: 17, total: 0, pass: 0, drop: 0","level":"stat"}
{"@timestamp":"2025-02-16T05:54:12.242+08:00","caller":"stat/usage.go:61","content":"CPU: 19m, MEMORY: Alloc=7.0Mi, TotalAlloc=689.4Mi, Sys=26.6Mi, NumGC=131","level":"stat"}
{"@timestamp":"2025-02-16T05:54:13.264+08:00","caller":"load/sheddingstat.go:61","content":"(api) shedding_stat [1m], cpu: 19, total: 0, pass: 0, drop: 0","level":"stat"}
{"@timestamp":"2025-02-16T05:55:12.241+08:00","caller":"stat/usage.go:61","content":"CPU: 18m, MEMORY: Alloc=8.2Mi, TotalAlloc=694.6Mi, Sys=26.6Mi, NumGC=132","level":"stat"}
{"@timestamp":"2025-02-16T05:55:13.264+08:00","caller":"load/sheddingstat.go:61","content":"(api) shedding_stat [1m], cpu: 18, total: 0, pass: 0, drop: 0","level":"stat"}
{"@timestamp":"2025-02-16T05:56:12.242+08:00","caller":"stat/usage.go:61","content":"CPU: 18m, MEMORY: Alloc=8.7Mi, TotalAlloc=701.4Mi, Sys=26.6Mi, NumGC=133","level":"stat"}
{"@timestamp":"2025-02-16T05:56:13.264+08:00","caller":"load/sheddingstat.go:61","content":"(api) shedding_stat [1m], cpu: 19, total: 0, pass: 0, drop: 0","level":"stat"}
{"@timestamp":"2025-02-16T05:57:12.242+08:00","caller":"stat/usage.go:61","content":"CPU: 17m, MEMORY: Alloc=10.6Mi, TotalAlloc=707.3Mi, Sys=26.6Mi, NumGC=134","level":"stat"}
{"@timestamp":"2025-02-16T05:57:13.264+08:00","caller":"load/sheddingstat.go:61","content":"(api) shedding_stat [1m], cpu: 18, total: 0, pass: 0, drop: 0","level":"stat"}
{"@timestamp":"2025-02-16T05:58:12.242+08:00","caller":"stat/usage.go:61","content":"CPU: 16m, MEMORY: Alloc=7.3Mi, TotalAlloc=714.9Mi, Sys=26.6Mi, NumGC=136","level":"stat"}
{"@timestamp":"2025-02-16T05:58:13.265+08:00","caller":"load/sheddingstat.go:61","content":"(api) shedding_stat [1m], cpu: 19, total: 0, pass: 0, drop: 0","level":"stat"}
{"@timestamp":"2025-02-16T05:59:12.242+08:00","caller":"stat/usage.go:61","content":"CPU: 17m, MEMORY: Alloc=8.2Mi, TotalAlloc=721.7Mi, Sys=26.6Mi, NumGC=137","level":"stat"}
{"@timestamp":"2025-02-16T05:59:13.264+08:00","caller":"load/sheddingstat.go:61","content":"(api) shedding_stat [1m], cpu: 19, total: 0, pass: 0, drop: 0","level":"stat"}
{"@timestamp":"2025-02-16T06:00:12.242+08:00","caller":"stat/usage.go:61","content":"CPU: 17m, MEMORY: Alloc=7.5Mi, TotalAlloc=727.6Mi, Sys=26.6Mi, NumGC=138","level":"stat"}
{"@timestamp":"2025-02-16T06:00:13.264+08:00","caller":"load/sheddingstat.go:61","content":"(api) shedding_stat [1m], cpu: 17, total: 0, pass: 0, drop: 0","level":"stat"}
{"@timestamp":"2025-02-16T06:01:12.242+08:00","caller":"stat/usage.go:61","content":"CPU: 17m, MEMORY: Alloc=6.6Mi, TotalAlloc=733.6Mi, Sys=26.6Mi, NumGC=139","level":"stat"}
{"@timestamp":"2025-02-16T06:01:13.264+08:00","caller":"load/sheddingstat.go:61","content":"(api) shedding_stat [1m], cpu: 18, total: 0, pass: 0, drop: 0","level":"stat"}
{"@timestamp":"2025-02-16T06:02:12.242+08:00","caller":"stat/usage.go:61","content":"CPU: 17m, MEMORY: Alloc=10.9Mi, TotalAlloc=737.9Mi, Sys=26.6Mi, NumGC=139","level":"stat"}
{"@timestamp":"2025-02-16T06:02:13.265+08:00","caller":"load/sheddingstat.go:61","content":"(api) shedding_stat [1m], cpu: 17, total: 0, pass: 0, drop: 0","level":"stat"}
{"@timestamp":"2025-02-16T06:03:12.242+08:00","caller":"stat/usage.go:61","content":"CPU: 16m, MEMORY: Alloc=6.6Mi, TotalAlloc=744.8Mi, Sys=26.6Mi, NumGC=141","level":"stat"}
{"@timestamp":"2025-02-16T06:03:13.265+08:00","caller":"load/sheddingstat.go:61","content":"(api) shedding_stat [1m], cpu: 16, total: 0, pass: 0, drop: 0","level":"stat"}
{"@timestamp":"2025-02-16T06:04:12.242+08:00","caller":"stat/usage.go:61","content":"CPU: 22m, MEMORY: Alloc=9.4Mi, TotalAlloc=751.5Mi, Sys=26.6Mi, NumGC=142","level":"stat"}
{"@timestamp":"2025-02-16T06:04:13.264+08:00","caller":"load/sheddingstat.go:61","content":"(api) shedding_stat [1m], cpu: 21, total: 0, pass: 0, drop: 0","level":"stat"}
{"@timestamp":"2025-02-16T06:05:12.242+08:00","caller":"stat/usage.go:61","content":"CPU: 19m, MEMORY: Alloc=10.1Mi, TotalAlloc=758.3Mi, Sys=26.6Mi, NumGC=143","level":"stat"}
{"@timestamp":"2025-02-16T06:05:13.264+08:00","caller":"load/sheddingstat.go:61","content":"(api) shedding_stat [1m], cpu: 19, total: 0, pass: 0, drop: 0","level":"stat"}
{"@timestamp":"2025-02-16T06:06:12.242+08:00","caller":"stat/usage.go:61","content":"CPU: 18m, MEMORY: Alloc=7.8Mi, TotalAlloc=765.2Mi, Sys=26.6Mi, NumGC=145","level":"stat"}
{"@timestamp":"2025-02-16T06:06:13.264+08:00","caller":"load/sheddingstat.go:61","content":"(api) shedding_stat [1m], cpu: 18, total: 0, pass: 0, drop: 0","level":"stat"}
{"@timestamp":"2025-02-16T06:07:12.241+08:00","caller":"stat/usage.go:61","content":"CPU: 17m, MEMORY: Alloc=5.7Mi, TotalAlloc=771.1Mi, Sys=26.6Mi, NumGC=147","level":"stat"}
{"@timestamp":"2025-02-16T06:07:13.264+08:00","caller":"load/sheddingstat.go:61","content":"(api) shedding_stat [1m], cpu: 17, total: 0, pass: 0, drop: 0","level":"stat"}
{"@timestamp":"2025-02-16T06:08:12.241+08:00","caller":"stat/usage.go:61","content":"CPU: 16m, MEMORY: Alloc=8.8Mi, TotalAlloc=777.1Mi, Sys=26.6Mi, NumGC=148","level":"stat"}
{"@timestamp":"2025-02-16T06:08:13.264+08:00","caller":"load/sheddingstat.go:61","content":"(api) shedding_stat [1m], cpu: 16, total: 0, pass: 0, drop: 0","level":"stat"}
{"@timestamp":"2025-02-16T06:09:12.242+08:00","caller":"stat/usage.go:61","content":"CPU: 17m, MEMORY: Alloc=9.5Mi, TotalAlloc=783.0Mi, Sys=26.6Mi, NumGC=149","level":"stat"}
{"@timestamp":"2025-02-16T06:09:13.264+08:00","caller":"load/sheddingstat.go:61","content":"(api) shedding_stat [1m], cpu: 18, total: 0, pass: 0, drop: 0","level":"stat"}
{"@timestamp":"2025-02-16T06:10:12.242+08:00","caller":"stat/usage.go:61","content":"CPU: 16m, MEMORY: Alloc=6.7Mi, TotalAlloc=789.8Mi, Sys=26.6Mi, NumGC=151","level":"stat"}
{"@timestamp":"2025-02-16T06:10:13.264+08:00","caller":"load/sheddingstat.go:61","content":"(api) shedding_stat [1m], cpu: 16, total: 0, pass: 0, drop: 0","level":"stat"}
{"@timestamp":"2025-02-16T06:11:12.242+08:00","caller":"stat/usage.go:61","content":"CPU: 17m, MEMORY: Alloc=6.5Mi, TotalAlloc=795.0Mi, Sys=26.6Mi, NumGC=152","level":"stat"}
{"@timestamp":"2025-02-16T06:11:13.264+08:00","caller":"load/sheddingstat.go:61","content":"(api) shedding_stat [1m], cpu: 17, total: 0, pass: 0, drop: 0","level":"stat"}
{"@timestamp":"2025-02-16T06:12:12.243+08:00","caller":"stat/usage.go:61","content":"CPU: 16m, MEMORY: Alloc=7.7Mi, TotalAlloc=800.1Mi, Sys=26.6Mi, NumGC=153","level":"stat"}
{"@timestamp":"2025-02-16T06:12:13.265+08:00","caller":"load/sheddingstat.go:61","content":"(api) shedding_stat [1m], cpu: 16, total: 0, pass: 0, drop: 0","level":"stat"}
{"@timestamp":"2025-02-16T06:13:12.242+08:00","caller":"stat/usage.go:61","content":"CPU: 16m, MEMORY: Alloc=12.1Mi, TotalAlloc=804.5Mi, Sys=26.6Mi, NumGC=153","level":"stat"}
{"@timestamp":"2025-02-16T06:13:13.265+08:00","caller":"load/sheddingstat.go:61","content":"(api) shedding_stat [1m], cpu: 17, total: 0, pass: 0, drop: 0","level":"stat"}
{"@timestamp":"2025-02-16T06:14:12.242+08:00","caller":"stat/usage.go:61","content":"CPU: 17m, MEMORY: Alloc=10.6Mi, TotalAlloc=808.9Mi, Sys=26.6Mi, NumGC=154","level":"stat"}
{"@timestamp":"2025-02-16T06:14:13.264+08:00","caller":"load/sheddingstat.go:61","content":"(api) shedding_stat [1m], cpu: 17, total: 0, pass: 0, drop: 0","level":"stat"}
{"@timestamp":"2025-02-16T06:15:12.242+08:00","caller":"stat/usage.go:61","content":"CPU: 16m, MEMORY: Alloc=9.9Mi, TotalAlloc=814.9Mi, Sys=26.6Mi, NumGC=155","level":"stat"}
{"@timestamp":"2025-02-16T06:15:13.264+08:00","caller":"load/sheddingstat.go:61","content":"(api) shedding_stat [1m], cpu: 16, total: 0, pass: 0, drop: 0","level":"stat"}
{"@timestamp":"2025-02-16T06:16:12.242+08:00","caller":"stat/usage.go:61","content":"CPU: 18m, MEMORY: Alloc=9.1Mi, TotalAlloc=820.0Mi, Sys=26.6Mi, NumGC=156","level":"stat"}
{"@timestamp":"2025-02-16T06:16:13.264+08:00","caller":"load/sheddingstat.go:61","content":"(api) shedding_stat [1m], cpu: 18, total: 0, pass: 0, drop: 0","level":"stat"}
{"@timestamp":"2025-02-16T06:17:12.242+08:00","caller":"stat/usage.go:61","content":"CPU: 22m, MEMORY: Alloc=7.5Mi, TotalAlloc=826.9Mi, Sys=26.6Mi, NumGC=158","level":"stat"}
{"@timestamp":"2025-02-16T06:17:13.264+08:00","caller":"load/sheddingstat.go:61","content":"(api) shedding_stat [1m], cpu: 22, total: 0, pass: 0, drop: 0","level":"stat"}
{"@timestamp":"2025-02-16T06:18:12.242+08:00","caller":"stat/usage.go:61","content":"CPU: 19m, MEMORY: Alloc=8.6Mi, TotalAlloc=833.7Mi, Sys=26.6Mi, NumGC=159","level":"stat"}
{"@timestamp":"2025-02-16T06:18:13.264+08:00","caller":"load/sheddingstat.go:61","content":"(api) shedding_stat [1m], cpu: 19, total: 0, pass: 0, drop: 0","level":"stat"}
{"@timestamp":"2025-02-16T06:19:12.242+08:00","caller":"stat/usage.go:61","content":"CPU: 19m, MEMORY: Alloc=7.0Mi, TotalAlloc=840.5Mi, Sys=26.6Mi, NumGC=161","level":"stat"}
{"@timestamp":"2025-02-16T06:19:13.264+08:00","caller":"load/sheddingstat.go:61","content":"(api) shedding_stat [1m], cpu: 19, total: 0, pass: 0, drop: 0","level":"stat"}
{"@timestamp":"2025-02-16T06:20:12.242+08:00","caller":"stat/usage.go:61","content":"CPU: 17m, MEMORY: Alloc=10.3Mi, TotalAlloc=848.1Mi, Sys=26.6Mi, NumGC=162","level":"stat"}
{"@timestamp":"2025-02-16T06:20:13.265+08:00","caller":"load/sheddingstat.go:61","content":"(api) shedding_stat [1m], cpu: 17, total: 0, pass: 0, drop: 0","level":"stat"}
{"@timestamp":"2025-02-16T06:21:12.242+08:00","caller":"stat/usage.go:61","content":"CPU: 18m, MEMORY: Alloc=10.7Mi, TotalAlloc=854.0Mi, Sys=26.6Mi, NumGC=163","level":"stat"}
{"@timestamp":"2025-02-16T06:21:13.265+08:00","caller":"load/sheddingstat.go:61","content":"(api) shedding_stat [1m], cpu: 18, total: 0, pass: 0, drop: 0","level":"stat"}
{"@timestamp":"2025-02-16T06:22:12.243+08:00","caller":"stat/usage.go:61","content":"CPU: 16m, MEMORY: Alloc=5.9Mi, TotalAlloc=858.4Mi, Sys=26.6Mi, NumGC=165","level":"stat"}
{"@timestamp":"2025-02-16T06:22:13.264+08:00","caller":"load/sheddingstat.go:61","content":"(api) shedding_stat [1m], cpu: 16, total: 0, pass: 0, drop: 0","level":"stat"}
{"@timestamp":"2025-02-16T06:23:12.242+08:00","caller":"stat/usage.go:61","content":"CPU: 16m, MEMORY: Alloc=8.1Mi, TotalAlloc=864.3Mi, Sys=26.6Mi, NumGC=166","level":"stat"}
{"@timestamp":"2025-02-16T06:23:13.264+08:00","caller":"load/sheddingstat.go:61","content":"(api) shedding_stat [1m], cpu: 17, total: 0, pass: 0, drop: 0","level":"stat"}
{"@timestamp":"2025-02-16T06:24:12.242+08:00","caller":"stat/usage.go:61","content":"CPU: 16m, MEMORY: Alloc=7.6Mi, TotalAlloc=871.1Mi, Sys=26.6Mi, NumGC=168","level":"stat"}
{"@timestamp":"2025-02-16T06:24:13.264+08:00","caller":"load/sheddingstat.go:61","content":"(api) shedding_stat [1m], cpu: 16, total: 0, pass: 0, drop: 0","level":"stat"}
{"@timestamp":"2025-02-16T06:25:12.242+08:00","caller":"stat/usage.go:61","content":"CPU: 17m, MEMORY: Alloc=6.5Mi, TotalAlloc=877.9Mi, Sys=26.6Mi, NumGC=170","level":"stat"}
{"@timestamp":"2025-02-16T06:25:13.264+08:00","caller":"load/sheddingstat.go:61","content":"(api) shedding_stat [1m], cpu: 17, total: 0, pass: 0, drop: 0","level":"stat"}
{"@timestamp":"2025-02-16T06:26:12.242+08:00","caller":"stat/usage.go:61","content":"CPU: 17m, MEMORY: Alloc=8.0Mi, TotalAlloc=883.9Mi, Sys=26.6Mi, NumGC=171","level":"stat"}
{"@timestamp":"2025-02-16T06:26:13.264+08:00","caller":"load/sheddingstat.go:61","content":"(api) shedding_stat [1m], cpu: 16, total: 0, pass: 0, drop: 0","level":"stat"}
{"@timestamp":"2025-02-16T06:27:12.242+08:00","caller":"stat/usage.go:61","content":"CPU: 18m, MEMORY: Alloc=9.4Mi, TotalAlloc=890.6Mi, Sys=26.6Mi, NumGC=172","level":"stat"}
{"@timestamp":"2025-02-16T06:27:13.264+08:00","caller":"load/sheddingstat.go:61","content":"(api) shedding_stat [1m], cpu: 18, total: 0, pass: 0, drop: 0","level":"stat"}
{"@timestamp":"2025-02-16T06:28:12.242+08:00","caller":"stat/usage.go:61","content":"CPU: 18m, MEMORY: Alloc=8.9Mi, TotalAlloc=895.8Mi, Sys=26.6Mi, NumGC=173","level":"stat"}
{"@timestamp":"2025-02-16T06:28:13.264+08:00","caller":"load/sheddingstat.go:61","content":"(api) shedding_stat [1m], cpu: 18, total: 0, pass: 0, drop: 0","level":"stat"}
{"@timestamp":"2025-02-16T06:29:12.242+08:00","caller":"stat/usage.go:61","content":"CPU: 17m, MEMORY: Alloc=9.2Mi, TotalAlloc=901.8Mi, Sys=26.6Mi, NumGC=174","level":"stat"}
{"@timestamp":"2025-02-16T06:29:13.264+08:00","caller":"load/sheddingstat.go:61","content":"(api) shedding_stat [1m], cpu: 17, total: 0, pass: 0, drop: 0","level":"stat"}
{"@timestamp":"2025-02-16T06:30:12.242+08:00","caller":"stat/usage.go:61","content":"CPU: 23m, MEMORY: Alloc=9.4Mi, TotalAlloc=908.5Mi, Sys=26.6Mi, NumGC=175","level":"stat"}
{"@timestamp":"2025-02-16T06:30:13.265+08:00","caller":"load/sheddingstat.go:61","content":"(api) shedding_stat [1m], cpu: 22, total: 0, pass: 0, drop: 0","level":"stat"}
{"@timestamp":"2025-02-16T06:31:12.241+08:00","caller":"stat/usage.go:61","content":"CPU: 19m, MEMORY: Alloc=9.8Mi, TotalAlloc=913.7Mi, Sys=26.6Mi, NumGC=176","level":"stat"}
{"@timestamp":"2025-02-16T06:31:13.264+08:00","caller":"load/sheddingstat.go:61","content":"(api) shedding_stat [1m], cpu: 19, total: 0, pass: 0, drop: 0","level":"stat"}
{"@timestamp":"2025-02-16T06:32:12.241+08:00","caller":"stat/usage.go:61","content":"CPU: 15m, MEMORY: Alloc=9.4Mi, TotalAlloc=918.9Mi, Sys=26.6Mi, NumGC=177","level":"stat"}
{"@timestamp":"2025-02-16T06:32:13.264+08:00","caller":"load/sheddingstat.go:61","content":"(api) shedding_stat [1m], cpu: 16, total: 0, pass: 0, drop: 0","level":"stat"}
{"@timestamp":"2025-02-16T06:33:12.241+08:00","caller":"stat/usage.go:61","content":"CPU: 15m, MEMORY: Alloc=8.7Mi, TotalAlloc=924.9Mi, Sys=26.6Mi, NumGC=178","level":"stat"}
{"@timestamp":"2025-02-16T06:33:13.264+08:00","caller":"load/sheddingstat.go:61","content":"(api) shedding_stat [1m], cpu: 18, total: 0, pass: 0, drop: 0","level":"stat"}
{"@timestamp":"2025-02-16T06:34:12.242+08:00","caller":"stat/usage.go:61","content":"CPU: 16m, MEMORY: Alloc=10.5Mi, TotalAlloc=930.9Mi, Sys=26.6Mi, NumGC=179","level":"stat"}
{"@timestamp":"2025-02-16T06:34:13.264+08:00","caller":"load/sheddingstat.go:61","content":"(api) shedding_stat [1m], cpu: 18, total: 0, pass: 0, drop: 0","level":"stat"}
{"@timestamp":"2025-02-16T06:35:12.242+08:00","caller":"stat/usage.go:61","content":"CPU: 19m, MEMORY: Alloc=11.3Mi, TotalAlloc=937.7Mi, Sys=26.6Mi, NumGC=180","level":"stat"}
{"@timestamp":"2025-02-16T06:35:13.265+08:00","caller":"load/sheddingstat.go:61","content":"(api) shedding_stat [1m], cpu: 19, total: 0, pass: 0, drop: 0","level":"stat"}
{"@timestamp":"2025-02-16T06:36:12.242+08:00","caller":"stat/usage.go:61","content":"CPU: 17m, MEMORY: Alloc=9.8Mi, TotalAlloc=942.8Mi, Sys=26.6Mi, NumGC=181","level":"stat"}
{"@timestamp":"2025-02-16T06:36:13.264+08:00","caller":"load/sheddingstat.go:61","content":"(api) shedding_stat [1m], cpu: 17, total: 0, pass: 0, drop: 0","level":"stat"}
{"@timestamp":"2025-02-16T06:37:12.242+08:00","caller":"stat/usage.go:61","content":"CPU: 16m, MEMORY: Alloc=9.5Mi, TotalAlloc=949.5Mi, Sys=26.6Mi, NumGC=182","level":"stat"}
{"@timestamp":"2025-02-16T06:37:13.264+08:00","caller":"load/sheddingstat.go:61","content":"(api) shedding_stat [1m], cpu: 17, total: 0, pass: 0, drop: 0","level":"stat"}
{"@timestamp":"2025-02-16T06:38:12.242+08:00","caller":"stat/usage.go:61","content":"CPU: 15m, MEMORY: Alloc=10.5Mi, TotalAlloc=954.7Mi, Sys=26.6Mi, NumGC=183","level":"stat"}
{"@timestamp":"2025-02-16T06:38:13.264+08:00","caller":"load/sheddingstat.go:61","content":"(api) shedding_stat [1m], cpu: 15, total: 0, pass: 0, drop: 0","level":"stat"}
{"@timestamp":"2025-02-16T06:39:12.242+08:00","caller":"stat/usage.go:61","content":"CPU: 16m, MEMORY: Alloc=9.7Mi, TotalAlloc=959.9Mi, Sys=26.6Mi, NumGC=184","level":"stat"}
{"@timestamp":"2025-02-16T06:39:13.264+08:00","caller":"load/sheddingstat.go:61","content":"(api) shedding_stat [1m], cpu: 16, total: 0, pass: 0, drop: 0","level":"stat"}
{"@timestamp":"2025-02-16T06:40:12.242+08:00","caller":"stat/usage.go:61","content":"CPU: 15m, MEMORY: Alloc=7.5Mi, TotalAlloc=964.2Mi, Sys=26.6Mi, NumGC=185","level":"stat"}
{"@timestamp":"2025-02-16T06:40:13.264+08:00","caller":"load/sheddingstat.go:61","content":"(api) shedding_stat [1m], cpu: 15, total: 0, pass: 0, drop: 0","level":"stat"}
{"@timestamp":"2025-02-16T06:41:12.242+08:00","caller":"stat/usage.go:61","content":"CPU: 14m, MEMORY: Alloc=8.4Mi, TotalAlloc=969.3Mi, Sys=26.6Mi, NumGC=186","level":"stat"}
{"@timestamp":"2025-02-16T06:41:13.265+08:00","caller":"load/sheddingstat.go:61","content":"(api) shedding_stat [1m], cpu: 14, total: 0, pass: 0, drop: 0","level":"stat"}
{"@timestamp":"2025-02-16T06:42:12.242+08:00","caller":"stat/usage.go:61","content":"CPU: 17m, MEMORY: Alloc=9.4Mi, TotalAlloc=975.3Mi, Sys=26.6Mi, NumGC=187","level":"stat"}
{"@timestamp":"2025-02-16T06:42:13.265+08:00","caller":"load/sheddingstat.go:61","content":"(api) shedding_stat [1m], cpu: 17, total: 0, pass: 0, drop: 0","level":"stat"}
{"@timestamp":"2025-02-16T06:43:12.242+08:00","caller":"stat/usage.go:61","content":"CPU: 22m, MEMORY: Alloc=8.5Mi, TotalAlloc=981.3Mi, Sys=26.6Mi, NumGC=188","level":"stat"}
{"@timestamp":"2025-02-16T06:43:13.264+08:00","caller":"load/sheddingstat.go:61","content":"(api) shedding_stat [1m], cpu: 21, total: 0, pass: 0, drop: 0","level":"stat"}
{"@timestamp":"2025-02-16T06:44:12.242+08:00","caller":"stat/usage.go:61","content":"CPU: 16m, MEMORY: Alloc=7.3Mi, TotalAlloc=987.3Mi, Sys=26.6Mi, NumGC=189","level":"stat"}
{"@timestamp":"2025-02-16T06:44:13.264+08:00","caller":"load/sheddingstat.go:61","content":"(api) shedding_stat [1m], cpu: 16, total: 0, pass: 0, drop: 0","level":"stat"}
{"@timestamp":"2025-02-16T06:45:12.242+08:00","caller":"stat/usage.go:61","content":"CPU: 17m, MEMORY: Alloc=11.6Mi, TotalAlloc=991.6Mi, Sys=26.6Mi, NumGC=189","level":"stat"}
{"@timestamp":"2025-02-16T06:45:13.264+08:00","caller":"load/sheddingstat.go:61","content":"(api) shedding_stat [1m], cpu: 17, total: 0, pass: 0, drop: 0","level":"stat"}
{"@timestamp":"2025-02-16T06:46:12.242+08:00","caller":"stat/usage.go:61","content":"CPU: 16m, MEMORY: Alloc=6.3Mi, TotalAlloc=998.4Mi, Sys=26.6Mi, NumGC=191","level":"stat"}
{"@timestamp":"2025-02-16T06:46:13.264+08:00","caller":"load/sheddingstat.go:61","content":"(api) shedding_stat [1m], cpu: 16, total: 0, pass: 0, drop: 0","level":"stat"}
{"@timestamp":"2025-02-16T06:47:12.242+08:00","caller":"stat/usage.go:61","content":"CPU: 16m, MEMORY: Alloc=10.6Mi, TotalAlloc=1002.7Mi, Sys=26.6Mi, NumGC=191","level":"stat"}
{"@timestamp":"2025-02-16T06:47:13.264+08:00","caller":"load/sheddingstat.go:61","content":"(api) shedding_stat [1m], cpu: 16, total: 0, pass: 0, drop: 0","level":"stat"}
{"@timestamp":"2025-02-16T06:48:12.242+08:00","caller":"stat/usage.go:61","content":"CPU: 18m, MEMORY: Alloc=9.0Mi, TotalAlloc=1007.1Mi, Sys=26.6Mi, NumGC=192","level":"stat"}
{"@timestamp":"2025-02-16T06:48:13.264+08:00","caller":"load/sheddingstat.go:61","content":"(api) shedding_stat [1m], cpu: 18, total: 0, pass: 0, drop: 0","level":"stat"}
{"@timestamp":"2025-02-16T06:49:12.242+08:00","caller":"stat/usage.go:61","content":"CPU: 17m, MEMORY: Alloc=8.4Mi, TotalAlloc=1012.2Mi, Sys=26.6Mi, NumGC=193","level":"stat"}
{"@timestamp":"2025-02-16T06:49:13.264+08:00","caller":"load/sheddingstat.go:61","content":"(api) shedding_stat [1m], cpu: 17, total: 0, pass: 0, drop: 0","level":"stat"}
{"@timestamp":"2025-02-16T06:50:12.242+08:00","caller":"stat/usage.go:61","content":"CPU: 17m, MEMORY: Alloc=10.3Mi, TotalAlloc=1019.0Mi, Sys=26.6Mi, NumGC=194","level":"stat"}
{"@timestamp":"2025-02-16T06:50:13.264+08:00","caller":"load/sheddingstat.go:61","content":"(api) shedding_stat [1m], cpu: 17, total: 0, pass: 0, drop: 0","level":"stat"}
{"@timestamp":"2025-02-16T06:51:12.241+08:00","caller":"stat/usage.go:61","content":"CPU: 17m, MEMORY: Alloc=8.4Mi, TotalAlloc=1024.9Mi, Sys=26.6Mi, NumGC=195","level":"stat"}
{"@timestamp":"2025-02-16T06:51:13.265+08:00","caller":"load/sheddingstat.go:61","content":"(api) shedding_stat [1m], cpu: 17, total: 0, pass: 0, drop: 0","level":"stat"}
{"@timestamp":"2025-02-16T06:52:12.242+08:00","caller":"stat/usage.go:61","content":"CPU: 17m, MEMORY: Alloc=8.0Mi, TotalAlloc=1030.0Mi, Sys=26.6Mi, NumGC=196","level":"stat"}
{"@timestamp":"2025-02-16T06:52:13.264+08:00","caller":"load/sheddingstat.go:61","content":"(api) shedding_stat [1m], cpu: 17, total: 0, pass: 0, drop: 0","level":"stat"}
{"@timestamp":"2025-02-16T06:53:12.241+08:00","caller":"stat/usage.go:61","content":"CPU: 17m, MEMORY: Alloc=6.7Mi, TotalAlloc=1034.4Mi, Sys=26.6Mi, NumGC=197","level":"stat"}
{"@timestamp":"2025-02-16T06:53:13.264+08:00","caller":"load/sheddingstat.go:61","content":"(api) shedding_stat [1m], cpu: 18, total: 0, pass: 0, drop: 0","level":"stat"}
{"@timestamp":"2025-02-16T06:54:12.242+08:00","caller":"stat/usage.go:61","content":"CPU: 18m, MEMORY: Alloc=11.8Mi, TotalAlloc=1039.5Mi, Sys=26.6Mi, NumGC=197","level":"stat"}
{"@timestamp":"2025-02-16T06:54:13.265+08:00","caller":"load/sheddingstat.go:61","content":"(api) shedding_stat [1m], cpu: 18, total: 0, pass: 0, drop: 0","level":"stat"}
{"@timestamp":"2025-02-16T06:55:12.242+08:00","caller":"stat/usage.go:61","content":"CPU: 18m, MEMORY: Alloc=6.6Mi, TotalAlloc=1046.2Mi, Sys=26.6Mi, NumGC=199","level":"stat"}
{"@timestamp":"2025-02-16T06:55:13.264+08:00","caller":"load/sheddingstat.go:61","content":"(api) shedding_stat [1m], cpu: 18, total: 0, pass: 0, drop: 0","level":"stat"}
{"@timestamp":"2025-02-16T06:56:12.242+08:00","caller":"stat/usage.go:61","content":"CPU: 35m, MEMORY: Alloc=7.8Mi, TotalAlloc=1052.2Mi, Sys=26.6Mi, NumGC=200","level":"stat"}
{"@timestamp":"2025-02-16T06:56:13.264+08:00","caller":"load/sheddingstat.go:61","content":"(api) shedding_stat [1m], cpu: 32, total: 0, pass: 0, drop: 0","level":"stat"}
{"@timestamp":"2025-02-16T06:57:12.241+08:00","caller":"stat/usage.go:61","content":"CPU: 19m, MEMORY: Alloc=9.7Mi, TotalAlloc=1059.0Mi, Sys=26.6Mi, NumGC=201","level":"stat"}
{"@timestamp":"2025-02-16T06:57:13.264+08:00","caller":"load/sheddingstat.go:61","content":"(api) shedding_stat [1m], cpu: 21, total: 0, pass: 0, drop: 0","level":"stat"}
{"@timestamp":"2025-02-16T06:58:12.243+08:00","caller":"stat/usage.go:61","content":"CPU: 22m, MEMORY: Alloc=6.6Mi, TotalAlloc=1065.0Mi, Sys=26.6Mi, NumGC=203","level":"stat"}
{"@timestamp":"2025-02-16T06:58:13.264+08:00","caller":"load/sheddingstat.go:61","content":"(api) shedding_stat [1m], cpu: 22, total: 0, pass: 0, drop: 0","level":"stat"}
{"@timestamp":"2025-02-16T06:59:12.242+08:00","caller":"stat/usage.go:61","content":"CPU: 19m, MEMORY: Alloc=10.9Mi, TotalAlloc=1069.3Mi, Sys=26.6Mi, NumGC=203","level":"stat"}
{"@timestamp":"2025-02-16T06:59:13.264+08:00","caller":"load/sheddingstat.go:61","content":"(api) shedding_stat [1m], cpu: 19, total: 0, pass: 0, drop: 0","level":"stat"}
{"@timestamp":"2025-02-16T07:00:12.242+08:00","caller":"stat/usage.go:61","content":"CPU: 17m, MEMORY: Alloc=9.6Mi, TotalAlloc=1073.6Mi, Sys=26.6Mi, NumGC=204","level":"stat"}
{"@timestamp":"2025-02-16T07:00:13.265+08:00","caller":"load/sheddingstat.go:61","content":"(api) shedding_stat [1m], cpu: 18, total: 0, pass: 0, drop: 0","level":"stat"}
{"@timestamp":"2025-02-16T07:01:12.241+08:00","caller":"stat/usage.go:61","content":"CPU: 21m, MEMORY: Alloc=8.7Mi, TotalAlloc=1078.8Mi, Sys=26.6Mi, NumGC=205","level":"stat"}
{"@timestamp":"2025-02-16T07:01:13.264+08:00","caller":"load/sheddingstat.go:61","content":"(api) shedding_stat [1m], cpu: 21, total: 0, pass: 0, drop: 0","level":"stat"}
{"@timestamp":"2025-02-16T07:02:12.242+08:00","caller":"stat/usage.go:61","content":"CPU: 17m, MEMORY: Alloc=7.5Mi, TotalAlloc=1086.3Mi, Sys=26.6Mi, NumGC=207","level":"stat"}
{"@timestamp":"2025-02-16T07:02:13.264+08:00","caller":"load/sheddingstat.go:61","content":"(api) shedding_stat [1m], cpu: 17, total: 0, pass: 0, drop: 0","level":"stat"}
{"@timestamp":"2025-02-16T07:03:12.242+08:00","caller":"stat/usage.go:61","content":"CPU: 24m, MEMORY: Alloc=8.7Mi, TotalAlloc=1093.1Mi, Sys=26.6Mi, NumGC=208","level":"stat"}
{"@timestamp":"2025-02-16T07:03:13.264+08:00","caller":"load/sheddingstat.go:61","content":"(api) shedding_stat [1m], cpu: 21, total: 0, pass: 0, drop: 0","level":"stat"}
{"@timestamp":"2025-02-16T07:04:12.242+08:00","caller":"stat/usage.go:61","content":"CPU: 41m, MEMORY: Alloc=9.5Mi, TotalAlloc=1099.9Mi, Sys=26.6Mi, NumGC=209","level":"stat"}
{"@timestamp":"2025-02-16T07:04:13.264+08:00","caller":"load/sheddingstat.go:61","content":"(api) shedding_stat [1m], cpu: 37, total: 0, pass: 0, drop: 0","level":"stat"}
{"@timestamp":"2025-02-16T07:05:12.241+08:00","caller":"stat/usage.go:61","content":"CPU: 19m, MEMORY: Alloc=10.7Mi, TotalAlloc=1105.9Mi, Sys=26.6Mi, NumGC=210","level":"stat"}
{"@timestamp":"2025-02-16T07:05:13.265+08:00","caller":"load/sheddingstat.go:61","content":"(api) shedding_stat [1m], cpu: 18, total: 0, pass: 0, drop: 0","level":"stat"}
{"@timestamp":"2025-02-16T07:06:12.242+08:00","caller":"stat/usage.go:61","content":"CPU: 23m, MEMORY: Alloc=6.7Mi, TotalAlloc=1111.9Mi, Sys=26.6Mi, NumGC=212","level":"stat"}
{"@timestamp":"2025-02-16T07:06:13.264+08:00","caller":"load/sheddingstat.go:61","content":"(api) shedding_stat [1m], cpu: 23, total: 0, pass: 0, drop: 0","level":"stat"}
{"@timestamp":"2025-02-16T07:07:12.242+08:00","caller":"stat/usage.go:61","content":"CPU: 17m, MEMORY: Alloc=7.7Mi, TotalAlloc=1117.1Mi, Sys=26.6Mi, NumGC=213","level":"stat"}
{"@timestamp":"2025-02-16T07:07:13.264+08:00","caller":"load/sheddingstat.go:61","content":"(api) shedding_stat [1m], cpu: 19, total: 0, pass: 0, drop: 0","level":"stat"}
{"@timestamp":"2025-02-16T07:08:12.242+08:00","caller":"stat/usage.go:61","content":"CPU: 13m, MEMORY: Alloc=8.8Mi, TotalAlloc=1122.2Mi, Sys=26.6Mi, NumGC=214","level":"stat"}
{"@timestamp":"2025-02-16T07:08:13.265+08:00","caller":"load/sheddingstat.go:61","content":"(api) shedding_stat [1m], cpu: 15, total: 0, pass: 0, drop: 0","level":"stat"}
{"@timestamp":"2025-02-16T07:09:12.242+08:00","caller":"stat/usage.go:61","content":"CPU: 16m, MEMORY: Alloc=7.5Mi, TotalAlloc=1129.0Mi, Sys=26.6Mi, NumGC=216","level":"stat"}
{"@timestamp":"2025-02-16T07:09:13.264+08:00","caller":"load/sheddingstat.go:61","content":"(api) shedding_stat [1m], cpu: 18, total: 0, pass: 0, drop: 0","level":"stat"}
{"@timestamp":"2025-02-16T07:10:12.242+08:00","caller":"stat/usage.go:61","content":"CPU: 15m, MEMORY: Alloc=9.1Mi, TotalAlloc=1135.8Mi, Sys=26.6Mi, NumGC=217","level":"stat"}
{"@timestamp":"2025-02-16T07:10:13.264+08:00","caller":"load/sheddingstat.go:61","content":"(api) shedding_stat [1m], cpu: 17, total: 0, pass: 0, drop: 0","level":"stat"}
{"@timestamp":"2025-02-16T07:11:12.242+08:00","caller":"stat/usage.go:61","content":"CPU: 16m, MEMORY: Alloc=7.0Mi, TotalAlloc=1141.9Mi, Sys=26.6Mi, NumGC=219","level":"stat"}
{"@timestamp":"2025-02-16T07:11:13.265+08:00","caller":"load/sheddingstat.go:61","content":"(api) shedding_stat [1m], cpu: 16, total: 0, pass: 0, drop: 0","level":"stat"}
{"@timestamp":"2025-02-16T07:12:12.242+08:00","caller":"stat/usage.go:61","content":"CPU: 14m, MEMORY: Alloc=6.5Mi, TotalAlloc=1148.6Mi, Sys=26.6Mi, NumGC=221","level":"stat"}
{"@timestamp":"2025-02-16T07:12:13.265+08:00","caller":"load/sheddingstat.go:61","content":"(api) shedding_stat [1m], cpu: 14, total: 0, pass: 0, drop: 0","level":"stat"}
{"@timestamp":"2025-02-16T07:13:12.242+08:00","caller":"stat/usage.go:61","content":"CPU: 15m, MEMORY: Alloc=9.2Mi, TotalAlloc=1155.4Mi, Sys=26.6Mi, NumGC=222","level":"stat"}
{"@timestamp":"2025-02-16T07:13:13.264+08:00","caller":"load/sheddingstat.go:61","content":"(api) shedding_stat [1m], cpu: 15, total: 0, pass: 0, drop: 0","level":"stat"}
{"@timestamp":"2025-02-16T07:14:12.241+08:00","caller":"stat/usage.go:61","content":"CPU: 15m, MEMORY: Alloc=6.5Mi, TotalAlloc=1161.4Mi, Sys=26.6Mi, NumGC=224","level":"stat"}
{"@timestamp":"2025-02-16T07:14:13.264+08:00","caller":"load/sheddingstat.go:61","content":"(api) shedding_stat [1m], cpu: 15, total: 0, pass: 0, drop: 0","level":"stat"}
{"@timestamp":"2025-02-16T07:15:12.242+08:00","caller":"stat/usage.go:61","content":"CPU: 15m, MEMORY: Alloc=7.3Mi, TotalAlloc=1166.5Mi, Sys=26.6Mi, NumGC=225","level":"stat"}
{"@timestamp":"2025-02-16T07:15:13.264+08:00","caller":"load/sheddingstat.go:61","content":"(api) shedding_stat [1m], cpu: 15, total: 0, pass: 0, drop: 0","level":"stat"}
{"@timestamp":"2025-02-16T07:16:12.242+08:00","caller":"stat/usage.go:61","content":"CPU: 17m, MEMORY: Alloc=8.2Mi, TotalAlloc=1173.3Mi, Sys=26.6Mi, NumGC=227","level":"stat"}
{"@timestamp":"2025-02-16T07:16:13.264+08:00","caller":"load/sheddingstat.go:61","content":"(api) shedding_stat [1m], cpu: 17, total: 0, pass: 0, drop: 0","level":"stat"}
{"@timestamp":"2025-02-16T07:17:12.242+08:00","caller":"stat/usage.go:61","content":"CPU: 15m, MEMORY: Alloc=8.6Mi, TotalAlloc=1178.5Mi, Sys=26.6Mi, NumGC=228","level":"stat"}
{"@timestamp":"2025-02-16T07:17:13.264+08:00","caller":"load/sheddingstat.go:61","content":"(api) shedding_stat [1m], cpu: 15, total: 0, pass: 0, drop: 0","level":"stat"}
{"@timestamp":"2025-02-16T07:18:12.242+08:00","caller":"stat/usage.go:61","content":"CPU: 16m, MEMORY: Alloc=5.6Mi, TotalAlloc=1185.3Mi, Sys=26.6Mi, NumGC=230","level":"stat"}
{"@timestamp":"2025-02-16T07:18:13.264+08:00","caller":"load/sheddingstat.go:61","content":"(api) shedding_stat [1m], cpu: 17, total: 0, pass: 0, drop: 0","level":"stat"}
{"@timestamp":"2025-02-16T07:19:12.242+08:00","caller":"stat/usage.go:61","content":"CPU: 20m, MEMORY: Alloc=6.7Mi, TotalAlloc=1191.2Mi, Sys=26.6Mi, NumGC=231","level":"stat"}
{"@timestamp":"2025-02-16T07:19:13.264+08:00","caller":"load/sheddingstat.go:61","content":"(api) shedding_stat [1m], cpu: 22, total: 0, pass: 0, drop: 0","level":"stat"}
{"@timestamp":"2025-02-16T07:20:12.242+08:00","caller":"stat/usage.go:61","content":"CPU: 16m, MEMORY: Alloc=8.6Mi, TotalAlloc=1198.1Mi, Sys=26.6Mi, NumGC=232","level":"stat"}
{"@timestamp":"2025-02-16T07:20:13.264+08:00","caller":"load/sheddingstat.go:61","content":"(api) shedding_stat [1m], cpu: 17, total: 0, pass: 0, drop: 0","level":"stat"}
{"@timestamp":"2025-02-16T07:21:12.241+08:00","caller":"stat/usage.go:61","content":"CPU: 17m, MEMORY: Alloc=10.3Mi, TotalAlloc=1204.8Mi, Sys=26.6Mi, NumGC=233","level":"stat"}
{"@timestamp":"2025-02-16T07:21:13.264+08:00","caller":"load/sheddingstat.go:61","content":"(api) shedding_stat [1m], cpu: 17, total: 0, pass: 0, drop: 0","level":"stat"}
{"@timestamp":"2025-02-16T07:22:12.242+08:00","caller":"stat/usage.go:61","content":"CPU: 16m, MEMORY: Alloc=5.7Mi, TotalAlloc=1210.8Mi, Sys=26.6Mi, NumGC=235","level":"stat"}
{"@timestamp":"2025-02-16T07:22:13.264+08:00","caller":"load/sheddingstat.go:61","content":"(api) shedding_stat [1m], cpu: 16, total: 0, pass: 0, drop: 0","level":"stat"}
{"@timestamp":"2025-02-16T07:23:12.242+08:00","caller":"stat/usage.go:61","content":"CPU: 14m, MEMORY: Alloc=6.9Mi, TotalAlloc=1215.9Mi, Sys=26.6Mi, NumGC=236","level":"stat"}
{"@timestamp":"2025-02-16T07:23:13.264+08:00","caller":"load/sheddingstat.go:61","content":"(api) shedding_stat [1m], cpu: 15, total: 0, pass: 0, drop: 0","level":"stat"}
{"@timestamp":"2025-02-16T07:24:12.242+08:00","caller":"stat/usage.go:61","content":"CPU: 15m, MEMORY: Alloc=7.9Mi, TotalAlloc=1221.1Mi, Sys=26.6Mi, NumGC=237","level":"stat"}
{"@timestamp":"2025-02-16T07:24:13.264+08:00","caller":"load/sheddingstat.go:61","content":"(api) shedding_stat [1m], cpu: 15, total: 0, pass: 0, drop: 0","level":"stat"}
{"@timestamp":"2025-02-16T07:25:12.242+08:00","caller":"stat/usage.go:61","content":"CPU: 14m, MEMORY: Alloc=10.4Mi, TotalAlloc=1227.9Mi, Sys=26.6Mi, NumGC=238","level":"stat"}
{"@timestamp":"2025-02-16T07:25:13.264+08:00","caller":"load/sheddingstat.go:61","content":"(api) shedding_stat [1m], cpu: 14, total: 0, pass: 0, drop: 0","level":"stat"}
{"@timestamp":"2025-02-16T07:26:12.242+08:00","caller":"stat/usage.go:61","content":"CPU: 16m, MEMORY: Alloc=10.4Mi, TotalAlloc=1233.9Mi, Sys=26.6Mi, NumGC=239","level":"stat"}
{"@timestamp":"2025-02-16T07:26:13.264+08:00","caller":"load/sheddingstat.go:61","content":"(api) shedding_stat [1m], cpu: 16, total: 0, pass: 0, drop: 0","level":"stat"}
{"@timestamp":"2025-02-16T07:27:12.242+08:00","caller":"stat/usage.go:61","content":"CPU: 17m, MEMORY: Alloc=11.2Mi, TotalAlloc=1240.7Mi, Sys=26.6Mi, NumGC=240","level":"stat"}
{"@timestamp":"2025-02-16T07:27:13.264+08:00","caller":"load/sheddingstat.go:61","content":"(api) shedding_stat [1m], cpu: 17, total: 0, pass: 0, drop: 0","level":"stat"}
{"@timestamp":"2025-02-16T07:28:12.241+08:00","caller":"stat/usage.go:61","content":"CPU: 17m, MEMORY: Alloc=11.4Mi, TotalAlloc=1246.6Mi, Sys=26.6Mi, NumGC=241","level":"stat"}
{"@timestamp":"2025-02-16T07:28:13.264+08:00","caller":"load/sheddingstat.go:61","content":"(api) shedding_stat [1m], cpu: 17, total: 0, pass: 0, drop: 0","level":"stat"}
{"@timestamp":"2025-02-16T07:29:12.242+08:00","caller":"stat/usage.go:61","content":"CPU: 15m, MEMORY: Alloc=6.5Mi, TotalAlloc=1253.4Mi, Sys=26.6Mi, NumGC=243","level":"stat"}
{"@timestamp":"2025-02-16T07:29:13.264+08:00","caller":"load/sheddingstat.go:61","content":"(api) shedding_stat [1m], cpu: 15, total: 0, pass: 0, drop: 0","level":"stat"}
{"@timestamp":"2025-02-16T07:30:12.242+08:00","caller":"stat/usage.go:61","content":"CPU: 15m, MEMORY: Alloc=7.1Mi, TotalAlloc=1259.4Mi, Sys=26.6Mi, NumGC=244","level":"stat"}
{"@timestamp":"2025-02-16T07:30:13.264+08:00","caller":"load/sheddingstat.go:61","content":"(api) shedding_stat [1m], cpu: 15, total: 0, pass: 0, drop: 0","level":"stat"}
{"@timestamp":"2025-02-16T07:31:12.243+08:00","caller":"stat/usage.go:61","content":"CPU: 14m, MEMORY: Alloc=6.0Mi, TotalAlloc=1264.6Mi, Sys=26.6Mi, NumGC=245","level":"stat"}
{"@timestamp":"2025-02-16T07:31:13.264+08:00","caller":"load/sheddingstat.go:61","content":"(api) shedding_stat [1m], cpu: 14, total: 0, pass: 0, drop: 0","level":"stat"}
{"@timestamp":"2025-02-16T07:32:12.242+08:00","caller":"stat/usage.go:61","content":"CPU: 21m, MEMORY: Alloc=7.8Mi, TotalAlloc=1270.5Mi, Sys=26.6Mi, NumGC=246","level":"stat"}
{"@timestamp":"2025-02-16T07:32:13.264+08:00","caller":"load/sheddingstat.go:61","content":"(api) shedding_stat [1m], cpu: 22, total: 0, pass: 0, drop: 0","level":"stat"}
{"@timestamp":"2025-02-16T07:33:12.241+08:00","caller":"stat/usage.go:61","content":"CPU: 16m, MEMORY: Alloc=7.2Mi, TotalAlloc=1276.5Mi, Sys=26.6Mi, NumGC=247","level":"stat"}
{"@timestamp":"2025-02-16T07:33:13.264+08:00","caller":"load/sheddingstat.go:61","content":"(api) shedding_stat [1m], cpu: 17, total: 0, pass: 0, drop: 0","level":"stat"}
{"@timestamp":"2025-02-16T07:34:12.242+08:00","caller":"stat/usage.go:61","content":"CPU: 17m, MEMORY: Alloc=9.0Mi, TotalAlloc=1283.3Mi, Sys=26.6Mi, NumGC=248","level":"stat"}
{"@timestamp":"2025-02-16T07:34:13.264+08:00","caller":"load/sheddingstat.go:61","content":"(api) shedding_stat [1m], cpu: 17, total: 0, pass: 0, drop: 0","level":"stat"}
{"@timestamp":"2025-02-16T07:35:12.242+08:00","caller":"stat/usage.go:61","content":"CPU: 18m, MEMORY: Alloc=9.1Mi, TotalAlloc=1288.4Mi, Sys=26.6Mi, NumGC=249","level":"stat"}
{"@timestamp":"2025-02-16T07:35:13.264+08:00","caller":"load/sheddingstat.go:61","content":"(api) shedding_stat [1m], cpu: 18, total: 0, pass: 0, drop: 0","level":"stat"}
{"@timestamp":"2025-02-16T07:36:12.242+08:00","caller":"stat/usage.go:61","content":"CPU: 18m, MEMORY: Alloc=7.3Mi, TotalAlloc=1296.0Mi, Sys=26.6Mi, NumGC=251","level":"stat"}
{"@timestamp":"2025-02-16T07:36:13.264+08:00","caller":"load/sheddingstat.go:61","content":"(api) shedding_stat [1m], cpu: 18, total: 0, pass: 0, drop: 0","level":"stat"}
{"@timestamp":"2025-02-16T07:37:12.242+08:00","caller":"stat/usage.go:61","content":"CPU: 18m, MEMORY: Alloc=6.2Mi, TotalAlloc=1302.0Mi, Sys=26.6Mi, NumGC=252","level":"stat"}
{"@timestamp":"2025-02-16T07:37:13.264+08:00","caller":"load/sheddingstat.go:61","content":"(api) shedding_stat [1m], cpu: 17, total: 0, pass: 0, drop: 0","level":"stat"}
{"@timestamp":"2025-02-16T07:38:12.242+08:00","caller":"stat/usage.go:61","content":"CPU: 18m, MEMORY: Alloc=10.5Mi, TotalAlloc=1306.3Mi, Sys=26.6Mi, NumGC=252","level":"stat"}
{"@timestamp":"2025-02-16T07:38:13.264+08:00","caller":"load/sheddingstat.go:61","content":"(api) shedding_stat [1m], cpu: 18, total: 0, pass: 0, drop: 0","level":"stat"}
{"@timestamp":"2025-02-16T07:39:12.242+08:00","caller":"stat/usage.go:61","content":"CPU: 18m, MEMORY: Alloc=6.2Mi, TotalAlloc=1313.0Mi, Sys=26.6Mi, NumGC=254","level":"stat"}
{"@timestamp":"2025-02-16T07:39:13.264+08:00","caller":"load/sheddingstat.go:61","content":"(api) shedding_stat [1m], cpu: 19, total: 0, pass: 0, drop: 0","level":"stat"}
{"@timestamp":"2025-02-16T07:40:12.242+08:00","caller":"stat/usage.go:61","content":"CPU: 20m, MEMORY: Alloc=7.7Mi, TotalAlloc=1319.9Mi, Sys=26.6Mi, NumGC=255","level":"stat"}
{"@timestamp":"2025-02-16T07:40:13.265+08:00","caller":"load/sheddingstat.go:61","content":"(api) shedding_stat [1m], cpu: 20, total: 0, pass: 0, drop: 0","level":"stat"}
{"@timestamp":"2025-02-16T07:41:12.242+08:00","caller":"stat/usage.go:61","content":"CPU: 17m, MEMORY: Alloc=7.6Mi, TotalAlloc=1325.9Mi, Sys=26.6Mi, NumGC=256","level":"stat"}
{"@timestamp":"2025-02-16T07:41:13.264+08:00","caller":"load/sheddingstat.go:61","content":"(api) shedding_stat [1m], cpu: 17, total: 0, pass: 0, drop: 0","level":"stat"}
{"@timestamp":"2025-02-16T07:42:12.241+08:00","caller":"stat/usage.go:61","content":"CPU: 17m, MEMORY: Alloc=7.6Mi, TotalAlloc=1331.8Mi, Sys=26.6Mi, NumGC=257","level":"stat"}
{"@timestamp":"2025-02-16T07:42:13.264+08:00","caller":"load/sheddingstat.go:61","content":"(api) shedding_stat [1m], cpu: 17, total: 0, pass: 0, drop: 0","level":"stat"}
{"@timestamp":"2025-02-16T07:43:12.241+08:00","caller":"stat/usage.go:61","content":"CPU: 18m, MEMORY: Alloc=5.6Mi, TotalAlloc=1336.1Mi, Sys=26.6Mi, NumGC=258","level":"stat"}
{"@timestamp":"2025-02-16T07:43:13.264+08:00","caller":"load/sheddingstat.go:61","content":"(api) shedding_stat [1m], cpu: 19, total: 0, pass: 0, drop: 0","level":"stat"}
{"@timestamp":"2025-02-16T07:44:12.242+08:00","caller":"stat/usage.go:61","content":"CPU: 16m, MEMORY: Alloc=8.5Mi, TotalAlloc=1342.9Mi, Sys=26.6Mi, NumGC=259","level":"stat"}
{"@timestamp":"2025-02-16T07:44:13.265+08:00","caller":"load/sheddingstat.go:61","content":"(api) shedding_stat [1m], cpu: 19, total: 0, pass: 0, drop: 0","level":"stat"}
{"@timestamp":"2025-02-16T07:45:12.243+08:00","caller":"stat/usage.go:61","content":"CPU: 22m, MEMORY: Alloc=9.5Mi, TotalAlloc=1349.0Mi, Sys=26.6Mi, NumGC=260","level":"stat"}
{"@timestamp":"2025-02-16T07:45:13.264+08:00","caller":"load/sheddingstat.go:61","content":"(api) shedding_stat [1m], cpu: 24, total: 0, pass: 0, drop: 0","level":"stat"}
{"@timestamp":"2025-02-16T07:46:12.242+08:00","caller":"stat/usage.go:61","content":"CPU: 17m, MEMORY: Alloc=7.5Mi, TotalAlloc=1353.3Mi, Sys=26.6Mi, NumGC=261","level":"stat"}
{"@timestamp":"2025-02-16T07:46:13.264+08:00","caller":"load/sheddingstat.go:61","content":"(api) shedding_stat [1m], cpu: 19, total: 0, pass: 0, drop: 0","level":"stat"}
{"@timestamp":"2025-02-16T07:47:12.242+08:00","caller":"stat/usage.go:61","content":"CPU: 16m, MEMORY: Alloc=11.8Mi, TotalAlloc=1357.7Mi, Sys=26.6Mi, NumGC=261","level":"stat"}
{"@timestamp":"2025-02-16T07:47:13.264+08:00","caller":"load/sheddingstat.go:61","content":"(api) shedding_stat [1m], cpu: 16, total: 0, pass: 0, drop: 0","level":"stat"}
{"@timestamp":"2025-02-16T07:48:12.242+08:00","caller":"stat/usage.go:61","content":"CPU: 16m, MEMORY: Alloc=9.3Mi, TotalAlloc=1362.8Mi, Sys=26.6Mi, NumGC=262","level":"stat"}
{"@timestamp":"2025-02-16T07:48:13.265+08:00","caller":"load/sheddingstat.go:61","content":"(api) shedding_stat [1m], cpu: 16, total: 0, pass: 0, drop: 0","level":"stat"}
{"@timestamp":"2025-02-16T07:49:12.242+08:00","caller":"stat/usage.go:61","content":"CPU: 16m, MEMORY: Alloc=7.8Mi, TotalAlloc=1367.9Mi, Sys=26.6Mi, NumGC=263","level":"stat"}
{"@timestamp":"2025-02-16T07:49:13.264+08:00","caller":"load/sheddingstat.go:61","content":"(api) shedding_stat [1m], cpu: 16, total: 0, pass: 0, drop: 0","level":"stat"}
{"@timestamp":"2025-02-16T07:50:12.242+08:00","caller":"stat/usage.go:61","content":"CPU: 15m, MEMORY: Alloc=9.5Mi, TotalAlloc=1373.9Mi, Sys=26.6Mi, NumGC=264","level":"stat"}
{"@timestamp":"2025-02-16T07:50:13.265+08:00","caller":"load/sheddingstat.go:61","content":"(api) shedding_stat [1m], cpu: 15, total: 0, pass: 0, drop: 0","level":"stat"}
{"@timestamp":"2025-02-16T07:51:12.242+08:00","caller":"stat/usage.go:61","content":"CPU: 16m, MEMORY: Alloc=8.0Mi, TotalAlloc=1378.2Mi, Sys=26.6Mi, NumGC=265","level":"stat"}
{"@timestamp":"2025-02-16T07:51:13.265+08:00","caller":"load/sheddingstat.go:61","content":"(api) shedding_stat [1m], cpu: 16, total: 0, pass: 0, drop: 0","level":"stat"}
{"@timestamp":"2025-02-16T07:52:12.242+08:00","caller":"stat/usage.go:61","content":"CPU: 16m, MEMORY: Alloc=5.9Mi, TotalAlloc=1383.3Mi, Sys=26.6Mi, NumGC=266","level":"stat"}
{"@timestamp":"2025-02-16T07:52:13.264+08:00","caller":"load/sheddingstat.go:61","content":"(api) shedding_stat [1m], cpu: 16, total: 0, pass: 0, drop: 0","level":"stat"}
{"@timestamp":"2025-02-16T07:53:12.242+08:00","caller":"stat/usage.go:61","content":"CPU: 16m, MEMORY: Alloc=8.0Mi, TotalAlloc=1388.5Mi, Sys=26.6Mi, NumGC=267","level":"stat"}
{"@timestamp":"2025-02-16T07:53:13.264+08:00","caller":"load/sheddingstat.go:61","content":"(api) shedding_stat [1m], cpu: 16, total: 0, pass: 0, drop: 0","level":"stat"}
{"@timestamp":"2025-02-16T07:54:12.242+08:00","caller":"stat/usage.go:61","content":"CPU: 17m, MEMORY: Alloc=11.1Mi, TotalAlloc=1395.3Mi, Sys=26.6Mi, NumGC=268","level":"stat"}
{"@timestamp":"2025-02-16T07:54:13.264+08:00","caller":"load/sheddingstat.go:61","content":"(api) shedding_stat [1m], cpu: 17, total: 0, pass: 0, drop: 0","level":"stat"}
{"@timestamp":"2025-02-16T07:55:12.242+08:00","caller":"stat/usage.go:61","content":"CPU: 18m, MEMORY: Alloc=4.7Mi, TotalAlloc=1400.5Mi, Sys=26.6Mi, NumGC=270","level":"stat"}
{"@timestamp":"2025-02-16T07:55:13.264+08:00","caller":"load/sheddingstat.go:61","content":"(api) shedding_stat [1m], cpu: 18, total: 0, pass: 0, drop: 0","level":"stat"}
{"@timestamp":"2025-02-16T07:56:12.242+08:00","caller":"stat/usage.go:61","content":"CPU: 17m, MEMORY: Alloc=8.8Mi, TotalAlloc=1407.3Mi, Sys=26.6Mi, NumGC=271","level":"stat"}
{"@timestamp":"2025-02-16T07:56:13.264+08:00","caller":"load/sheddingstat.go:61","content":"(api) shedding_stat [1m], cpu: 18, total: 0, pass: 0, drop: 0","level":"stat"}
{"@timestamp":"2025-02-16T07:57:12.242+08:00","caller":"stat/usage.go:61","content":"CPU: 16m, MEMORY: Alloc=6.7Mi, TotalAlloc=1414.1Mi, Sys=26.6Mi, NumGC=273","level":"stat"}
{"@timestamp":"2025-02-16T07:57:13.264+08:00","caller":"load/sheddingstat.go:61","content":"(api) shedding_stat [1m], cpu: 16, total: 0, pass: 0, drop: 0","level":"stat"}
{"@timestamp":"2025-02-16T07:58:12.242+08:00","caller":"stat/usage.go:61","content":"CPU: 22m, MEMORY: Alloc=7.7Mi, TotalAlloc=1420.1Mi, Sys=26.6Mi, NumGC=274","level":"stat"}
{"@timestamp":"2025-02-16T07:58:13.265+08:00","caller":"load/sheddingstat.go:61","content":"(api) shedding_stat [1m], cpu: 22, total: 0, pass: 0, drop: 0","level":"stat"}
{"@timestamp":"2025-02-16T07:59:12.242+08:00","caller":"stat/usage.go:61","content":"CPU: 15m, MEMORY: Alloc=10.4Mi, TotalAlloc=1426.1Mi, Sys=26.6Mi, NumGC=275","level":"stat"}
{"@timestamp":"2025-02-16T07:59:13.264+08:00","caller":"load/sheddingstat.go:61","content":"(api) shedding_stat [1m], cpu: 16, total: 0, pass: 0, drop: 0","level":"stat"}
{"@timestamp":"2025-02-16T08:00:12.243+08:00","caller":"stat/usage.go:61","content":"CPU: 15m, MEMORY: Alloc=6.7Mi, TotalAlloc=1432.9Mi, Sys=26.6Mi, NumGC=277","level":"stat"}
{"@timestamp":"2025-02-16T08:00:13.264+08:00","caller":"load/sheddingstat.go:61","content":"(api) shedding_stat [1m], cpu: 16, total: 0, pass: 0, drop: 0","level":"stat"}
{"@timestamp":"2025-02-16T08:01:12.242+08:00","caller":"stat/usage.go:61","content":"CPU: 16m, MEMORY: Alloc=8.4Mi, TotalAlloc=1438.9Mi, Sys=26.6Mi, NumGC=278","level":"stat"}
{"@timestamp":"2025-02-16T08:01:13.264+08:00","caller":"load/sheddingstat.go:61","content":"(api) shedding_stat [1m], cpu: 16, total: 0, pass: 0, drop: 0","level":"stat"}
{"@timestamp":"2025-02-16T08:02:12.242+08:00","caller":"stat/usage.go:61","content":"CPU: 16m, MEMORY: Alloc=8.1Mi, TotalAlloc=1444.1Mi, Sys=26.6Mi, NumGC=279","level":"stat"}
{"@timestamp":"2025-02-16T08:02:13.265+08:00","caller":"load/sheddingstat.go:61","content":"(api) shedding_stat [1m], cpu: 16, total: 0, pass: 0, drop: 0","level":"stat"}
{"@timestamp":"2025-02-16T08:03:12.242+08:00","caller":"stat/usage.go:61","content":"CPU: 16m, MEMORY: Alloc=6.2Mi, TotalAlloc=1450.1Mi, Sys=26.6Mi, NumGC=281","level":"stat"}
{"@timestamp":"2025-02-16T08:03:13.265+08:00","caller":"load/sheddingstat.go:61","content":"(api) shedding_stat [1m], cpu: 17, total: 0, pass: 0, drop: 0","level":"stat"}
{"@timestamp":"2025-02-16T08:04:12.242+08:00","caller":"stat/usage.go:61","content":"CPU: 17m, MEMORY: Alloc=5.5Mi, TotalAlloc=1454.6Mi, Sys=26.6Mi, NumGC=282","level":"stat"}
{"@timestamp":"2025-02-16T08:04:13.264+08:00","caller":"load/sheddingstat.go:61","content":"(api) shedding_stat [1m], cpu: 17, total: 0, pass: 0, drop: 0","level":"stat"}
{"@timestamp":"2025-02-16T08:05:12.242+08:00","caller":"stat/usage.go:61","content":"CPU: 16m, MEMORY: Alloc=6.2Mi, TotalAlloc=1459.7Mi, Sys=26.6Mi, NumGC=283","level":"stat"}
{"@timestamp":"2025-02-16T08:05:13.264+08:00","caller":"load/sheddingstat.go:61","content":"(api) shedding_stat [1m], cpu: 16, total: 0, pass: 0, drop: 0","level":"stat"}
{"@timestamp":"2025-02-16T08:06:12.243+08:00","caller":"stat/usage.go:61","content":"CPU: 16m, MEMORY: Alloc=9.0Mi, TotalAlloc=1464.9Mi, Sys=26.6Mi, NumGC=284","level":"stat"}
{"@timestamp":"2025-02-16T08:06:13.264+08:00","caller":"load/sheddingstat.go:61","content":"(api) shedding_stat [1m], cpu: 16, total: 0, pass: 0, drop: 0","level":"stat"}
{"@timestamp":"2025-02-16T08:07:12.241+08:00","caller":"stat/usage.go:61","content":"CPU: 17m, MEMORY: Alloc=8.5Mi, TotalAlloc=1469.3Mi, Sys=26.6Mi, NumGC=285","level":"stat"}
{"@timestamp":"2025-02-16T08:07:13.264+08:00","caller":"load/sheddingstat.go:61","content":"(api) shedding_stat [1m], cpu: 17, total: 0, pass: 0, drop: 0","level":"stat"}
{"@timestamp":"2025-02-16T08:08:12.242+08:00","caller":"stat/usage.go:61","content":"CPU: 18m, MEMORY: Alloc=9.7Mi, TotalAlloc=1475.3Mi, Sys=26.6Mi, NumGC=286","level":"stat"}
{"@timestamp":"2025-02-16T08:08:13.264+08:00","caller":"load/sheddingstat.go:61","content":"(api) shedding_stat [1m], cpu: 18, total: 0, pass: 0, drop: 0","level":"stat"}
{"@timestamp":"2025-02-16T08:09:12.243+08:00","caller":"stat/usage.go:61","content":"CPU: 16m, MEMORY: Alloc=9.0Mi, TotalAlloc=1480.4Mi, Sys=26.6Mi, NumGC=287","level":"stat"}
{"@timestamp":"2025-02-16T08:09:13.263+08:00","caller":"load/sheddingstat.go:61","content":"(api) shedding_stat [1m], cpu: 16, total: 0, pass: 0, drop: 0","level":"stat"}
{"@timestamp":"2025-02-16T08:10:12.242+08:00","caller":"stat/usage.go:61","content":"CPU: 16m, MEMORY: Alloc=7.3Mi, TotalAlloc=1487.2Mi, Sys=26.6Mi, NumGC=289","level":"stat"}
{"@timestamp":"2025-02-16T08:10:13.264+08:00","caller":"load/sheddingstat.go:61","content":"(api) shedding_stat [1m], cpu: 17, total: 0, pass: 0, drop: 0","level":"stat"}
{"@timestamp":"2025-02-16T08:11:12.242+08:00","caller":"stat/usage.go:61","content":"CPU: 22m, MEMORY: Alloc=5.7Mi, TotalAlloc=1494.0Mi, Sys=26.6Mi, NumGC=291","level":"stat"}
{"@timestamp":"2025-02-16T08:11:13.264+08:00","caller":"load/sheddingstat.go:61","content":"(api) shedding_stat [1m], cpu: 21, total: 0, pass: 0, drop: 0","level":"stat"}
{"@timestamp":"2025-02-16T08:12:12.243+08:00","caller":"stat/usage.go:61","content":"CPU: 16m, MEMORY: Alloc=9.5Mi, TotalAlloc=1500.8Mi, Sys=26.6Mi, NumGC=292","level":"stat"}
{"@timestamp":"2025-02-16T08:12:13.264+08:00","caller":"load/sheddingstat.go:61","content":"(api) shedding_stat [1m], cpu: 16, total: 0, pass: 0, drop: 0","level":"stat"}
{"@timestamp":"2025-02-16T08:13:12.242+08:00","caller":"stat/usage.go:61","content":"CPU: 19m, MEMORY: Alloc=6.0Mi, TotalAlloc=1506.8Mi, Sys=26.6Mi, NumGC=294","level":"stat"}
{"@timestamp":"2025-02-16T08:13:13.264+08:00","caller":"load/sheddingstat.go:61","content":"(api) shedding_stat [1m], cpu: 19, total: 0, pass: 0, drop: 0","level":"stat"}
{"@timestamp":"2025-02-16T08:14:12.242+08:00","caller":"stat/usage.go:61","content":"CPU: 17m, MEMORY: Alloc=8.7Mi, TotalAlloc=1512.8Mi, Sys=26.6Mi, NumGC=295","level":"stat"}
{"@timestamp":"2025-02-16T08:14:13.265+08:00","caller":"load/sheddingstat.go:61","content":"(api) shedding_stat [1m], cpu: 17, total: 0, pass: 0, drop: 0","level":"stat"}
{"@timestamp":"2025-02-16T08:15:12.241+08:00","caller":"stat/usage.go:61","content":"CPU: 18m, MEMORY: Alloc=7.5Mi, TotalAlloc=1517.1Mi, Sys=26.6Mi, NumGC=296","level":"stat"}
{"@timestamp":"2025-02-16T08:15:13.265+08:00","caller":"load/sheddingstat.go:61","content":"(api) shedding_stat [1m], cpu: 18, total: 0, pass: 0, drop: 0","level":"stat"}
{"@timestamp":"2025-02-16T08:16:12.242+08:00","caller":"stat/usage.go:61","content":"CPU: 19m, MEMORY: Alloc=6.6Mi, TotalAlloc=1522.3Mi, Sys=26.6Mi, NumGC=297","level":"stat"}
{"@timestamp":"2025-02-16T08:16:13.264+08:00","caller":"load/sheddingstat.go:61","content":"(api) shedding_stat [1m], cpu: 19, total: 0, pass: 0, drop: 0","level":"stat"}
{"@timestamp":"2025-02-16T08:17:12.242+08:00","caller":"stat/usage.go:61","content":"CPU: 19m, MEMORY: Alloc=6.2Mi, TotalAlloc=1527.4Mi, Sys=26.6Mi, NumGC=298","level":"stat"}
{"@timestamp":"2025-02-16T08:17:13.264+08:00","caller":"load/sheddingstat.go:61","content":"(api) shedding_stat [1m], cpu: 19, total: 0, pass: 0, drop: 0","level":"stat"}
{"@timestamp":"2025-02-16T08:18:12.242+08:00","caller":"stat/usage.go:61","content":"CPU: 20m, MEMORY: Alloc=6.1Mi, TotalAlloc=1533.4Mi, Sys=26.6Mi, NumGC=299","level":"stat"}
{"@timestamp":"2025-02-16T08:18:13.264+08:00","caller":"load/sheddingstat.go:61","content":"(api) shedding_stat [1m], cpu: 21, total: 0, pass: 0, drop: 0","level":"stat"}
{"@timestamp":"2025-02-16T08:19:12.241+08:00","caller":"stat/usage.go:61","content":"CPU: 17m, MEMORY: Alloc=7.3Mi, TotalAlloc=1538.6Mi, Sys=26.6Mi, NumGC=300","level":"stat"}
{"@timestamp":"2025-02-16T08:19:13.264+08:00","caller":"load/sheddingstat.go:61","content":"(api) shedding_stat [1m], cpu: 19, total: 0, pass: 0, drop: 0","level":"stat"}
{"@timestamp":"2025-02-16T08:20:12.242+08:00","caller":"stat/usage.go:61","content":"CPU: 16m, MEMORY: Alloc=7.9Mi, TotalAlloc=1544.6Mi, Sys=26.6Mi, NumGC=301","level":"stat"}
{"@timestamp":"2025-02-16T08:20:13.263+08:00","caller":"load/sheddingstat.go:61","content":"(api) shedding_stat [1m], cpu: 18, total: 0, pass: 0, drop: 0","level":"stat"}
{"@timestamp":"2025-02-16T08:21:12.242+08:00","caller":"stat/usage.go:61","content":"CPU: 16m, MEMORY: Alloc=7.6Mi, TotalAlloc=1550.6Mi, Sys=26.6Mi, NumGC=302","level":"stat"}
{"@timestamp":"2025-02-16T08:21:13.264+08:00","caller":"load/sheddingstat.go:61","content":"(api) shedding_stat [1m], cpu: 18, total: 0, pass: 0, drop: 0","level":"stat"}
{"@timestamp":"2025-02-16T08:22:12.242+08:00","caller":"stat/usage.go:61","content":"CPU: 17m, MEMORY: Alloc=8.8Mi, TotalAlloc=1557.3Mi, Sys=26.6Mi, NumGC=303","level":"stat"}
{"@timestamp":"2025-02-16T08:22:13.264+08:00","caller":"load/sheddingstat.go:61","content":"(api) shedding_stat [1m], cpu: 20, total: 0, pass: 0, drop: 0","level":"stat"}
{"@timestamp":"2025-02-16T08:23:12.242+08:00","caller":"stat/usage.go:61","content":"CPU: 15m, MEMORY: Alloc=8.3Mi, TotalAlloc=1562.4Mi, Sys=26.6Mi, NumGC=304","level":"stat"}
{"@timestamp":"2025-02-16T08:23:13.264+08:00","caller":"load/sheddingstat.go:61","content":"(api) shedding_stat [1m], cpu: 15, total: 0, pass: 0, drop: 0","level":"stat"}
{"@timestamp":"2025-02-16T08:24:12.242+08:00","caller":"stat/usage.go:61","content":"CPU: 17m, MEMORY: Alloc=9.5Mi, TotalAlloc=1569.2Mi, Sys=26.6Mi, NumGC=305","level":"stat"}
{"@timestamp":"2025-02-16T08:24:13.264+08:00","caller":"load/sheddingstat.go:61","content":"(api) shedding_stat [1m], cpu: 17, total: 0, pass: 0, drop: 0","level":"stat"}
{"@timestamp":"2025-02-16T08:25:12.242+08:00","caller":"stat/usage.go:61","content":"CPU: 17m, MEMORY: Alloc=7.1Mi, TotalAlloc=1573.6Mi, Sys=26.6Mi, NumGC=306","level":"stat"}
{"@timestamp":"2025-02-16T08:25:13.264+08:00","caller":"load/sheddingstat.go:61","content":"(api) shedding_stat [1m], cpu: 17, total: 0, pass: 0, drop: 0","level":"stat"}
{"@timestamp":"2025-02-16T08:26:12.242+08:00","caller":"stat/usage.go:61","content":"CPU: 21m, MEMORY: Alloc=6.5Mi, TotalAlloc=1577.9Mi, Sys=26.6Mi, NumGC=307","level":"stat"}
{"@timestamp":"2025-02-16T08:26:13.264+08:00","caller":"load/sheddingstat.go:61","content":"(api) shedding_stat [1m], cpu: 20, total: 0, pass: 0, drop: 0","level":"stat"}
{"@timestamp":"2025-02-16T08:27:12.243+08:00","caller":"stat/usage.go:61","content":"CPU: 17m, MEMORY: Alloc=7.4Mi, TotalAlloc=1583.9Mi, Sys=26.6Mi, NumGC=308","level":"stat"}
{"@timestamp":"2025-02-16T08:27:13.264+08:00","caller":"load/sheddingstat.go:61","content":"(api) shedding_stat [1m], cpu: 17, total: 0, pass: 0, drop: 0","level":"stat"}
{"@timestamp":"2025-02-16T08:28:12.243+08:00","caller":"stat/usage.go:61","content":"CPU: 17m, MEMORY: Alloc=10.3Mi, TotalAlloc=1591.4Mi, Sys=26.6Mi, NumGC=309","level":"stat"}
{"@timestamp":"2025-02-16T08:28:13.264+08:00","caller":"load/sheddingstat.go:61","content":"(api) shedding_stat [1m], cpu: 17, total: 0, pass: 0, drop: 0","level":"stat"}
{"@timestamp":"2025-02-16T08:29:12.241+08:00","caller":"stat/usage.go:61","content":"CPU: 15m, MEMORY: Alloc=10.7Mi, TotalAlloc=1596.7Mi, Sys=26.6Mi, NumGC=310","level":"stat"}
{"@timestamp":"2025-02-16T08:29:13.264+08:00","caller":"load/sheddingstat.go:61","content":"(api) shedding_stat [1m], cpu: 15, total: 0, pass: 0, drop: 0","level":"stat"}
{"@timestamp":"2025-02-16T08:30:12.242+08:00","caller":"stat/usage.go:61","content":"CPU: 15m, MEMORY: Alloc=9.3Mi, TotalAlloc=1601.8Mi, Sys=26.6Mi, NumGC=311","level":"stat"}
{"@timestamp":"2025-02-16T08:30:13.264+08:00","caller":"load/sheddingstat.go:61","content":"(api) shedding_stat [1m], cpu: 15, total: 0, pass: 0, drop: 0","level":"stat"}
{"@timestamp":"2025-02-16T08:31:12.242+08:00","caller":"stat/usage.go:61","content":"CPU: 15m, MEMORY: Alloc=7.1Mi, TotalAlloc=1607.0Mi, Sys=26.6Mi, NumGC=312","level":"stat"}
{"@timestamp":"2025-02-16T08:31:13.264+08:00","caller":"load/sheddingstat.go:61","content":"(api) shedding_stat [1m], cpu: 15, total: 0, pass: 0, drop: 0","level":"stat"}
{"@timestamp":"2025-02-16T08:32:12.242+08:00","caller":"stat/usage.go:61","content":"CPU: 16m, MEMORY: Alloc=7.5Mi, TotalAlloc=1612.9Mi, Sys=26.6Mi, NumGC=313","level":"stat"}
{"@timestamp":"2025-02-16T08:32:13.264+08:00","caller":"load/sheddingstat.go:61","content":"(api) shedding_stat [1m], cpu: 16, total: 0, pass: 0, drop: 0","level":"stat"}
{"@timestamp":"2025-02-16T08:33:12.242+08:00","caller":"stat/usage.go:61","content":"CPU: 15m, MEMORY: Alloc=8.5Mi, TotalAlloc=1619.7Mi, Sys=26.6Mi, NumGC=314","level":"stat"}
{"@timestamp":"2025-02-16T08:33:13.264+08:00","caller":"load/sheddingstat.go:61","content":"(api) shedding_stat [1m], cpu: 16, total: 0, pass: 0, drop: 0","level":"stat"}
{"@timestamp":"2025-02-16T08:34:12.242+08:00","caller":"stat/usage.go:61","content":"CPU: 17m, MEMORY: Alloc=7.4Mi, TotalAlloc=1625.7Mi, Sys=26.6Mi, NumGC=315","level":"stat"}
{"@timestamp":"2025-02-16T08:34:13.264+08:00","caller":"load/sheddingstat.go:61","content":"(api) shedding_stat [1m], cpu: 17, total: 0, pass: 0, drop: 0","level":"stat"}
{"@timestamp":"2025-02-16T08:35:12.242+08:00","caller":"stat/usage.go:61","content":"CPU: 17m, MEMORY: Alloc=6.6Mi, TotalAlloc=1632.5Mi, Sys=26.6Mi, NumGC=317","level":"stat"}
{"@timestamp":"2025-02-16T08:35:13.264+08:00","caller":"load/sheddingstat.go:61","content":"(api) shedding_stat [1m], cpu: 17, total: 0, pass: 0, drop: 0","level":"stat"}
{"@timestamp":"2025-02-16T08:36:12.242+08:00","caller":"stat/usage.go:61","content":"CPU: 17m, MEMORY: Alloc=7.5Mi, TotalAlloc=1638.5Mi, Sys=26.6Mi, NumGC=318","level":"stat"}
{"@timestamp":"2025-02-16T08:36:13.264+08:00","caller":"load/sheddingstat.go:61","content":"(api) shedding_stat [1m], cpu: 18, total: 0, pass: 0, drop: 0","level":"stat"}
{"@timestamp":"2025-02-16T08:37:12.242+08:00","caller":"stat/usage.go:61","content":"CPU: 17m, MEMORY: Alloc=6.7Mi, TotalAlloc=1645.3Mi, Sys=26.6Mi, NumGC=320","level":"stat"}
{"@timestamp":"2025-02-16T08:37:13.264+08:00","caller":"load/sheddingstat.go:61","content":"(api) shedding_stat [1m], cpu: 17, total: 0, pass: 0, drop: 0","level":"stat"}
{"@timestamp":"2025-02-16T08:38:12.242+08:00","caller":"stat/usage.go:61","content":"CPU: 16m, MEMORY: Alloc=8.2Mi, TotalAlloc=1651.3Mi, Sys=26.6Mi, NumGC=321","level":"stat"}
{"@timestamp":"2025-02-16T08:38:13.264+08:00","caller":"load/sheddingstat.go:61","content":"(api) shedding_stat [1m], cpu: 16, total: 0, pass: 0, drop: 0","level":"stat"}
{"@timestamp":"2025-02-16T08:39:12.242+08:00","caller":"stat/usage.go:61","content":"CPU: 22m, MEMORY: Alloc=9.8Mi, TotalAlloc=1656.5Mi, Sys=26.6Mi, NumGC=322","level":"stat"}
{"@timestamp":"2025-02-16T08:39:13.264+08:00","caller":"load/sheddingstat.go:61","content":"(api) shedding_stat [1m], cpu: 23, total: 0, pass: 0, drop: 0","level":"stat"}
{"@timestamp":"2025-02-16T08:40:12.241+08:00","caller":"stat/usage.go:61","content":"CPU: 17m, MEMORY: Alloc=6.6Mi, TotalAlloc=1663.3Mi, Sys=26.6Mi, NumGC=324","level":"stat"}
{"@timestamp":"2025-02-16T08:40:13.264+08:00","caller":"load/sheddingstat.go:61","content":"(api) shedding_stat [1m], cpu: 17, total: 0, pass: 0, drop: 0","level":"stat"}
{"@timestamp":"2025-02-16T08:41:12.242+08:00","caller":"stat/usage.go:61","content":"CPU: 18m, MEMORY: Alloc=8.6Mi, TotalAlloc=1670.0Mi, Sys=26.6Mi, NumGC=325","level":"stat"}
{"@timestamp":"2025-02-16T08:41:13.265+08:00","caller":"load/sheddingstat.go:61","content":"(api) shedding_stat [1m], cpu: 18, total: 0, pass: 0, drop: 0","level":"stat"}
{"@timestamp":"2025-02-16T08:42:12.242+08:00","caller":"stat/usage.go:61","content":"CPU: 17m, MEMORY: Alloc=9.8Mi, TotalAlloc=1676.8Mi, Sys=26.6Mi, NumGC=326","level":"stat"}
{"@timestamp":"2025-02-16T08:42:13.264+08:00","caller":"load/sheddingstat.go:61","content":"(api) shedding_stat [1m], cpu: 17, total: 0, pass: 0, drop: 0","level":"stat"}
{"@timestamp":"2025-02-16T08:43:12.242+08:00","caller":"stat/usage.go:61","content":"CPU: 16m, MEMORY: Alloc=11.0Mi, TotalAlloc=1683.6Mi, Sys=26.6Mi, NumGC=327","level":"stat"}
{"@timestamp":"2025-02-16T08:43:13.264+08:00","caller":"load/sheddingstat.go:61","content":"(api) shedding_stat [1m], cpu: 16, total: 0, pass: 0, drop: 0","level":"stat"}
{"@timestamp":"2025-02-16T08:44:12.241+08:00","caller":"stat/usage.go:61","content":"CPU: 17m, MEMORY: Alloc=11.5Mi, TotalAlloc=1689.6Mi, Sys=26.6Mi, NumGC=328","level":"stat"}
{"@timestamp":"2025-02-16T08:44:13.264+08:00","caller":"load/sheddingstat.go:61","content":"(api) shedding_stat [1m], cpu: 17, total: 0, pass: 0, drop: 0","level":"stat"}
{"@timestamp":"2025-02-16T08:45:12.242+08:00","caller":"stat/usage.go:61","content":"CPU: 17m, MEMORY: Alloc=10.7Mi, TotalAlloc=1694.7Mi, Sys=26.6Mi, NumGC=329","level":"stat"}
{"@timestamp":"2025-02-16T08:45:13.264+08:00","caller":"load/sheddingstat.go:61","content":"(api) shedding_stat [1m], cpu: 17, total: 0, pass: 0, drop: 0","level":"stat"}
{"@timestamp":"2025-02-16T08:46:12.242+08:00","caller":"stat/usage.go:61","content":"CPU: 17m, MEMORY: Alloc=9.6Mi, TotalAlloc=1700.6Mi, Sys=26.6Mi, NumGC=330","level":"stat"}
{"@timestamp":"2025-02-16T08:46:13.264+08:00","caller":"load/sheddingstat.go:61","content":"(api) shedding_stat [1m], cpu: 18, total: 0, pass: 0, drop: 0","level":"stat"}
{"@timestamp":"2025-02-16T08:47:12.242+08:00","caller":"stat/usage.go:61","content":"CPU: 17m, MEMORY: Alloc=10.6Mi, TotalAlloc=1706.6Mi, Sys=26.6Mi, NumGC=331","level":"stat"}
{"@timestamp":"2025-02-16T08:47:13.264+08:00","caller":"load/sheddingstat.go:61","content":"(api) shedding_stat [1m], cpu: 17, total: 0, pass: 0, drop: 0","level":"stat"}
{"@timestamp":"2025-02-16T08:48:12.242+08:00","caller":"stat/usage.go:61","content":"CPU: 15m, MEMORY: Alloc=10.6Mi, TotalAlloc=1711.7Mi, Sys=26.6Mi, NumGC=332","level":"stat"}
{"@timestamp":"2025-02-16T08:48:13.265+08:00","caller":"load/sheddingstat.go:61","content":"(api) shedding_stat [1m], cpu: 15, total: 0, pass: 0, drop: 0","level":"stat"}
{"@timestamp":"2025-02-16T08:49:12.241+08:00","caller":"stat/usage.go:61","content":"CPU: 18m, MEMORY: Alloc=8.7Mi, TotalAlloc=1716.9Mi, Sys=26.6Mi, NumGC=333","level":"stat"}
{"@timestamp":"2025-02-16T08:49:13.264+08:00","caller":"load/sheddingstat.go:61","content":"(api) shedding_stat [1m], cpu: 18, total: 0, pass: 0, drop: 0","level":"stat"}
{"@timestamp":"2025-02-16T08:50:12.242+08:00","caller":"stat/usage.go:61","content":"CPU: 18m, MEMORY: Alloc=8.7Mi, TotalAlloc=1722.8Mi, Sys=26.6Mi, NumGC=334","level":"stat"}
{"@timestamp":"2025-02-16T08:50:13.264+08:00","caller":"load/sheddingstat.go:61","content":"(api) shedding_stat [1m], cpu: 18, total: 0, pass: 0, drop: 0","level":"stat"}
{"@timestamp":"2025-02-16T08:51:12.242+08:00","caller":"stat/usage.go:61","content":"CPU: 18m, MEMORY: Alloc=10.3Mi, TotalAlloc=1729.6Mi, Sys=26.6Mi, NumGC=335","level":"stat"}
{"@timestamp":"2025-02-16T08:51:13.264+08:00","caller":"load/sheddingstat.go:61","content":"(api) shedding_stat [1m], cpu: 19, total: 0, pass: 0, drop: 0","level":"stat"}
{"@timestamp":"2025-02-16T08:52:12.243+08:00","caller":"stat/usage.go:61","content":"CPU: 22m, MEMORY: Alloc=10.3Mi, TotalAlloc=1736.4Mi, Sys=26.6Mi, NumGC=336","level":"stat"}
{"@timestamp":"2025-02-16T08:52:13.264+08:00","caller":"load/sheddingstat.go:61","content":"(api) shedding_stat [1m], cpu: 22, total: 0, pass: 0, drop: 0","level":"stat"}
{"@timestamp":"2025-02-16T08:53:12.242+08:00","caller":"stat/usage.go:61","content":"CPU: 20m, MEMORY: Alloc=10.3Mi, TotalAlloc=1742.4Mi, Sys=26.6Mi, NumGC=337","level":"stat"}
{"@timestamp":"2025-02-16T08:53:13.264+08:00","caller":"load/sheddingstat.go:61","content":"(api) shedding_stat [1m], cpu: 19, total: 0, pass: 0, drop: 0","level":"stat"}
{"@timestamp":"2025-02-16T08:54:12.242+08:00","caller":"stat/usage.go:61","content":"CPU: 19m, MEMORY: Alloc=7.4Mi, TotalAlloc=1747.5Mi, Sys=26.6Mi, NumGC=338","level":"stat"}
{"@timestamp":"2025-02-16T08:54:13.264+08:00","caller":"load/sheddingstat.go:61","content":"(api) shedding_stat [1m], cpu: 18, total: 0, pass: 0, drop: 0","level":"stat"}
{"@timestamp":"2025-02-16T08:55:12.241+08:00","caller":"stat/usage.go:61","content":"CPU: 16m, MEMORY: Alloc=11.7Mi, TotalAlloc=1751.8Mi, Sys=26.6Mi, NumGC=338","level":"stat"}
{"@timestamp":"2025-02-16T08:55:13.264+08:00","caller":"load/sheddingstat.go:61","content":"(api) shedding_stat [1m], cpu: 19, total: 0, pass: 0, drop: 0","level":"stat"}
{"@timestamp":"2025-02-16T08:56:12.242+08:00","caller":"stat/usage.go:61","content":"CPU: 17m, MEMORY: Alloc=8.9Mi, TotalAlloc=1756.2Mi, Sys=26.6Mi, NumGC=339","level":"stat"}
{"@timestamp":"2025-02-16T08:56:13.264+08:00","caller":"load/sheddingstat.go:61","content":"(api) shedding_stat [1m], cpu: 19, total: 0, pass: 0, drop: 0","level":"stat"}
{"@timestamp":"2025-02-16T08:57:12.242+08:00","caller":"stat/usage.go:61","content":"CPU: 16m, MEMORY: Alloc=9.7Mi, TotalAlloc=1762.2Mi, Sys=26.6Mi, NumGC=340","level":"stat"}
{"@timestamp":"2025-02-16T08:57:13.264+08:00","caller":"load/sheddingstat.go:61","content":"(api) shedding_stat [1m], cpu: 18, total: 0, pass: 0, drop: 0","level":"stat"}
{"@timestamp":"2025-02-16T08:58:12.241+08:00","caller":"stat/usage.go:61","content":"CPU: 18m, MEMORY: Alloc=7.5Mi, TotalAlloc=1767.3Mi, Sys=30.6Mi, NumGC=341","level":"stat"}
{"@timestamp":"2025-02-16T08:58:13.265+08:00","caller":"load/sheddingstat.go:61","content":"(api) shedding_stat [1m], cpu: 21, total: 0, pass: 0, drop: 0","level":"stat"}
{"@timestamp":"2025-02-16T08:59:12.242+08:00","caller":"stat/usage.go:61","content":"CPU: 16m, MEMORY: Alloc=8.7Mi, TotalAlloc=1774.1Mi, Sys=30.6Mi, NumGC=342","level":"stat"}
{"@timestamp":"2025-02-16T08:59:13.265+08:00","caller":"load/sheddingstat.go:61","content":"(api) shedding_stat [1m], cpu: 16, total: 0, pass: 0, drop: 0","level":"stat"}
{"@timestamp":"2025-02-16T09:00:12.242+08:00","caller":"stat/usage.go:61","content":"CPU: 16m, MEMORY: Alloc=10.0Mi, TotalAlloc=1780.9Mi, Sys=30.6Mi, NumGC=343","level":"stat"}
{"@timestamp":"2025-02-16T09:00:13.264+08:00","caller":"load/sheddingstat.go:61","content":"(api) shedding_stat [1m], cpu: 16, total: 0, pass: 0, drop: 0","level":"stat"}
{"@timestamp":"2025-02-16T09:01:12.242+08:00","caller":"stat/usage.go:61","content":"CPU: 15m, MEMORY: Alloc=8.7Mi, TotalAlloc=1786.0Mi, Sys=30.6Mi, NumGC=344","level":"stat"}
{"@timestamp":"2025-02-16T09:01:13.264+08:00","caller":"load/sheddingstat.go:61","content":"(api) shedding_stat [1m], cpu: 16, total: 0, pass: 0, drop: 0","level":"stat"}
{"@timestamp":"2025-02-16T09:02:12.242+08:00","caller":"stat/usage.go:61","content":"CPU: 17m, MEMORY: Alloc=8.4Mi, TotalAlloc=1791.2Mi, Sys=30.6Mi, NumGC=345","level":"stat"}
{"@timestamp":"2025-02-16T09:02:13.264+08:00","caller":"load/sheddingstat.go:61","content":"(api) shedding_stat [1m], cpu: 17, total: 0, pass: 0, drop: 0","level":"stat"}
{"@timestamp":"2025-02-16T09:03:12.242+08:00","caller":"stat/usage.go:61","content":"CPU: 16m, MEMORY: Alloc=9.5Mi, TotalAlloc=1797.9Mi, Sys=30.6Mi, NumGC=346","level":"stat"}
{"@timestamp":"2025-02-16T09:03:13.264+08:00","caller":"load/sheddingstat.go:61","content":"(api) shedding_stat [1m], cpu: 16, total: 0, pass: 0, drop: 0","level":"stat"}
{"@timestamp":"2025-02-16T09:04:12.242+08:00","caller":"stat/usage.go:61","content":"CPU: 16m, MEMORY: Alloc=8.7Mi, TotalAlloc=1803.1Mi, Sys=30.6Mi, NumGC=347","level":"stat"}
{"@timestamp":"2025-02-16T09:04:13.264+08:00","caller":"load/sheddingstat.go:61","content":"(api) shedding_stat [1m], cpu: 16, total: 0, pass: 0, drop: 0","level":"stat"}
{"@timestamp":"2025-02-16T09:05:12.242+08:00","caller":"stat/usage.go:61","content":"CPU: 22m, MEMORY: Alloc=8.9Mi, TotalAlloc=1809.9Mi, Sys=30.6Mi, NumGC=348","level":"stat"}
{"@timestamp":"2025-02-16T09:05:13.265+08:00","caller":"load/sheddingstat.go:61","content":"(api) shedding_stat [1m], cpu: 21, total: 0, pass: 0, drop: 0","level":"stat"}
{"@timestamp":"2025-02-16T09:06:12.242+08:00","caller":"stat/usage.go:61","content":"CPU: 16m, MEMORY: Alloc=11.4Mi, TotalAlloc=1816.7Mi, Sys=30.6Mi, NumGC=349","level":"stat"}
{"@timestamp":"2025-02-16T09:06:13.265+08:00","caller":"load/sheddingstat.go:61","content":"(api) shedding_stat [1m], cpu: 16, total: 0, pass: 0, drop: 0","level":"stat"}
{"@timestamp":"2025-02-16T09:07:12.243+08:00","caller":"stat/usage.go:61","content":"CPU: 16m, MEMORY: Alloc=10.7Mi, TotalAlloc=1822.7Mi, Sys=30.6Mi, NumGC=350","level":"stat"}
{"@timestamp":"2025-02-16T09:07:13.264+08:00","caller":"load/sheddingstat.go:61","content":"(api) shedding_stat [1m], cpu: 16, total: 0, pass: 0, drop: 0","level":"stat"}
{"@timestamp":"2025-02-16T09:08:12.242+08:00","caller":"stat/usage.go:61","content":"CPU: 16m, MEMORY: Alloc=7.6Mi, TotalAlloc=1829.5Mi, Sys=30.6Mi, NumGC=352","level":"stat"}
{"@timestamp":"2025-02-16T09:08:13.264+08:00","caller":"load/sheddingstat.go:61","content":"(api) shedding_stat [1m], cpu: 16, total: 0, pass: 0, drop: 0","level":"stat"}
{"@timestamp":"2025-02-16T09:09:12.242+08:00","caller":"stat/usage.go:61","content":"CPU: 17m, MEMORY: Alloc=10.3Mi, TotalAlloc=1836.3Mi, Sys=30.6Mi, NumGC=353","level":"stat"}
{"@timestamp":"2025-02-16T09:09:13.265+08:00","caller":"load/sheddingstat.go:61","content":"(api) shedding_stat [1m], cpu: 17, total: 0, pass: 0, drop: 0","level":"stat"}
{"@timestamp":"2025-02-16T09:10:12.241+08:00","caller":"stat/usage.go:61","content":"CPU: 17m, MEMORY: Alloc=6.3Mi, TotalAlloc=1843.1Mi, Sys=30.6Mi, NumGC=355","level":"stat"}
{"@timestamp":"2025-02-16T09:10:13.265+08:00","caller":"load/sheddingstat.go:61","content":"(api) shedding_stat [1m], cpu: 17, total: 0, pass: 0, drop: 0","level":"stat"}
{"@timestamp":"2025-02-16T09:11:12.242+08:00","caller":"stat/usage.go:61","content":"CPU: 17m, MEMORY: Alloc=8.5Mi, TotalAlloc=1850.0Mi, Sys=30.6Mi, NumGC=356","level":"stat"}
{"@timestamp":"2025-02-16T09:11:13.264+08:00","caller":"load/sheddingstat.go:61","content":"(api) shedding_stat [1m], cpu: 17, total: 0, pass: 0, drop: 0","level":"stat"}
{"@timestamp":"2025-02-16T09:12:12.242+08:00","caller":"stat/usage.go:61","content":"CPU: 17m, MEMORY: Alloc=8.3Mi, TotalAlloc=1855.1Mi, Sys=30.6Mi, NumGC=357","level":"stat"}
{"@timestamp":"2025-02-16T09:12:13.264+08:00","caller":"load/sheddingstat.go:61","content":"(api) shedding_stat [1m], cpu: 17, total: 0, pass: 0, drop: 0","level":"stat"}
{"@timestamp":"2025-02-16T09:13:12.242+08:00","caller":"stat/usage.go:61","content":"CPU: 16m, MEMORY: Alloc=6.5Mi, TotalAlloc=1860.2Mi, Sys=30.6Mi, NumGC=358","level":"stat"}
{"@timestamp":"2025-02-16T09:13:13.264+08:00","caller":"load/sheddingstat.go:61","content":"(api) shedding_stat [1m], cpu: 16, total: 0, pass: 0, drop: 0","level":"stat"}
{"@timestamp":"2025-02-16T09:14:12.242+08:00","caller":"stat/usage.go:61","content":"CPU: 16m, MEMORY: Alloc=8.1Mi, TotalAlloc=1865.4Mi, Sys=30.6Mi, NumGC=359","level":"stat"}
{"@timestamp":"2025-02-16T09:14:13.264+08:00","caller":"load/sheddingstat.go:61","content":"(api) shedding_stat [1m], cpu: 16, total: 0, pass: 0, drop: 0","level":"stat"}
{"@timestamp":"2025-02-16T09:15:12.242+08:00","caller":"stat/usage.go:61","content":"CPU: 16m, MEMORY: Alloc=5.6Mi, TotalAlloc=1871.3Mi, Sys=30.6Mi, NumGC=361","level":"stat"}
{"@timestamp":"2025-02-16T09:15:13.264+08:00","caller":"load/sheddingstat.go:61","content":"(api) shedding_stat [1m], cpu: 17, total: 0, pass: 0, drop: 0","level":"stat"}
{"@timestamp":"2025-02-16T09:16:12.241+08:00","caller":"stat/usage.go:61","content":"CPU: 16m, MEMORY: Alloc=7.8Mi, TotalAlloc=1878.2Mi, Sys=30.6Mi, NumGC=362","level":"stat"}
{"@timestamp":"2025-02-16T09:16:13.265+08:00","caller":"load/sheddingstat.go:61","content":"(api) shedding_stat [1m], cpu: 16, total: 0, pass: 0, drop: 0","level":"stat"}
{"@timestamp":"2025-02-16T09:17:12.242+08:00","caller":"stat/usage.go:61","content":"CPU: 16m, MEMORY: Alloc=10.3Mi, TotalAlloc=1884.9Mi, Sys=30.6Mi, NumGC=363","level":"stat"}
{"@timestamp":"2025-02-16T09:17:13.265+08:00","caller":"load/sheddingstat.go:61","content":"(api) shedding_stat [1m], cpu: 17, total: 0, pass: 0, drop: 0","level":"stat"}
{"@timestamp":"2025-02-16T09:18:12.241+08:00","caller":"stat/usage.go:61","content":"CPU: 21m, MEMORY: Alloc=10.4Mi, TotalAlloc=1890.1Mi, Sys=30.6Mi, NumGC=364","level":"stat"}
{"@timestamp":"2025-02-16T09:18:13.264+08:00","caller":"load/sheddingstat.go:61","content":"(api) shedding_stat [1m], cpu: 21, total: 0, pass: 0, drop: 0","level":"stat"}
{"@timestamp":"2025-02-16T09:19:12.242+08:00","caller":"stat/usage.go:61","content":"CPU: 18m, MEMORY: Alloc=7.5Mi, TotalAlloc=1895.2Mi, Sys=30.6Mi, NumGC=365","level":"stat"}
{"@timestamp":"2025-02-16T09:19:13.264+08:00","caller":"load/sheddingstat.go:61","content":"(api) shedding_stat [1m], cpu: 18, total: 0, pass: 0, drop: 0","level":"stat"}
{"@timestamp":"2025-02-16T09:20:12.242+08:00","caller":"stat/usage.go:61","content":"CPU: 16m, MEMORY: Alloc=9.2Mi, TotalAlloc=1902.0Mi, Sys=30.6Mi, NumGC=366","level":"stat"}
{"@timestamp":"2025-02-16T09:20:13.264+08:00","caller":"load/sheddingstat.go:61","content":"(api) shedding_stat [1m], cpu: 16, total: 0, pass: 0, drop: 0","level":"stat"}
{"@timestamp":"2025-02-16T09:21:12.242+08:00","caller":"stat/usage.go:61","content":"CPU: 16m, MEMORY: Alloc=11.4Mi, TotalAlloc=1908.8Mi, Sys=30.6Mi, NumGC=367","level":"stat"}
{"@timestamp":"2025-02-16T09:21:13.264+08:00","caller":"load/sheddingstat.go:61","content":"(api) shedding_stat [1m], cpu: 17, total: 0, pass: 0, drop: 0","level":"stat"}
{"@timestamp":"2025-02-16T09:22:12.242+08:00","caller":"stat/usage.go:61","content":"CPU: 17m, MEMORY: Alloc=13.1Mi, TotalAlloc=1916.4Mi, Sys=30.6Mi, NumGC=368","level":"stat"}
{"@timestamp":"2025-02-16T09:22:13.264+08:00","caller":"load/sheddingstat.go:61","content":"(api) shedding_stat [1m], cpu: 17, total: 0, pass: 0, drop: 0","level":"stat"}
{"@timestamp":"2025-02-16T09:23:12.242+08:00","caller":"stat/usage.go:61","content":"CPU: 16m, MEMORY: Alloc=12.5Mi, TotalAlloc=1922.4Mi, Sys=30.6Mi, NumGC=369","level":"stat"}
{"@timestamp":"2025-02-16T09:23:13.264+08:00","caller":"load/sheddingstat.go:61","content":"(api) shedding_stat [1m], cpu: 15, total: 0, pass: 0, drop: 0","level":"stat"}
{"@timestamp":"2025-02-16T09:24:12.241+08:00","caller":"stat/usage.go:61","content":"CPU: 17m, MEMORY: Alloc=9.3Mi, TotalAlloc=1926.8Mi, Sys=30.6Mi, NumGC=370","level":"stat"}
{"@timestamp":"2025-02-16T09:24:13.264+08:00","caller":"load/sheddingstat.go:61","content":"(api) shedding_stat [1m], cpu: 17, total: 0, pass: 0, drop: 0","level":"stat"}
{"@timestamp":"2025-02-16T09:25:12.242+08:00","caller":"stat/usage.go:61","content":"CPU: 17m, MEMORY: Alloc=8.2Mi, TotalAlloc=1931.9Mi, Sys=30.6Mi, NumGC=371","level":"stat"}
{"@timestamp":"2025-02-16T09:25:13.265+08:00","caller":"load/sheddingstat.go:61","content":"(api) shedding_stat [1m], cpu: 17, total: 0, pass: 0, drop: 0","level":"stat"}
{"@timestamp":"2025-02-16T09:26:12.241+08:00","caller":"stat/usage.go:61","content":"CPU: 16m, MEMORY: Alloc=8.9Mi, TotalAlloc=1937.1Mi, Sys=30.6Mi, NumGC=372","level":"stat"}
{"@timestamp":"2025-02-16T09:26:13.264+08:00","caller":"load/sheddingstat.go:61","content":"(api) shedding_stat [1m], cpu: 15, total: 0, pass: 0, drop: 0","level":"stat"}
{"@timestamp":"2025-02-16T09:27:12.242+08:00","caller":"stat/usage.go:61","content":"CPU: 16m, MEMORY: Alloc=6.6Mi, TotalAlloc=1943.9Mi, Sys=30.6Mi, NumGC=374","level":"stat"}
{"@timestamp":"2025-02-16T09:27:13.264+08:00","caller":"load/sheddingstat.go:61","content":"(api) shedding_stat [1m], cpu: 15, total: 0, pass: 0, drop: 0","level":"stat"}
{"@timestamp":"2025-02-16T09:28:12.243+08:00","caller":"stat/usage.go:61","content":"CPU: 17m, MEMORY: Alloc=10.9Mi, TotalAlloc=1948.2Mi, Sys=30.6Mi, NumGC=374","level":"stat"}
{"@timestamp":"2025-02-16T09:28:13.265+08:00","caller":"load/sheddingstat.go:61","content":"(api) shedding_stat [1m], cpu: 17, total: 0, pass: 0, drop: 0","level":"stat"}
{"@timestamp":"2025-02-16T09:29:12.242+08:00","caller":"stat/usage.go:61","content":"CPU: 18m, MEMORY: Alloc=9.5Mi, TotalAlloc=1952.5Mi, Sys=30.6Mi, NumGC=375","level":"stat"}
{"@timestamp":"2025-02-16T09:29:13.265+08:00","caller":"load/sheddingstat.go:61","content":"(api) shedding_stat [1m], cpu: 18, total: 0, pass: 0, drop: 0","level":"stat"}
{"@timestamp":"2025-02-16T09:30:12.242+08:00","caller":"stat/usage.go:61","content":"CPU: 17m, MEMORY: Alloc=9.7Mi, TotalAlloc=1959.3Mi, Sys=30.6Mi, NumGC=376","level":"stat"}
{"@timestamp":"2025-02-16T09:30:13.265+08:00","caller":"load/sheddingstat.go:61","content":"(api) shedding_stat [1m], cpu: 18, total: 0, pass: 0, drop: 0","level":"stat"}
{"@timestamp":"2025-02-16T09:31:12.242+08:00","caller":"stat/usage.go:61","content":"CPU: 22m, MEMORY: Alloc=5.5Mi, TotalAlloc=1965.3Mi, Sys=30.8Mi, NumGC=378","level":"stat"}
{"@timestamp":"2025-02-16T09:31:13.264+08:00","caller":"load/sheddingstat.go:61","content":"(api) shedding_stat [1m], cpu: 24, total: 0, pass: 0, drop: 0","level":"stat"}
{"@timestamp":"2025-02-16T09:32:12.242+08:00","caller":"stat/usage.go:61","content":"CPU: 16m, MEMORY: Alloc=7.7Mi, TotalAlloc=1972.2Mi, Sys=30.8Mi, NumGC=379","level":"stat"}
{"@timestamp":"2025-02-16T09:32:13.264+08:00","caller":"load/sheddingstat.go:61","content":"(api) shedding_stat [1m], cpu: 19, total: 0, pass: 0, drop: 0","level":"stat"}
{"@timestamp":"2025-02-16T09:33:12.242+08:00","caller":"stat/usage.go:61","content":"CPU: 15m, MEMORY: Alloc=8.3Mi, TotalAlloc=1977.4Mi, Sys=30.8Mi, NumGC=380","level":"stat"}
{"@timestamp":"2025-02-16T09:33:13.265+08:00","caller":"load/sheddingstat.go:61","content":"(api) shedding_stat [1m], cpu: 18, total: 0, pass: 0, drop: 0","level":"stat"}
{"@timestamp":"2025-02-16T09:34:12.242+08:00","caller":"stat/usage.go:61","content":"CPU: 16m, MEMORY: Alloc=6.2Mi, TotalAlloc=1982.5Mi, Sys=30.8Mi, NumGC=381","level":"stat"}
{"@timestamp":"2025-02-16T09:34:13.265+08:00","caller":"load/sheddingstat.go:61","content":"(api) shedding_stat [1m], cpu: 16, total: 0, pass: 0, drop: 0","level":"stat"}
{"@timestamp":"2025-02-16T09:35:12.242+08:00","caller":"stat/usage.go:61","content":"CPU: 16m, MEMORY: Alloc=10.7Mi, TotalAlloc=1987.0Mi, Sys=30.8Mi, NumGC=381","level":"stat"}
{"@timestamp":"2025-02-16T09:35:13.264+08:00","caller":"load/sheddingstat.go:61","content":"(api) shedding_stat [1m], cpu: 16, total: 0, pass: 0, drop: 0","level":"stat"}
{"@timestamp":"2025-02-16T09:36:12.242+08:00","caller":"stat/usage.go:61","content":"CPU: 17m, MEMORY: Alloc=6.6Mi, TotalAlloc=1993.8Mi, Sys=30.8Mi, NumGC=383","level":"stat"}
{"@timestamp":"2025-02-16T09:36:13.265+08:00","caller":"load/sheddingstat.go:61","content":"(api) shedding_stat [1m], cpu: 17, total: 0, pass: 0, drop: 0","level":"stat"}
{"@timestamp":"2025-02-16T09:37:12.242+08:00","caller":"stat/usage.go:61","content":"CPU: 16m, MEMORY: Alloc=11.0Mi, TotalAlloc=1998.2Mi, Sys=30.8Mi, NumGC=383","level":"stat"}
{"@timestamp":"2025-02-16T09:37:13.265+08:00","caller":"load/sheddingstat.go:61","content":"(api) shedding_stat [1m], cpu: 17, total: 0, pass: 0, drop: 0","level":"stat"}
{"@timestamp":"2025-02-16T09:38:12.241+08:00","caller":"stat/usage.go:61","content":"CPU: 16m, MEMORY: Alloc=6.4Mi, TotalAlloc=2005.0Mi, Sys=30.8Mi, NumGC=385","level":"stat"}
{"@timestamp":"2025-02-16T09:38:13.265+08:00","caller":"load/sheddingstat.go:61","content":"(api) shedding_stat [1m], cpu: 16, total: 0, pass: 0, drop: 0","level":"stat"}
{"@timestamp":"2025-02-16T09:39:12.242+08:00","caller":"stat/usage.go:61","content":"CPU: 16m, MEMORY: Alloc=6.1Mi, TotalAlloc=2011.1Mi, Sys=30.8Mi, NumGC=386","level":"stat"}
{"@timestamp":"2025-02-16T09:39:13.264+08:00","caller":"load/sheddingstat.go:61","content":"(api) shedding_stat [1m], cpu: 16, total: 0, pass: 0, drop: 0","level":"stat"}
{"@timestamp":"2025-02-16T09:40:12.243+08:00","caller":"stat/usage.go:61","content":"CPU: 16m, MEMORY: Alloc=6.6Mi, TotalAlloc=2016.2Mi, Sys=30.8Mi, NumGC=387","level":"stat"}
{"@timestamp":"2025-02-16T09:40:13.264+08:00","caller":"load/sheddingstat.go:61","content":"(api) shedding_stat [1m], cpu: 16, total: 0, pass: 0, drop: 0","level":"stat"}
{"@timestamp":"2025-02-16T09:41:12.242+08:00","caller":"stat/usage.go:61","content":"CPU: 16m, MEMORY: Alloc=10.9Mi, TotalAlloc=2020.5Mi, Sys=30.8Mi, NumGC=387","level":"stat"}
{"@timestamp":"2025-02-16T09:41:13.264+08:00","caller":"load/sheddingstat.go:61","content":"(api) shedding_stat [1m], cpu: 17, total: 0, pass: 0, drop: 0","level":"stat"}
{"@timestamp":"2025-02-16T09:42:12.242+08:00","caller":"stat/usage.go:61","content":"CPU: 17m, MEMORY: Alloc=10.3Mi, TotalAlloc=2025.7Mi, Sys=30.8Mi, NumGC=388","level":"stat"}
{"@timestamp":"2025-02-16T09:42:13.264+08:00","caller":"load/sheddingstat.go:61","content":"(api) shedding_stat [1m], cpu: 17, total: 0, pass: 0, drop: 0","level":"stat"}
{"@timestamp":"2025-02-16T09:43:12.243+08:00","caller":"stat/usage.go:61","content":"CPU: 17m, MEMORY: Alloc=10.4Mi, TotalAlloc=2031.7Mi, Sys=30.8Mi, NumGC=389","level":"stat"}
{"@timestamp":"2025-02-16T09:43:13.264+08:00","caller":"load/sheddingstat.go:61","content":"(api) shedding_stat [1m], cpu: 17, total: 0, pass: 0, drop: 0","level":"stat"}
{"@timestamp":"2025-02-16T09:44:12.242+08:00","caller":"stat/usage.go:61","content":"CPU: 20m, MEMORY: Alloc=9.7Mi, TotalAlloc=2037.6Mi, Sys=30.8Mi, NumGC=390","level":"stat"}
{"@timestamp":"2025-02-16T09:44:13.264+08:00","caller":"load/sheddingstat.go:61","content":"(api) shedding_stat [1m], cpu: 20, total: 0, pass: 0, drop: 0","level":"stat"}
{"@timestamp":"2025-02-16T09:45:12.241+08:00","caller":"stat/usage.go:61","content":"CPU: 17m, MEMORY: Alloc=9.5Mi, TotalAlloc=2042.8Mi, Sys=30.8Mi, NumGC=391","level":"stat"}
{"@timestamp":"2025-02-16T09:45:13.265+08:00","caller":"load/sheddingstat.go:61","content":"(api) shedding_stat [1m], cpu: 17, total: 0, pass: 0, drop: 0","level":"stat"}
{"@timestamp":"2025-02-16T09:46:12.242+08:00","caller":"stat/usage.go:61","content":"CPU: 16m, MEMORY: Alloc=9.8Mi, TotalAlloc=2048.0Mi, Sys=30.8Mi, NumGC=392","level":"stat"}
{"@timestamp":"2025-02-16T09:46:13.264+08:00","caller":"load/sheddingstat.go:61","content":"(api) shedding_stat [1m], cpu: 16, total: 0, pass: 0, drop: 0","level":"stat"}
{"@timestamp":"2025-02-16T09:47:12.242+08:00","caller":"stat/usage.go:61","content":"CPU: 15m, MEMORY: Alloc=10.2Mi, TotalAlloc=2053.1Mi, Sys=30.8Mi, NumGC=393","level":"stat"}
{"@timestamp":"2025-02-16T09:47:13.264+08:00","caller":"load/sheddingstat.go:61","content":"(api) shedding_stat [1m], cpu: 15, total: 0, pass: 0, drop: 0","level":"stat"}
{"@timestamp":"2025-02-16T09:48:12.242+08:00","caller":"stat/usage.go:61","content":"CPU: 18m, MEMORY: Alloc=8.5Mi, TotalAlloc=2058.3Mi, Sys=30.8Mi, NumGC=394","level":"stat"}
{"@timestamp":"2025-02-16T09:48:13.265+08:00","caller":"load/sheddingstat.go:61","content":"(api) shedding_stat [1m], cpu: 17, total: 0, pass: 0, drop: 0","level":"stat"}
{"@timestamp":"2025-02-16T09:49:12.243+08:00","caller":"stat/usage.go:61","content":"CPU: 17m, MEMORY: Alloc=7.7Mi, TotalAlloc=2063.5Mi, Sys=30.8Mi, NumGC=395","level":"stat"}
{"@timestamp":"2025-02-16T09:49:13.265+08:00","caller":"load/sheddingstat.go:61","content":"(api) shedding_stat [1m], cpu: 18, total: 0, pass: 0, drop: 0","level":"stat"}
{"@timestamp":"2025-02-16T09:50:12.242+08:00","caller":"stat/usage.go:61","content":"CPU: 16m, MEMORY: Alloc=12.1Mi, TotalAlloc=2067.9Mi, Sys=30.8Mi, NumGC=395","level":"stat"}
{"@timestamp":"2025-02-16T09:50:13.264+08:00","caller":"load/sheddingstat.go:61","content":"(api) shedding_stat [1m], cpu: 16, total: 0, pass: 0, drop: 0","level":"stat"}
{"@timestamp":"2025-02-16T09:51:12.242+08:00","caller":"stat/usage.go:61","content":"CPU: 16m, MEMORY: Alloc=9.8Mi, TotalAlloc=2072.2Mi, Sys=30.8Mi, NumGC=396","level":"stat"}
{"@timestamp":"2025-02-16T09:51:13.265+08:00","caller":"load/sheddingstat.go:61","content":"(api) shedding_stat [1m], cpu: 16, total: 0, pass: 0, drop: 0","level":"stat"}
{"@timestamp":"2025-02-16T09:52:12.242+08:00","caller":"stat/usage.go:61","content":"CPU: 18m, MEMORY: Alloc=6.9Mi, TotalAlloc=2076.5Mi, Sys=30.8Mi, NumGC=397","level":"stat"}
{"@timestamp":"2025-02-16T09:52:13.264+08:00","caller":"load/sheddingstat.go:61","content":"(api) shedding_stat [1m], cpu: 18, total: 0, pass: 0, drop: 0","level":"stat"}
{"@timestamp":"2025-02-16T09:53:12.242+08:00","caller":"stat/usage.go:61","content":"CPU: 16m, MEMORY: Alloc=6.4Mi, TotalAlloc=2081.7Mi, Sys=30.8Mi, NumGC=398","level":"stat"}
{"@timestamp":"2025-02-16T09:53:13.264+08:00","caller":"load/sheddingstat.go:61","content":"(api) shedding_stat [1m], cpu: 16, total: 0, pass: 0, drop: 0","level":"stat"}
{"@timestamp":"2025-02-16T09:54:12.242+08:00","caller":"stat/usage.go:61","content":"CPU: 18m, MEMORY: Alloc=6.6Mi, TotalAlloc=2087.6Mi, Sys=30.8Mi, NumGC=399","level":"stat"}
{"@timestamp":"2025-02-16T09:54:13.264+08:00","caller":"load/sheddingstat.go:61","content":"(api) shedding_stat [1m], cpu: 18, total: 0, pass: 0, drop: 0","level":"stat"}
{"@timestamp":"2025-02-16T09:55:12.242+08:00","caller":"stat/usage.go:61","content":"CPU: 18m, MEMORY: Alloc=10.9Mi, TotalAlloc=2092.0Mi, Sys=30.8Mi, NumGC=399","level":"stat"}
{"@timestamp":"2025-02-16T09:55:13.264+08:00","caller":"load/sheddingstat.go:61","content":"(api) shedding_stat [1m], cpu: 18, total: 0, pass: 0, drop: 0","level":"stat"}
{"@timestamp":"2025-02-16T09:56:12.242+08:00","caller":"stat/usage.go:61","content":"CPU: 17m, MEMORY: Alloc=10.0Mi, TotalAlloc=2097.9Mi, Sys=30.8Mi, NumGC=400","level":"stat"}
{"@timestamp":"2025-02-16T09:56:13.264+08:00","caller":"load/sheddingstat.go:61","content":"(api) shedding_stat [1m], cpu: 18, total: 0, pass: 0, drop: 0","level":"stat"}
{"@timestamp":"2025-02-16T09:57:12.242+08:00","caller":"stat/usage.go:61","content":"CPU: 22m, MEMORY: Alloc=10.0Mi, TotalAlloc=2103.2Mi, Sys=30.8Mi, NumGC=401","level":"stat"}
{"@timestamp":"2025-02-16T09:57:13.264+08:00","caller":"load/sheddingstat.go:61","content":"(api) shedding_stat [1m], cpu: 21, total: 0, pass: 0, drop: 0","level":"stat"}
{"@timestamp":"2025-02-16T09:58:12.242+08:00","caller":"stat/usage.go:61","content":"CPU: 17m, MEMORY: Alloc=8.9Mi, TotalAlloc=2107.5Mi, Sys=30.8Mi, NumGC=402","level":"stat"}
{"@timestamp":"2025-02-16T09:58:13.264+08:00","caller":"load/sheddingstat.go:61","content":"(api) shedding_stat [1m], cpu: 17, total: 0, pass: 0, drop: 0","level":"stat"}
{"@timestamp":"2025-02-16T09:59:12.242+08:00","caller":"stat/usage.go:61","content":"CPU: 17m, MEMORY: Alloc=10.0Mi, TotalAlloc=2113.5Mi, Sys=30.8Mi, NumGC=403","level":"stat"}
{"@timestamp":"2025-02-16T09:59:13.264+08:00","caller":"load/sheddingstat.go:61","content":"(api) shedding_stat [1m], cpu: 17, total: 0, pass: 0, drop: 0","level":"stat"}
{"@timestamp":"2025-02-16T10:00:12.242+08:00","caller":"stat/usage.go:61","content":"CPU: 16m, MEMORY: Alloc=5.6Mi, TotalAlloc=2119.5Mi, Sys=30.8Mi, NumGC=405","level":"stat"}
{"@timestamp":"2025-02-16T10:00:13.265+08:00","caller":"load/sheddingstat.go:61","content":"(api) shedding_stat [1m], cpu: 16, total: 0, pass: 0, drop: 0","level":"stat"}
{"@timestamp":"2025-02-16T10:01:12.241+08:00","caller":"stat/usage.go:61","content":"CPU: 16m, MEMORY: Alloc=7.0Mi, TotalAlloc=2124.7Mi, Sys=30.8Mi, NumGC=406","level":"stat"}
{"@timestamp":"2025-02-16T10:01:13.264+08:00","caller":"load/sheddingstat.go:61","content":"(api) shedding_stat [1m], cpu: 16, total: 0, pass: 0, drop: 0","level":"stat"}
{"@timestamp":"2025-02-16T10:02:12.242+08:00","caller":"stat/usage.go:61","content":"CPU: 16m, MEMORY: Alloc=11.3Mi, TotalAlloc=2129.0Mi, Sys=30.8Mi, NumGC=406","level":"stat"}
{"@timestamp":"2025-02-16T10:02:13.265+08:00","caller":"load/sheddingstat.go:61","content":"(api) shedding_stat [1m], cpu: 17, total: 0, pass: 0, drop: 0","level":"stat"}
{"@timestamp":"2025-02-16T10:03:12.243+08:00","caller":"stat/usage.go:61","content":"CPU: 18m, MEMORY: Alloc=9.8Mi, TotalAlloc=2133.3Mi, Sys=30.8Mi, NumGC=407","level":"stat"}
{"@timestamp":"2025-02-16T10:03:13.264+08:00","caller":"load/sheddingstat.go:61","content":"(api) shedding_stat [1m], cpu: 18, total: 0, pass: 0, drop: 0","level":"stat"}
{"@timestamp":"2025-02-16T10:04:12.242+08:00","caller":"stat/usage.go:61","content":"CPU: 19m, MEMORY: Alloc=9.6Mi, TotalAlloc=2138.5Mi, Sys=30.8Mi, NumGC=408","level":"stat"}
{"@timestamp":"2025-02-16T10:04:13.265+08:00","caller":"load/sheddingstat.go:61","content":"(api) shedding_stat [1m], cpu: 19, total: 0, pass: 0, drop: 0","level":"stat"}
{"@timestamp":"2025-02-16T10:05:12.242+08:00","caller":"stat/usage.go:61","content":"CPU: 17m, MEMORY: Alloc=8.5Mi, TotalAlloc=2143.7Mi, Sys=30.8Mi, NumGC=409","level":"stat"}
{"@timestamp":"2025-02-16T10:05:13.265+08:00","caller":"load/sheddingstat.go:61","content":"(api) shedding_stat [1m], cpu: 16, total: 0, pass: 0, drop: 0","level":"stat"}
{"@timestamp":"2025-02-16T10:06:12.242+08:00","caller":"stat/usage.go:61","content":"CPU: 15m, MEMORY: Alloc=12.8Mi, TotalAlloc=2148.0Mi, Sys=30.8Mi, NumGC=409","level":"stat"}
{"@timestamp":"2025-02-16T10:06:13.264+08:00","caller":"load/sheddingstat.go:61","content":"(api) shedding_stat [1m], cpu: 19, total: 0, pass: 0, drop: 0","level":"stat"}
{"@timestamp":"2025-02-16T10:07:12.241+08:00","caller":"stat/usage.go:61","content":"CPU: 16m, MEMORY: Alloc=6.6Mi, TotalAlloc=2154.8Mi, Sys=30.8Mi, NumGC=411","level":"stat"}
{"@timestamp":"2025-02-16T10:07:13.264+08:00","caller":"load/sheddingstat.go:61","content":"(api) shedding_stat [1m], cpu: 18, total: 0, pass: 0, drop: 0","level":"stat"}
{"@timestamp":"2025-02-16T10:08:12.243+08:00","caller":"stat/usage.go:61","content":"CPU: 16m, MEMORY: Alloc=7.3Mi, TotalAlloc=2160.8Mi, Sys=30.8Mi, NumGC=412","level":"stat"}
{"@timestamp":"2025-02-16T10:08:13.264+08:00","caller":"load/sheddingstat.go:61","content":"(api) shedding_stat [1m], cpu: 18, total: 0, pass: 0, drop: 0","level":"stat"}
{"@timestamp":"2025-02-16T10:09:12.242+08:00","caller":"stat/usage.go:61","content":"CPU: 16m, MEMORY: Alloc=7.7Mi, TotalAlloc=2166.8Mi, Sys=30.8Mi, NumGC=413","level":"stat"}
{"@timestamp":"2025-02-16T10:09:13.264+08:00","caller":"load/sheddingstat.go:61","content":"(api) shedding_stat [1m], cpu: 17, total: 0, pass: 0, drop: 0","level":"stat"}
{"@timestamp":"2025-02-16T10:10:12.242+08:00","caller":"stat/usage.go:61","content":"CPU: 20m, MEMORY: Alloc=10.2Mi, TotalAlloc=2174.3Mi, Sys=30.8Mi, NumGC=414","level":"stat"}
{"@timestamp":"2025-02-16T10:10:13.265+08:00","caller":"load/sheddingstat.go:61","content":"(api) shedding_stat [1m], cpu: 19, total: 0, pass: 0, drop: 0","level":"stat"}
{"@timestamp":"2025-02-16T10:11:12.242+08:00","caller":"stat/usage.go:61","content":"CPU: 16m, MEMORY: Alloc=9.6Mi, TotalAlloc=2180.3Mi, Sys=30.8Mi, NumGC=415","level":"stat"}
{"@timestamp":"2025-02-16T10:11:13.264+08:00","caller":"load/sheddingstat.go:61","content":"(api) shedding_stat [1m], cpu: 16, total: 0, pass: 0, drop: 0","level":"stat"}
{"@timestamp":"2025-02-16T10:12:12.242+08:00","caller":"stat/usage.go:61","content":"CPU: 16m, MEMORY: Alloc=10.3Mi, TotalAlloc=2187.1Mi, Sys=30.8Mi, NumGC=416","level":"stat"}
{"@timestamp":"2025-02-16T10:12:13.264+08:00","caller":"load/sheddingstat.go:61","content":"(api) shedding_stat [1m], cpu: 16, total: 0, pass: 0, drop: 0","level":"stat"}
{"@timestamp":"2025-02-16T10:13:12.242+08:00","caller":"stat/usage.go:61","content":"CPU: 15m, MEMORY: Alloc=8.2Mi, TotalAlloc=2193.0Mi, Sys=30.8Mi, NumGC=417","level":"stat"}
{"@timestamp":"2025-02-16T10:13:13.264+08:00","caller":"load/sheddingstat.go:61","content":"(api) shedding_stat [1m], cpu: 15, total: 0, pass: 0, drop: 0","level":"stat"}
{"@timestamp":"2025-02-16T10:14:12.242+08:00","caller":"stat/usage.go:61","content":"CPU: 16m, MEMORY: Alloc=8.0Mi, TotalAlloc=2198.3Mi, Sys=30.8Mi, NumGC=418","level":"stat"}
{"@timestamp":"2025-02-16T10:14:13.263+08:00","caller":"load/sheddingstat.go:61","content":"(api) shedding_stat [1m], cpu: 15, total: 0, pass: 0, drop: 0","level":"stat"}
{"@timestamp":"2025-02-16T10:15:12.242+08:00","caller":"stat/usage.go:61","content":"CPU: 15m, MEMORY: Alloc=7.6Mi, TotalAlloc=2205.9Mi, Sys=30.8Mi, NumGC=420","level":"stat"}
{"@timestamp":"2025-02-16T10:15:13.263+08:00","caller":"load/sheddingstat.go:61","content":"(api) shedding_stat [1m], cpu: 15, total: 0, pass: 0, drop: 0","level":"stat"}
{"@timestamp":"2025-02-16T10:16:12.242+08:00","caller":"stat/usage.go:61","content":"CPU: 16m, MEMORY: Alloc=8.9Mi, TotalAlloc=2212.7Mi, Sys=30.8Mi, NumGC=421","level":"stat"}
{"@timestamp":"2025-02-16T10:16:13.264+08:00","caller":"load/sheddingstat.go:61","content":"(api) shedding_stat [1m], cpu: 16, total: 0, pass: 0, drop: 0","level":"stat"}
{"@timestamp":"2025-02-16T10:17:12.243+08:00","caller":"stat/usage.go:61","content":"CPU: 17m, MEMORY: Alloc=7.5Mi, TotalAlloc=2218.7Mi, Sys=30.8Mi, NumGC=423","level":"stat"}
{"@timestamp":"2025-02-16T10:17:13.265+08:00","caller":"load/sheddingstat.go:61","content":"(api) shedding_stat [1m], cpu: 17, total: 0, pass: 0, drop: 0","level":"stat"}
{"@timestamp":"2025-02-16T10:18:12.241+08:00","caller":"stat/usage.go:61","content":"CPU: 16m, MEMORY: Alloc=7.3Mi, TotalAlloc=2223.9Mi, Sys=30.8Mi, NumGC=424","level":"stat"}
{"@timestamp":"2025-02-16T10:18:13.264+08:00","caller":"load/sheddingstat.go:61","content":"(api) shedding_stat [1m], cpu: 16, total: 0, pass: 0, drop: 0","level":"stat"}
{"@timestamp":"2025-02-16T10:19:12.242+08:00","caller":"stat/usage.go:61","content":"CPU: 15m, MEMORY: Alloc=9.2Mi, TotalAlloc=2229.9Mi, Sys=30.8Mi, NumGC=425","level":"stat"}
{"@timestamp":"2025-02-16T10:19:13.264+08:00","caller":"load/sheddingstat.go:61","content":"(api) shedding_stat [1m], cpu: 15, total: 0, pass: 0, drop: 0","level":"stat"}
{"@timestamp":"2025-02-16T10:20:12.242+08:00","caller":"stat/usage.go:61","content":"CPU: 16m, MEMORY: Alloc=6.6Mi, TotalAlloc=2236.7Mi, Sys=30.8Mi, NumGC=427","level":"stat"}
{"@timestamp":"2025-02-16T10:20:13.265+08:00","caller":"load/sheddingstat.go:61","content":"(api) shedding_stat [1m], cpu: 17, total: 0, pass: 0, drop: 0","level":"stat"}
{"@timestamp":"2025-02-16T10:21:12.242+08:00","caller":"stat/usage.go:61","content":"CPU: 16m, MEMORY: Alloc=6.4Mi, TotalAlloc=2241.8Mi, Sys=30.8Mi, NumGC=428","level":"stat"}
{"@timestamp":"2025-02-16T10:21:13.265+08:00","caller":"load/sheddingstat.go:61","content":"(api) shedding_stat [1m], cpu: 16, total: 0, pass: 0, drop: 0","level":"stat"}
{"@timestamp":"2025-02-16T10:22:12.243+08:00","caller":"stat/usage.go:61","content":"CPU: 16m, MEMORY: Alloc=11.6Mi, TotalAlloc=2247.0Mi, Sys=30.8Mi, NumGC=428","level":"stat"}
{"@timestamp":"2025-02-16T10:22:13.264+08:00","caller":"load/sheddingstat.go:61","content":"(api) shedding_stat [1m], cpu: 16, total: 0, pass: 0, drop: 0","level":"stat"}
{"@timestamp":"2025-02-16T10:23:12.242+08:00","caller":"stat/usage.go:61","content":"CPU: 21m, MEMORY: Alloc=10.0Mi, TotalAlloc=2252.1Mi, Sys=30.8Mi, NumGC=429","level":"stat"}
{"@timestamp":"2025-02-16T10:23:13.264+08:00","caller":"load/sheddingstat.go:61","content":"(api) shedding_stat [1m], cpu: 21, total: 0, pass: 0, drop: 0","level":"stat"}
{"@timestamp":"2025-02-16T10:24:12.242+08:00","caller":"stat/usage.go:61","content":"CPU: 17m, MEMORY: Alloc=11.4Mi, TotalAlloc=2258.8Mi, Sys=30.8Mi, NumGC=430","level":"stat"}
{"@timestamp":"2025-02-16T10:24:13.264+08:00","caller":"load/sheddingstat.go:61","content":"(api) shedding_stat [1m], cpu: 17, total: 0, pass: 0, drop: 0","level":"stat"}
{"@timestamp":"2025-02-16T10:25:12.242+08:00","caller":"stat/usage.go:61","content":"CPU: 17m, MEMORY: Alloc=7.3Mi, TotalAlloc=2266.3Mi, Sys=30.8Mi, NumGC=432","level":"stat"}
{"@timestamp":"2025-02-16T10:25:13.264+08:00","caller":"load/sheddingstat.go:61","content":"(api) shedding_stat [1m], cpu: 17, total: 0, pass: 0, drop: 0","level":"stat"}
{"@timestamp":"2025-02-16T10:26:12.242+08:00","caller":"stat/usage.go:61","content":"CPU: 16m, MEMORY: Alloc=11.8Mi, TotalAlloc=2270.8Mi, Sys=30.8Mi, NumGC=432","level":"stat"}
{"@timestamp":"2025-02-16T10:26:13.264+08:00","caller":"load/sheddingstat.go:61","content":"(api) shedding_stat [1m], cpu: 15, total: 0, pass: 0, drop: 0","level":"stat"}
{"@timestamp":"2025-02-16T10:27:12.243+08:00","caller":"stat/usage.go:61","content":"CPU: 16m, MEMORY: Alloc=10.3Mi, TotalAlloc=2275.1Mi, Sys=30.8Mi, NumGC=433","level":"stat"}
{"@timestamp":"2025-02-16T10:27:13.263+08:00","caller":"load/sheddingstat.go:61","content":"(api) shedding_stat [1m], cpu: 16, total: 0, pass: 0, drop: 0","level":"stat"}
{"@timestamp":"2025-02-16T10:28:12.242+08:00","caller":"stat/usage.go:61","content":"CPU: 17m, MEMORY: Alloc=7.1Mi, TotalAlloc=2279.4Mi, Sys=30.8Mi, NumGC=434","level":"stat"}
{"@timestamp":"2025-02-16T10:28:13.265+08:00","caller":"load/sheddingstat.go:61","content":"(api) shedding_stat [1m], cpu: 17, total: 0, pass: 0, drop: 0","level":"stat"}
{"@timestamp":"2025-02-16T10:29:12.242+08:00","caller":"stat/usage.go:61","content":"CPU: 17m, MEMORY: Alloc=8.9Mi, TotalAlloc=2285.4Mi, Sys=30.8Mi, NumGC=435","level":"stat"}
{"@timestamp":"2025-02-16T10:29:13.265+08:00","caller":"load/sheddingstat.go:61","content":"(api) shedding_stat [1m], cpu: 17, total: 0, pass: 0, drop: 0","level":"stat"}
{"@timestamp":"2025-02-16T10:30:12.242+08:00","caller":"stat/usage.go:61","content":"CPU: 17m, MEMORY: Alloc=6.0Mi, TotalAlloc=2291.4Mi, Sys=30.8Mi, NumGC=437","level":"stat"}
{"@timestamp":"2025-02-16T10:30:13.265+08:00","caller":"load/sheddingstat.go:61","content":"(api) shedding_stat [1m], cpu: 17, total: 0, pass: 0, drop: 0","level":"stat"}
{"@timestamp":"2025-02-16T10:31:12.242+08:00","caller":"stat/usage.go:61","content":"CPU: 17m, MEMORY: Alloc=8.7Mi, TotalAlloc=2297.4Mi, Sys=30.8Mi, NumGC=438","level":"stat"}
{"@timestamp":"2025-02-16T10:31:13.264+08:00","caller":"load/sheddingstat.go:61","content":"(api) shedding_stat [1m], cpu: 17, total: 0, pass: 0, drop: 0","level":"stat"}
{"@timestamp":"2025-02-16T10:32:12.242+08:00","caller":"stat/usage.go:61","content":"CPU: 16m, MEMORY: Alloc=7.2Mi, TotalAlloc=2301.8Mi, Sys=30.8Mi, NumGC=439","level":"stat"}
{"@timestamp":"2025-02-16T10:32:13.264+08:00","caller":"load/sheddingstat.go:61","content":"(api) shedding_stat [1m], cpu: 16, total: 0, pass: 0, drop: 0","level":"stat"}
{"@timestamp":"2025-02-16T10:33:12.242+08:00","caller":"stat/usage.go:61","content":"CPU: 16m, MEMORY: Alloc=10.5Mi, TotalAlloc=2308.6Mi, Sys=30.8Mi, NumGC=440","level":"stat"}
{"@timestamp":"2025-02-16T10:33:13.264+08:00","caller":"load/sheddingstat.go:61","content":"(api) shedding_stat [1m], cpu: 17, total: 0, pass: 0, drop: 0","level":"stat"}
{"@timestamp":"2025-02-16T10:34:12.242+08:00","caller":"stat/usage.go:61","content":"CPU: 17m, MEMORY: Alloc=9.6Mi, TotalAlloc=2314.5Mi, Sys=30.8Mi, NumGC=441","level":"stat"}
{"@timestamp":"2025-02-16T10:34:13.265+08:00","caller":"load/sheddingstat.go:61","content":"(api) shedding_stat [1m], cpu: 16, total: 0, pass: 0, drop: 0","level":"stat"}
{"@timestamp":"2025-02-16T10:35:12.242+08:00","caller":"stat/usage.go:61","content":"CPU: 17m, MEMORY: Alloc=4.8Mi, TotalAlloc=2319.7Mi, Sys=30.8Mi, NumGC=443","level":"stat"}
{"@timestamp":"2025-02-16T10:35:13.265+08:00","caller":"load/sheddingstat.go:61","content":"(api) shedding_stat [1m], cpu: 17, total: 0, pass: 0, drop: 0","level":"stat"}
{"@timestamp":"2025-02-16T10:36:12.242+08:00","caller":"stat/usage.go:61","content":"CPU: 17m, MEMORY: Alloc=5.8Mi, TotalAlloc=2326.5Mi, Sys=30.8Mi, NumGC=445","level":"stat"}
{"@timestamp":"2025-02-16T10:36:13.264+08:00","caller":"load/sheddingstat.go:61","content":"(api) shedding_stat [1m], cpu: 16, total: 0, pass: 0, drop: 0","level":"stat"}
{"@timestamp":"2025-02-16T10:37:12.242+08:00","caller":"stat/usage.go:61","content":"CPU: 17m, MEMORY: Alloc=9.4Mi, TotalAlloc=2333.3Mi, Sys=30.8Mi, NumGC=446","level":"stat"}
{"@timestamp":"2025-02-16T10:37:13.264+08:00","caller":"load/sheddingstat.go:61","content":"(api) shedding_stat [1m], cpu: 17, total: 0, pass: 0, drop: 0","level":"stat"}
{"@timestamp":"2025-02-16T10:38:12.242+08:00","caller":"stat/usage.go:61","content":"CPU: 23m, MEMORY: Alloc=8.9Mi, TotalAlloc=2338.4Mi, Sys=30.8Mi, NumGC=447","level":"stat"}
{"@timestamp":"2025-02-16T10:38:13.264+08:00","caller":"load/sheddingstat.go:61","content":"(api) shedding_stat [1m], cpu: 23, total: 0, pass: 0, drop: 0","level":"stat"}
{"@timestamp":"2025-02-16T10:39:12.242+08:00","caller":"stat/usage.go:61","content":"CPU: 18m, MEMORY: Alloc=10.4Mi, TotalAlloc=2343.6Mi, Sys=30.8Mi, NumGC=448","level":"stat"}
{"@timestamp":"2025-02-16T10:39:13.265+08:00","caller":"load/sheddingstat.go:61","content":"(api) shedding_stat [1m], cpu: 18, total: 0, pass: 0, drop: 0","level":"stat"}
{"@timestamp":"2025-02-16T10:40:12.242+08:00","caller":"stat/usage.go:61","content":"CPU: 18m, MEMORY: Alloc=7.3Mi, TotalAlloc=2347.9Mi, Sys=30.8Mi, NumGC=449","level":"stat"}
{"@timestamp":"2025-02-16T10:40:13.265+08:00","caller":"load/sheddingstat.go:61","content":"(api) shedding_stat [1m], cpu: 17, total: 0, pass: 0, drop: 0","level":"stat"}
{"@timestamp":"2025-02-16T10:41:12.242+08:00","caller":"stat/usage.go:61","content":"CPU: 15m, MEMORY: Alloc=7.5Mi, TotalAlloc=2353.8Mi, Sys=30.8Mi, NumGC=450","level":"stat"}
{"@timestamp":"2025-02-16T10:41:13.264+08:00","caller":"load/sheddingstat.go:61","content":"(api) shedding_stat [1m], cpu: 17, total: 0, pass: 0, drop: 0","level":"stat"}
{"@timestamp":"2025-02-16T10:42:12.242+08:00","caller":"stat/usage.go:61","content":"CPU: 16m, MEMORY: Alloc=5.8Mi, TotalAlloc=2359.0Mi, Sys=30.8Mi, NumGC=451","level":"stat"}
{"@timestamp":"2025-02-16T10:42:13.265+08:00","caller":"load/sheddingstat.go:61","content":"(api) shedding_stat [1m], cpu: 17, total: 0, pass: 0, drop: 0","level":"stat"}
{"@timestamp":"2025-02-16T10:43:12.242+08:00","caller":"stat/usage.go:61","content":"CPU: 15m, MEMORY: Alloc=6.2Mi, TotalAlloc=2364.2Mi, Sys=30.8Mi, NumGC=452","level":"stat"}
{"@timestamp":"2025-02-16T10:43:13.264+08:00","caller":"load/sheddingstat.go:61","content":"(api) shedding_stat [1m], cpu: 17, total: 0, pass: 0, drop: 0","level":"stat"}
{"@timestamp":"2025-02-16T10:44:12.242+08:00","caller":"stat/usage.go:61","content":"CPU: 16m, MEMORY: Alloc=7.4Mi, TotalAlloc=2370.1Mi, Sys=30.8Mi, NumGC=453","level":"stat"}
{"@timestamp":"2025-02-16T10:44:13.263+08:00","caller":"load/sheddingstat.go:61","content":"(api) shedding_stat [1m], cpu: 18, total: 0, pass: 0, drop: 0","level":"stat"}
{"@timestamp":"2025-02-16T10:45:12.242+08:00","caller":"stat/usage.go:61","content":"CPU: 17m, MEMORY: Alloc=7.7Mi, TotalAlloc=2375.3Mi, Sys=30.8Mi, NumGC=454","level":"stat"}
{"@timestamp":"2025-02-16T10:45:13.265+08:00","caller":"load/sheddingstat.go:61","content":"(api) shedding_stat [1m], cpu: 16, total: 0, pass: 0, drop: 0","level":"stat"}
{"@timestamp":"2025-02-16T10:46:12.242+08:00","caller":"stat/usage.go:61","content":"CPU: 16m, MEMORY: Alloc=10.3Mi, TotalAlloc=2382.1Mi, Sys=30.8Mi, NumGC=455","level":"stat"}
{"@timestamp":"2025-02-16T10:46:13.264+08:00","caller":"load/sheddingstat.go:61","content":"(api) shedding_stat [1m], cpu: 16, total: 0, pass: 0, drop: 0","level":"stat"}
{"@timestamp":"2025-02-16T10:47:12.242+08:00","caller":"stat/usage.go:61","content":"CPU: 16m, MEMORY: Alloc=9.7Mi, TotalAlloc=2388.1Mi, Sys=30.8Mi, NumGC=456","level":"stat"}
{"@timestamp":"2025-02-16T10:47:13.264+08:00","caller":"load/sheddingstat.go:61","content":"(api) shedding_stat [1m], cpu: 16, total: 0, pass: 0, drop: 0","level":"stat"}
{"@timestamp":"2025-02-16T10:48:12.242+08:00","caller":"stat/usage.go:61","content":"CPU: 16m, MEMORY: Alloc=12.2Mi, TotalAlloc=2394.9Mi, Sys=30.8Mi, NumGC=457","level":"stat"}
{"@timestamp":"2025-02-16T10:48:13.264+08:00","caller":"load/sheddingstat.go:61","content":"(api) shedding_stat [1m], cpu: 16, total: 0, pass: 0, drop: 0","level":"stat"}
{"@timestamp":"2025-02-16T10:49:12.242+08:00","caller":"stat/usage.go:61","content":"CPU: 16m, MEMORY: Alloc=10.7Mi, TotalAlloc=2400.1Mi, Sys=30.8Mi, NumGC=458","level":"stat"}
{"@timestamp":"2025-02-16T10:49:13.264+08:00","caller":"load/sheddingstat.go:61","content":"(api) shedding_stat [1m], cpu: 17, total: 0, pass: 0, drop: 0","level":"stat"}
{"@timestamp":"2025-02-16T10:50:12.242+08:00","caller":"stat/usage.go:61","content":"CPU: 16m, MEMORY: Alloc=8.5Mi, TotalAlloc=2405.3Mi, Sys=30.8Mi, NumGC=459","level":"stat"}
{"@timestamp":"2025-02-16T10:50:13.264+08:00","caller":"load/sheddingstat.go:61","content":"(api) shedding_stat [1m], cpu: 16, total: 0, pass: 0, drop: 0","level":"stat"}
{"@timestamp":"2025-02-16T10:51:12.242+08:00","caller":"stat/usage.go:61","content":"CPU: 21m, MEMORY: Alloc=7.1Mi, TotalAlloc=2409.6Mi, Sys=30.8Mi, NumGC=460","level":"stat"}
{"@timestamp":"2025-02-16T10:51:13.264+08:00","caller":"load/sheddingstat.go:61","content":"(api) shedding_stat [1m], cpu: 22, total: 0, pass: 0, drop: 0","level":"stat"}
{"@timestamp":"2025-02-16T10:52:12.242+08:00","caller":"stat/usage.go:61","content":"CPU: 16m, MEMORY: Alloc=6.6Mi, TotalAlloc=2415.6Mi, Sys=30.8Mi, NumGC=461","level":"stat"}
{"@timestamp":"2025-02-16T10:52:13.264+08:00","caller":"load/sheddingstat.go:61","content":"(api) shedding_stat [1m], cpu: 16, total: 0, pass: 0, drop: 0","level":"stat"}
{"@timestamp":"2025-02-16T10:53:12.242+08:00","caller":"stat/usage.go:61","content":"CPU: 17m, MEMORY: Alloc=6.7Mi, TotalAlloc=2420.8Mi, Sys=30.8Mi, NumGC=462","level":"stat"}
{"@timestamp":"2025-02-16T10:53:13.264+08:00","caller":"load/sheddingstat.go:61","content":"(api) shedding_stat [1m], cpu: 18, total: 0, pass: 0, drop: 0","level":"stat"}
{"@timestamp":"2025-02-16T10:54:12.242+08:00","caller":"stat/usage.go:61","content":"CPU: 16m, MEMORY: Alloc=6.7Mi, TotalAlloc=2426.7Mi, Sys=30.8Mi, NumGC=463","level":"stat"}
{"@timestamp":"2025-02-16T10:54:13.265+08:00","caller":"load/sheddingstat.go:61","content":"(api) shedding_stat [1m], cpu: 16, total: 0, pass: 0, drop: 0","level":"stat"}
{"@timestamp":"2025-02-16T10:55:12.242+08:00","caller":"stat/usage.go:61","content":"CPU: 17m, MEMORY: Alloc=5.7Mi, TotalAlloc=2431.9Mi, Sys=30.8Mi, NumGC=464","level":"stat"}
{"@timestamp":"2025-02-16T10:55:13.264+08:00","caller":"load/sheddingstat.go:61","content":"(api) shedding_stat [1m], cpu: 17, total: 0, pass: 0, drop: 0","level":"stat"}
{"@timestamp":"2025-02-16T10:56:12.242+08:00","caller":"stat/usage.go:61","content":"CPU: 16m, MEMORY: Alloc=7.2Mi, TotalAlloc=2437.8Mi, Sys=30.8Mi, NumGC=465","level":"stat"}
{"@timestamp":"2025-02-16T10:56:13.264+08:00","caller":"load/sheddingstat.go:61","content":"(api) shedding_stat [1m], cpu: 16, total: 0, pass: 0, drop: 0","level":"stat"}
{"@timestamp":"2025-02-16T10:57:12.242+08:00","caller":"stat/usage.go:61","content":"CPU: 15m, MEMORY: Alloc=9.6Mi, TotalAlloc=2444.6Mi, Sys=30.8Mi, NumGC=466","level":"stat"}
{"@timestamp":"2025-02-16T10:57:13.264+08:00","caller":"load/sheddingstat.go:61","content":"(api) shedding_stat [1m], cpu: 15, total: 0, pass: 0, drop: 0","level":"stat"}
{"@timestamp":"2025-02-16T10:58:12.242+08:00","caller":"stat/usage.go:61","content":"CPU: 15m, MEMORY: Alloc=8.4Mi, TotalAlloc=2449.0Mi, Sys=30.8Mi, NumGC=467","level":"stat"}
{"@timestamp":"2025-02-16T10:58:13.264+08:00","caller":"load/sheddingstat.go:61","content":"(api) shedding_stat [1m], cpu: 15, total: 0, pass: 0, drop: 0","level":"stat"}
{"@timestamp":"2025-02-16T10:59:12.242+08:00","caller":"stat/usage.go:61","content":"CPU: 16m, MEMORY: Alloc=8.3Mi, TotalAlloc=2454.2Mi, Sys=30.8Mi, NumGC=468","level":"stat"}
{"@timestamp":"2025-02-16T10:59:13.264+08:00","caller":"load/sheddingstat.go:61","content":"(api) shedding_stat [1m], cpu: 16, total: 0, pass: 0, drop: 0","level":"stat"}
{"@timestamp":"2025-02-16T11:00:12.242+08:00","caller":"stat/usage.go:61","content":"CPU: 15m, MEMORY: Alloc=9.5Mi, TotalAlloc=2460.9Mi, Sys=30.8Mi, NumGC=469","level":"stat"}
{"@timestamp":"2025-02-16T11:00:13.265+08:00","caller":"load/sheddingstat.go:61","content":"(api) shedding_stat [1m], cpu: 16, total: 0, pass: 0, drop: 0","level":"stat"}
{"@timestamp":"2025-02-16T11:01:12.241+08:00","caller":"stat/usage.go:61","content":"CPU: 17m, MEMORY: Alloc=9.1Mi, TotalAlloc=2466.9Mi, Sys=30.8Mi, NumGC=470","level":"stat"}
{"@timestamp":"2025-02-16T11:01:13.264+08:00","caller":"load/sheddingstat.go:61","content":"(api) shedding_stat [1m], cpu: 18, total: 0, pass: 0, drop: 0","level":"stat"}
{"@timestamp":"2025-02-16T11:02:12.242+08:00","caller":"stat/usage.go:61","content":"CPU: 17m, MEMORY: Alloc=10.6Mi, TotalAlloc=2472.9Mi, Sys=30.8Mi, NumGC=471","level":"stat"}
{"@timestamp":"2025-02-16T11:02:13.265+08:00","caller":"load/sheddingstat.go:61","content":"(api) shedding_stat [1m], cpu: 18, total: 0, pass: 0, drop: 0","level":"stat"}
{"@timestamp":"2025-02-16T11:03:12.242+08:00","caller":"stat/usage.go:61","content":"CPU: 16m, MEMORY: Alloc=10.6Mi, TotalAlloc=2478.8Mi, Sys=30.8Mi, NumGC=472","level":"stat"}
{"@timestamp":"2025-02-16T11:03:13.264+08:00","caller":"load/sheddingstat.go:61","content":"(api) shedding_stat [1m], cpu: 17, total: 0, pass: 0, drop: 0","level":"stat"}
{"@timestamp":"2025-02-16T11:04:12.242+08:00","caller":"stat/usage.go:61","content":"CPU: 22m, MEMORY: Alloc=11.4Mi, TotalAlloc=2485.6Mi, Sys=30.8Mi, NumGC=473","level":"stat"}
{"@timestamp":"2025-02-16T11:04:13.264+08:00","caller":"load/sheddingstat.go:61","content":"(api) shedding_stat [1m], cpu: 21, total: 0, pass: 0, drop: 0","level":"stat"}
{"@timestamp":"2025-02-16T11:05:12.241+08:00","caller":"stat/usage.go:61","content":"CPU: 15m, MEMORY: Alloc=11.5Mi, TotalAlloc=2491.6Mi, Sys=30.8Mi, NumGC=474","level":"stat"}
{"@timestamp":"2025-02-16T11:05:13.264+08:00","caller":"load/sheddingstat.go:61","content":"(api) shedding_stat [1m], cpu: 15, total: 0, pass: 0, drop: 0","level":"stat"}
{"@timestamp":"2025-02-16T11:06:12.242+08:00","caller":"stat/usage.go:61","content":"CPU: 16m, MEMORY: Alloc=8.7Mi, TotalAlloc=2496.7Mi, Sys=30.8Mi, NumGC=475","level":"stat"}
{"@timestamp":"2025-02-16T11:06:13.264+08:00","caller":"load/sheddingstat.go:61","content":"(api) shedding_stat [1m], cpu: 15, total: 0, pass: 0, drop: 0","level":"stat"}
{"@timestamp":"2025-02-16T11:07:12.242+08:00","caller":"stat/usage.go:61","content":"CPU: 18m, MEMORY: Alloc=8.4Mi, TotalAlloc=2501.9Mi, Sys=30.8Mi, NumGC=476","level":"stat"}
{"@timestamp":"2025-02-16T11:07:13.264+08:00","caller":"load/sheddingstat.go:61","content":"(api) shedding_stat [1m], cpu: 18, total: 0, pass: 0, drop: 0","level":"stat"}
{"@timestamp":"2025-02-16T11:08:12.241+08:00","caller":"stat/usage.go:61","content":"CPU: 16m, MEMORY: Alloc=8.5Mi, TotalAlloc=2507.0Mi, Sys=30.8Mi, NumGC=477","level":"stat"}
{"@timestamp":"2025-02-16T11:08:13.264+08:00","caller":"load/sheddingstat.go:61","content":"(api) shedding_stat [1m], cpu: 16, total: 0, pass: 0, drop: 0","level":"stat"}
{"@timestamp":"2025-02-16T11:09:12.242+08:00","caller":"stat/usage.go:61","content":"CPU: 17m, MEMORY: Alloc=7.3Mi, TotalAlloc=2512.2Mi, Sys=30.8Mi, NumGC=478","level":"stat"}
{"@timestamp":"2025-02-16T11:09:13.264+08:00","caller":"load/sheddingstat.go:61","content":"(api) shedding_stat [1m], cpu: 17, total: 0, pass: 0, drop: 0","level":"stat"}
{"@timestamp":"2025-02-16T11:10:12.242+08:00","caller":"stat/usage.go:61","content":"CPU: 17m, MEMORY: Alloc=6.2Mi, TotalAlloc=2518.2Mi, Sys=30.8Mi, NumGC=479","level":"stat"}
{"@timestamp":"2025-02-16T11:10:13.264+08:00","caller":"load/sheddingstat.go:61","content":"(api) shedding_stat [1m], cpu: 18, total: 0, pass: 0, drop: 0","level":"stat"}
{"@timestamp":"2025-02-16T11:11:12.242+08:00","caller":"stat/usage.go:61","content":"CPU: 17m, MEMORY: Alloc=11.4Mi, TotalAlloc=2523.4Mi, Sys=30.8Mi, NumGC=479","level":"stat"}
{"@timestamp":"2025-02-16T11:11:13.264+08:00","caller":"load/sheddingstat.go:61","content":"(api) shedding_stat [1m], cpu: 18, total: 0, pass: 0, drop: 0","level":"stat"}
{"@timestamp":"2025-02-16T11:12:12.242+08:00","caller":"stat/usage.go:61","content":"CPU: 17m, MEMORY: Alloc=9.8Mi, TotalAlloc=2527.7Mi, Sys=30.8Mi, NumGC=480","level":"stat"}
{"@timestamp":"2025-02-16T11:12:13.264+08:00","caller":"load/sheddingstat.go:61","content":"(api) shedding_stat [1m], cpu: 17, total: 0, pass: 0, drop: 0","level":"stat"}
{"@timestamp":"2025-02-16T11:13:12.242+08:00","caller":"stat/usage.go:61","content":"CPU: 18m, MEMORY: Alloc=8.1Mi, TotalAlloc=2532.8Mi, Sys=30.8Mi, NumGC=481","level":"stat"}
{"@timestamp":"2025-02-16T11:13:13.264+08:00","caller":"load/sheddingstat.go:61","content":"(api) shedding_stat [1m], cpu: 19, total: 0, pass: 0, drop: 0","level":"stat"}
{"@timestamp":"2025-02-16T11:14:12.242+08:00","caller":"stat/usage.go:61","content":"CPU: 17m, MEMORY: Alloc=9.6Mi, TotalAlloc=2539.6Mi, Sys=30.8Mi, NumGC=482","level":"stat"}
{"@timestamp":"2025-02-16T11:14:13.264+08:00","caller":"load/sheddingstat.go:61","content":"(api) shedding_stat [1m], cpu: 17, total: 0, pass: 0, drop: 0","level":"stat"}
{"@timestamp":"2025-02-16T11:15:12.242+08:00","caller":"stat/usage.go:61","content":"CPU: 17m, MEMORY: Alloc=10.4Mi, TotalAlloc=2544.8Mi, Sys=30.8Mi, NumGC=483","level":"stat"}
{"@timestamp":"2025-02-16T11:15:13.264+08:00","caller":"load/sheddingstat.go:61","content":"(api) shedding_stat [1m], cpu: 17, total: 0, pass: 0, drop: 0","level":"stat"}
{"@timestamp":"2025-02-16T11:16:12.242+08:00","caller":"stat/usage.go:61","content":"CPU: 18m, MEMORY: Alloc=11.3Mi, TotalAlloc=2551.6Mi, Sys=30.8Mi, NumGC=484","level":"stat"}
{"@timestamp":"2025-02-16T11:16:13.264+08:00","caller":"load/sheddingstat.go:61","content":"(api) shedding_stat [1m], cpu: 18, total: 0, pass: 0, drop: 0","level":"stat"}
{"@timestamp":"2025-02-16T11:17:12.243+08:00","caller":"stat/usage.go:61","content":"CPU: 24m, MEMORY: Alloc=10.5Mi, TotalAlloc=2556.8Mi, Sys=30.8Mi, NumGC=485","level":"stat"}
{"@timestamp":"2025-02-16T11:17:13.264+08:00","caller":"load/sheddingstat.go:61","content":"(api) shedding_stat [1m], cpu: 25, total: 0, pass: 0, drop: 0","level":"stat"}
{"@timestamp":"2025-02-16T11:18:12.242+08:00","caller":"stat/usage.go:61","content":"CPU: 16m, MEMORY: Alloc=11.3Mi, TotalAlloc=2563.6Mi, Sys=30.8Mi, NumGC=486","level":"stat"}
{"@timestamp":"2025-02-16T11:18:13.264+08:00","caller":"load/sheddingstat.go:61","content":"(api) shedding_stat [1m], cpu: 18, total: 0, pass: 0, drop: 0","level":"stat"}
{"@timestamp":"2025-02-16T11:19:12.242+08:00","caller":"stat/usage.go:61","content":"CPU: 16m, MEMORY: Alloc=11.5Mi, TotalAlloc=2569.6Mi, Sys=30.8Mi, NumGC=487","level":"stat"}
{"@timestamp":"2025-02-16T11:19:13.265+08:00","caller":"load/sheddingstat.go:61","content":"(api) shedding_stat [1m], cpu: 17, total: 0, pass: 0, drop: 0","level":"stat"}
{"@timestamp":"2025-02-16T11:20:12.242+08:00","caller":"stat/usage.go:61","content":"CPU: 15m, MEMORY: Alloc=11.2Mi, TotalAlloc=2576.3Mi, Sys=30.8Mi, NumGC=488","level":"stat"}
{"@timestamp":"2025-02-16T11:20:13.264+08:00","caller":"load/sheddingstat.go:61","content":"(api) shedding_stat [1m], cpu: 18, total: 0, pass: 0, drop: 0","level":"stat"}
{"@timestamp":"2025-02-16T11:21:12.243+08:00","caller":"stat/usage.go:61","content":"CPU: 17m, MEMORY: Alloc=9.8Mi, TotalAlloc=2581.5Mi, Sys=30.8Mi, NumGC=489","level":"stat"}
{"@timestamp":"2025-02-16T11:21:13.264+08:00","caller":"load/sheddingstat.go:61","content":"(api) shedding_stat [1m], cpu: 18, total: 0, pass: 0, drop: 0","level":"stat"}
{"@timestamp":"2025-02-16T11:22:12.242+08:00","caller":"stat/usage.go:61","content":"CPU: 15m, MEMORY: Alloc=6.8Mi, TotalAlloc=2585.9Mi, Sys=30.8Mi, NumGC=490","level":"stat"}
{"@timestamp":"2025-02-16T11:22:13.264+08:00","caller":"load/sheddingstat.go:61","content":"(api) shedding_stat [1m], cpu: 15, total: 0, pass: 0, drop: 0","level":"stat"}
{"@timestamp":"2025-02-16T11:23:12.242+08:00","caller":"stat/usage.go:61","content":"CPU: 16m, MEMORY: Alloc=7.9Mi, TotalAlloc=2592.7Mi, Sys=30.8Mi, NumGC=491","level":"stat"}
{"@timestamp":"2025-02-16T11:23:13.264+08:00","caller":"load/sheddingstat.go:61","content":"(api) shedding_stat [1m], cpu: 16, total: 0, pass: 0, drop: 0","level":"stat"}
{"@timestamp":"2025-02-16T11:24:12.242+08:00","caller":"stat/usage.go:61","content":"CPU: 17m, MEMORY: Alloc=5.8Mi, TotalAlloc=2597.8Mi, Sys=30.8Mi, NumGC=492","level":"stat"}
{"@timestamp":"2025-02-16T11:24:13.264+08:00","caller":"load/sheddingstat.go:61","content":"(api) shedding_stat [1m], cpu: 18, total: 0, pass: 0, drop: 0","level":"stat"}
{"@timestamp":"2025-02-16T11:25:12.242+08:00","caller":"stat/usage.go:61","content":"CPU: 16m, MEMORY: Alloc=6.5Mi, TotalAlloc=2603.0Mi, Sys=30.8Mi, NumGC=493","level":"stat"}
{"@timestamp":"2025-02-16T11:25:13.265+08:00","caller":"load/sheddingstat.go:61","content":"(api) shedding_stat [1m], cpu: 16, total: 0, pass: 0, drop: 0","level":"stat"}
{"@timestamp":"2025-02-16T11:26:12.241+08:00","caller":"stat/usage.go:61","content":"CPU: 17m, MEMORY: Alloc=7.4Mi, TotalAlloc=2608.9Mi, Sys=30.8Mi, NumGC=494","level":"stat"}
{"@timestamp":"2025-02-16T11:26:13.264+08:00","caller":"load/sheddingstat.go:61","content":"(api) shedding_stat [1m], cpu: 16, total: 0, pass: 0, drop: 0","level":"stat"}
{"@timestamp":"2025-02-16T11:27:12.242+08:00","caller":"stat/usage.go:61","content":"CPU: 15m, MEMORY: Alloc=9.1Mi, TotalAlloc=2615.6Mi, Sys=30.8Mi, NumGC=495","level":"stat"}
{"@timestamp":"2025-02-16T11:27:13.264+08:00","caller":"load/sheddingstat.go:61","content":"(api) shedding_stat [1m], cpu: 16, total: 0, pass: 0, drop: 0","level":"stat"}
{"@timestamp":"2025-02-16T11:28:12.241+08:00","caller":"stat/usage.go:61","content":"CPU: 16m, MEMORY: Alloc=9.8Mi, TotalAlloc=2620.8Mi, Sys=30.8Mi, NumGC=496","level":"stat"}
{"@timestamp":"2025-02-16T11:28:13.264+08:00","caller":"load/sheddingstat.go:61","content":"(api) shedding_stat [1m], cpu: 16, total: 0, pass: 0, drop: 0","level":"stat"}
{"@timestamp":"2025-02-16T11:29:12.243+08:00","caller":"stat/usage.go:61","content":"CPU: 15m, MEMORY: Alloc=10.4Mi, TotalAlloc=2626.8Mi, Sys=30.8Mi, NumGC=497","level":"stat"}
{"@timestamp":"2025-02-16T11:29:13.264+08:00","caller":"load/sheddingstat.go:61","content":"(api) shedding_stat [1m], cpu: 16, total: 0, pass: 0, drop: 0","level":"stat"}
{"@timestamp":"2025-02-16T11:30:12.242+08:00","caller":"stat/usage.go:61","content":"CPU: 21m, MEMORY: Alloc=9.1Mi, TotalAlloc=2631.9Mi, Sys=30.8Mi, NumGC=498","level":"stat"}
{"@timestamp":"2025-02-16T11:30:13.264+08:00","caller":"load/sheddingstat.go:61","content":"(api) shedding_stat [1m], cpu: 21, total: 0, pass: 0, drop: 0","level":"stat"}
{"@timestamp":"2025-02-16T11:31:12.242+08:00","caller":"stat/usage.go:61","content":"CPU: 18m, MEMORY: Alloc=13.4Mi, TotalAlloc=2636.3Mi, Sys=30.8Mi, NumGC=498","level":"stat"}
{"@timestamp":"2025-02-16T11:31:13.264+08:00","caller":"load/sheddingstat.go:61","content":"(api) shedding_stat [1m], cpu: 18, total: 0, pass: 0, drop: 0","level":"stat"}
{"@timestamp":"2025-02-16T11:32:12.242+08:00","caller":"stat/usage.go:61","content":"CPU: 17m, MEMORY: Alloc=6.6Mi, TotalAlloc=2642.3Mi, Sys=30.8Mi, NumGC=500","level":"stat"}
{"@timestamp":"2025-02-16T11:32:13.265+08:00","caller":"load/sheddingstat.go:61","content":"(api) shedding_stat [1m], cpu: 18, total: 0, pass: 0, drop: 0","level":"stat"}
{"@timestamp":"2025-02-16T11:33:12.242+08:00","caller":"stat/usage.go:61","content":"CPU: 17m, MEMORY: Alloc=10.9Mi, TotalAlloc=2646.6Mi, Sys=30.8Mi, NumGC=500","level":"stat"}
{"@timestamp":"2025-02-16T11:33:13.264+08:00","caller":"load/sheddingstat.go:61","content":"(api) shedding_stat [1m], cpu: 16, total: 0, pass: 0, drop: 0","level":"stat"}
{"@timestamp":"2025-02-16T11:34:12.242+08:00","caller":"stat/usage.go:61","content":"CPU: 16m, MEMORY: Alloc=10.3Mi, TotalAlloc=2651.7Mi, Sys=30.8Mi, NumGC=501","level":"stat"}
{"@timestamp":"2025-02-16T11:34:13.264+08:00","caller":"load/sheddingstat.go:61","content":"(api) shedding_stat [1m], cpu: 16, total: 0, pass: 0, drop: 0","level":"stat"}
{"@timestamp":"2025-02-16T11:35:12.242+08:00","caller":"stat/usage.go:61","content":"CPU: 17m, MEMORY: Alloc=10.4Mi, TotalAlloc=2657.7Mi, Sys=30.8Mi, NumGC=502","level":"stat"}
{"@timestamp":"2025-02-16T11:35:13.264+08:00","caller":"load/sheddingstat.go:61","content":"(api) shedding_stat [1m], cpu: 16, total: 0, pass: 0, drop: 0","level":"stat"}
{"@timestamp":"2025-02-16T11:36:12.242+08:00","caller":"stat/usage.go:61","content":"CPU: 16m, MEMORY: Alloc=9.8Mi, TotalAlloc=2663.7Mi, Sys=30.8Mi, NumGC=503","level":"stat"}
{"@timestamp":"2025-02-16T11:36:13.264+08:00","caller":"load/sheddingstat.go:61","content":"(api) shedding_stat [1m], cpu: 16, total: 0, pass: 0, drop: 0","level":"stat"}
{"@timestamp":"2025-02-16T11:37:12.242+08:00","caller":"stat/usage.go:61","content":"CPU: 16m, MEMORY: Alloc=8.1Mi, TotalAlloc=2671.3Mi, Sys=30.8Mi, NumGC=505","level":"stat"}
{"@timestamp":"2025-02-16T11:37:13.265+08:00","caller":"load/sheddingstat.go:61","content":"(api) shedding_stat [1m], cpu: 16, total: 0, pass: 0, drop: 0","level":"stat"}
{"@timestamp":"2025-02-16T11:38:12.241+08:00","caller":"stat/usage.go:61","content":"CPU: 16m, MEMORY: Alloc=7.6Mi, TotalAlloc=2677.2Mi, Sys=30.8Mi, NumGC=506","level":"stat"}
{"@timestamp":"2025-02-16T11:38:13.264+08:00","caller":"load/sheddingstat.go:61","content":"(api) shedding_stat [1m], cpu: 16, total: 0, pass: 0, drop: 0","level":"stat"}
{"@timestamp":"2025-02-16T11:39:12.242+08:00","caller":"stat/usage.go:61","content":"CPU: 17m, MEMORY: Alloc=9.7Mi, TotalAlloc=2684.0Mi, Sys=30.8Mi, NumGC=507","level":"stat"}
{"@timestamp":"2025-02-16T11:39:13.264+08:00","caller":"load/sheddingstat.go:61","content":"(api) shedding_stat [1m], cpu: 17, total: 0, pass: 0, drop: 0","level":"stat"}
{"@timestamp":"2025-02-16T11:40:12.242+08:00","caller":"stat/usage.go:61","content":"CPU: 17m, MEMORY: Alloc=10.4Mi, TotalAlloc=2690.1Mi, Sys=30.8Mi, NumGC=508","level":"stat"}
{"@timestamp":"2025-02-16T11:40:13.264+08:00","caller":"load/sheddingstat.go:61","content":"(api) shedding_stat [1m], cpu: 17, total: 0, pass: 0, drop: 0","level":"stat"}
{"@timestamp":"2025-02-16T11:41:12.241+08:00","caller":"stat/usage.go:61","content":"CPU: 16m, MEMORY: Alloc=7.4Mi, TotalAlloc=2697.7Mi, Sys=30.8Mi, NumGC=510","level":"stat"}
{"@timestamp":"2025-02-16T11:41:13.264+08:00","caller":"load/sheddingstat.go:61","content":"(api) shedding_stat [1m], cpu: 16, total: 0, pass: 0, drop: 0","level":"stat"}
{"@timestamp":"2025-02-16T11:42:12.243+08:00","caller":"stat/usage.go:61","content":"CPU: 17m, MEMORY: Alloc=11.7Mi, TotalAlloc=2702.0Mi, Sys=30.8Mi, NumGC=510","level":"stat"}
{"@timestamp":"2025-02-16T11:42:13.264+08:00","caller":"load/sheddingstat.go:61","content":"(api) shedding_stat [1m], cpu: 18, total: 0, pass: 0, drop: 0","level":"stat"}
{"@timestamp":"2025-02-16T11:43:12.241+08:00","caller":"stat/usage.go:61","content":"CPU: 23m, MEMORY: Alloc=9.9Mi, TotalAlloc=2707.1Mi, Sys=30.8Mi, NumGC=511","level":"stat"}
{"@timestamp":"2025-02-16T11:43:13.265+08:00","caller":"load/sheddingstat.go:61","content":"(api) shedding_stat [1m], cpu: 22, total: 0, pass: 0, drop: 0","level":"stat"}
{"@timestamp":"2025-02-16T11:44:12.241+08:00","caller":"stat/usage.go:61","content":"CPU: 17m, MEMORY: Alloc=9.8Mi, TotalAlloc=2713.1Mi, Sys=30.8Mi, NumGC=512","level":"stat"}
{"@timestamp":"2025-02-16T11:44:13.264+08:00","caller":"load/sheddingstat.go:61","content":"(api) shedding_stat [1m], cpu: 17, total: 0, pass: 0, drop: 0","level":"stat"}
{"@timestamp":"2025-02-16T11:45:12.241+08:00","caller":"stat/usage.go:61","content":"CPU: 17m, MEMORY: Alloc=6.6Mi, TotalAlloc=2718.2Mi, Sys=30.8Mi, NumGC=514","level":"stat"}
{"@timestamp":"2025-02-16T11:45:13.264+08:00","caller":"load/sheddingstat.go:61","content":"(api) shedding_stat [1m], cpu: 17, total: 0, pass: 0, drop: 0","level":"stat"}
{"@timestamp":"2025-02-16T11:46:12.241+08:00","caller":"stat/usage.go:61","content":"CPU: 17m, MEMORY: Alloc=8.5Mi, TotalAlloc=2724.2Mi, Sys=30.8Mi, NumGC=515","level":"stat"}
{"@timestamp":"2025-02-16T11:46:13.265+08:00","caller":"load/sheddingstat.go:61","content":"(api) shedding_stat [1m], cpu: 17, total: 0, pass: 0, drop: 0","level":"stat"}
{"@timestamp":"2025-02-16T11:47:12.242+08:00","caller":"stat/usage.go:61","content":"CPU: 18m, MEMORY: Alloc=7.6Mi, TotalAlloc=2729.4Mi, Sys=30.8Mi, NumGC=516","level":"stat"}
{"@timestamp":"2025-02-16T11:47:13.264+08:00","caller":"load/sheddingstat.go:61","content":"(api) shedding_stat [1m], cpu: 18, total: 0, pass: 0, drop: 0","level":"stat"}
{"@timestamp":"2025-02-16T11:48:12.243+08:00","caller":"stat/usage.go:61","content":"CPU: 16m, MEMORY: Alloc=7.1Mi, TotalAlloc=2734.5Mi, Sys=30.8Mi, NumGC=517","level":"stat"}
{"@timestamp":"2025-02-16T11:48:13.263+08:00","caller":"load/sheddingstat.go:61","content":"(api) shedding_stat [1m], cpu: 17, total: 0, pass: 0, drop: 0","level":"stat"}
{"@timestamp":"2025-02-16T11:49:12.242+08:00","caller":"stat/usage.go:61","content":"CPU: 18m, MEMORY: Alloc=6.7Mi, TotalAlloc=2739.7Mi, Sys=30.8Mi, NumGC=518","level":"stat"}
{"@timestamp":"2025-02-16T11:49:13.265+08:00","caller":"load/sheddingstat.go:61","content":"(api) shedding_stat [1m], cpu: 18, total: 0, pass: 0, drop: 0","level":"stat"}
{"@timestamp":"2025-02-16T11:50:12.242+08:00","caller":"stat/usage.go:61","content":"CPU: 17m, MEMORY: Alloc=7.2Mi, TotalAlloc=2745.7Mi, Sys=30.8Mi, NumGC=519","level":"stat"}
{"@timestamp":"2025-02-16T11:50:13.265+08:00","caller":"load/sheddingstat.go:61","content":"(api) shedding_stat [1m], cpu: 18, total: 0, pass: 0, drop: 0","level":"stat"}
{"@timestamp":"2025-02-16T11:51:12.242+08:00","caller":"stat/usage.go:61","content":"CPU: 18m, MEMORY: Alloc=11.5Mi, TotalAlloc=2750.1Mi, Sys=30.8Mi, NumGC=519","level":"stat"}
{"@timestamp":"2025-02-16T11:51:13.264+08:00","caller":"load/sheddingstat.go:61","content":"(api) shedding_stat [1m], cpu: 20, total: 0, pass: 0, drop: 0","level":"stat"}
{"@timestamp":"2025-02-16T11:52:12.242+08:00","caller":"stat/usage.go:61","content":"CPU: 17m, MEMORY: Alloc=11.5Mi, TotalAlloc=2756.0Mi, Sys=30.8Mi, NumGC=520","level":"stat"}
{"@timestamp":"2025-02-16T11:52:13.264+08:00","caller":"load/sheddingstat.go:61","content":"(api) shedding_stat [1m], cpu: 18, total: 0, pass: 0, drop: 0","level":"stat"}
{"@timestamp":"2025-02-16T11:53:12.242+08:00","caller":"stat/usage.go:61","content":"CPU: 15m, MEMORY: Alloc=6.5Mi, TotalAlloc=2762.7Mi, Sys=30.8Mi, NumGC=522","level":"stat"}
{"@timestamp":"2025-02-16T11:53:13.264+08:00","caller":"load/sheddingstat.go:61","content":"(api) shedding_stat [1m], cpu: 17, total: 0, pass: 0, drop: 0","level":"stat"}
{"@timestamp":"2025-02-16T11:54:12.242+08:00","caller":"stat/usage.go:61","content":"CPU: 16m, MEMORY: Alloc=10.9Mi, TotalAlloc=2767.1Mi, Sys=30.8Mi, NumGC=522","level":"stat"}
{"@timestamp":"2025-02-16T11:54:13.264+08:00","caller":"load/sheddingstat.go:61","content":"(api) shedding_stat [1m], cpu: 18, total: 0, pass: 0, drop: 0","level":"stat"}
{"@timestamp":"2025-02-16T11:55:12.242+08:00","caller":"stat/usage.go:61","content":"CPU: 16m, MEMORY: Alloc=10.6Mi, TotalAlloc=2772.2Mi, Sys=30.8Mi, NumGC=523","level":"stat"}
{"@timestamp":"2025-02-16T11:55:13.264+08:00","caller":"load/sheddingstat.go:61","content":"(api) shedding_stat [1m], cpu: 18, total: 0, pass: 0, drop: 0","level":"stat"}
{"@timestamp":"2025-02-16T11:56:12.242+08:00","caller":"stat/usage.go:61","content":"CPU: 20m, MEMORY: Alloc=7.8Mi, TotalAlloc=2777.4Mi, Sys=30.8Mi, NumGC=524","level":"stat"}
{"@timestamp":"2025-02-16T11:56:13.264+08:00","caller":"load/sheddingstat.go:61","content":"(api) shedding_stat [1m], cpu: 20, total: 0, pass: 0, drop: 0","level":"stat"}
{"@timestamp":"2025-02-16T11:57:12.241+08:00","caller":"stat/usage.go:61","content":"CPU: 17m, MEMORY: Alloc=8.6Mi, TotalAlloc=2783.3Mi, Sys=30.8Mi, NumGC=525","level":"stat"}
{"@timestamp":"2025-02-16T11:57:13.264+08:00","caller":"load/sheddingstat.go:61","content":"(api) shedding_stat [1m], cpu: 17, total: 0, pass: 0, drop: 0","level":"stat"}
{"@timestamp":"2025-02-16T11:58:12.243+08:00","caller":"stat/usage.go:61","content":"CPU: 16m, MEMORY: Alloc=9.8Mi, TotalAlloc=2789.3Mi, Sys=30.8Mi, NumGC=526","level":"stat"}
{"@timestamp":"2025-02-16T11:58:13.264+08:00","caller":"load/sheddingstat.go:61","content":"(api) shedding_stat [1m], cpu: 16, total: 0, pass: 0, drop: 0","level":"stat"}
{"@timestamp":"2025-02-16T11:59:12.242+08:00","caller":"stat/usage.go:61","content":"CPU: 17m, MEMORY: Alloc=9.6Mi, TotalAlloc=2795.3Mi, Sys=30.8Mi, NumGC=527","level":"stat"}
{"@timestamp":"2025-02-16T11:59:13.264+08:00","caller":"load/sheddingstat.go:61","content":"(api) shedding_stat [1m], cpu: 17, total: 0, pass: 0, drop: 0","level":"stat"}
{"@timestamp":"2025-02-16T12:00:12.242+08:00","caller":"stat/usage.go:61","content":"CPU: 17m, MEMORY: Alloc=8.5Mi, TotalAlloc=2799.7Mi, Sys=30.8Mi, NumGC=528","level":"stat"}
{"@timestamp":"2025-02-16T12:00:13.265+08:00","caller":"load/sheddingstat.go:61","content":"(api) shedding_stat [1m], cpu: 18, total: 0, pass: 0, drop: 0","level":"stat"}
{"@timestamp":"2025-02-16T12:01:12.241+08:00","caller":"stat/usage.go:61","content":"CPU: 16m, MEMORY: Alloc=8.8Mi, TotalAlloc=2805.7Mi, Sys=30.8Mi, NumGC=529","level":"stat"}
{"@timestamp":"2025-02-16T12:01:13.264+08:00","caller":"load/sheddingstat.go:61","content":"(api) shedding_stat [1m], cpu: 16, total: 0, pass: 0, drop: 0","level":"stat"}
{"@timestamp":"2025-02-16T12:02:12.242+08:00","caller":"stat/usage.go:61","content":"CPU: 15m, MEMORY: Alloc=9.6Mi, TotalAlloc=2812.5Mi, Sys=30.8Mi, NumGC=530","level":"stat"}
{"@timestamp":"2025-02-16T12:02:13.264+08:00","caller":"load/sheddingstat.go:61","content":"(api) shedding_stat [1m], cpu: 15, total: 0, pass: 0, drop: 0","level":"stat"}
{"@timestamp":"2025-02-16T12:03:12.242+08:00","caller":"stat/usage.go:61","content":"CPU: 16m, MEMORY: Alloc=10.5Mi, TotalAlloc=2819.3Mi, Sys=30.8Mi, NumGC=531","level":"stat"}
{"@timestamp":"2025-02-16T12:03:13.264+08:00","caller":"load/sheddingstat.go:61","content":"(api) shedding_stat [1m], cpu: 16, total: 0, pass: 0, drop: 0","level":"stat"}
{"@timestamp":"2025-02-16T12:04:12.242+08:00","caller":"stat/usage.go:61","content":"CPU: 15m, MEMORY: Alloc=10.3Mi, TotalAlloc=2824.5Mi, Sys=30.8Mi, NumGC=532","level":"stat"}
{"@timestamp":"2025-02-16T12:04:13.265+08:00","caller":"load/sheddingstat.go:61","content":"(api) shedding_stat [1m], cpu: 15, total: 0, pass: 0, drop: 0","level":"stat"}
{"@timestamp":"2025-02-16T12:05:12.242+08:00","caller":"stat/usage.go:61","content":"CPU: 17m, MEMORY: Alloc=8.2Mi, TotalAlloc=2828.8Mi, Sys=30.8Mi, NumGC=533","level":"stat"}
{"@timestamp":"2025-02-16T12:05:13.264+08:00","caller":"load/sheddingstat.go:61","content":"(api) shedding_stat [1m], cpu: 16, total: 0, pass: 0, drop: 0","level":"stat"}
{"@timestamp":"2025-02-16T12:06:12.242+08:00","caller":"stat/usage.go:61","content":"CPU: 17m, MEMORY: Alloc=7.9Mi, TotalAlloc=2835.6Mi, Sys=30.8Mi, NumGC=534","level":"stat"}
{"@timestamp":"2025-02-16T12:06:13.264+08:00","caller":"load/sheddingstat.go:61","content":"(api) shedding_stat [1m], cpu: 17, total: 0, pass: 0, drop: 0","level":"stat"}
{"@timestamp":"2025-02-16T12:07:12.243+08:00","caller":"stat/usage.go:61","content":"CPU: 17m, MEMORY: Alloc=7.6Mi, TotalAlloc=2841.5Mi, Sys=30.8Mi, NumGC=535","level":"stat"}
{"@timestamp":"2025-02-16T12:07:13.264+08:00","caller":"load/sheddingstat.go:61","content":"(api) shedding_stat [1m], cpu: 17, total: 0, pass: 0, drop: 0","level":"stat"}
{"@timestamp":"2025-02-16T12:08:12.242+08:00","caller":"stat/usage.go:61","content":"CPU: 17m, MEMORY: Alloc=8.2Mi, TotalAlloc=2847.5Mi, Sys=30.8Mi, NumGC=536","level":"stat"}
{"@timestamp":"2025-02-16T12:08:13.264+08:00","caller":"load/sheddingstat.go:61","content":"(api) shedding_stat [1m], cpu: 17, total: 0, pass: 0, drop: 0","level":"stat"}
{"@timestamp":"2025-02-16T12:09:12.242+08:00","caller":"stat/usage.go:61","content":"CPU: 22m, MEMORY: Alloc=8.6Mi, TotalAlloc=2853.5Mi, Sys=30.8Mi, NumGC=537","level":"stat"}
{"@timestamp":"2025-02-16T12:09:13.265+08:00","caller":"load/sheddingstat.go:61","content":"(api) shedding_stat [1m], cpu: 22, total: 0, pass: 0, drop: 0","level":"stat"}
{"@timestamp":"2025-02-16T12:10:12.242+08:00","caller":"stat/usage.go:61","content":"CPU: 16m, MEMORY: Alloc=7.3Mi, TotalAlloc=2858.7Mi, Sys=30.8Mi, NumGC=538","level":"stat"}
{"@timestamp":"2025-02-16T12:10:13.264+08:00","caller":"load/sheddingstat.go:61","content":"(api) shedding_stat [1m], cpu: 17, total: 0, pass: 0, drop: 0","level":"stat"}
{"@timestamp":"2025-02-16T12:11:12.241+08:00","caller":"stat/usage.go:61","content":"CPU: 18m, MEMORY: Alloc=10.4Mi, TotalAlloc=2866.3Mi, Sys=30.8Mi, NumGC=539","level":"stat"}
{"@timestamp":"2025-02-16T12:11:13.264+08:00","caller":"load/sheddingstat.go:61","content":"(api) shedding_stat [1m], cpu: 18, total: 0, pass: 0, drop: 0","level":"stat"}
{"@timestamp":"2025-02-16T12:12:12.242+08:00","caller":"stat/usage.go:61","content":"CPU: 16m, MEMORY: Alloc=11.3Mi, TotalAlloc=2873.0Mi, Sys=30.8Mi, NumGC=540","level":"stat"}
{"@timestamp":"2025-02-16T12:12:13.264+08:00","caller":"load/sheddingstat.go:61","content":"(api) shedding_stat [1m], cpu: 16, total: 0, pass: 0, drop: 0","level":"stat"}
{"@timestamp":"2025-02-16T12:13:12.243+08:00","caller":"stat/usage.go:61","content":"CPU: 16m, MEMORY: Alloc=10.2Mi, TotalAlloc=2878.2Mi, Sys=30.8Mi, NumGC=541","level":"stat"}
{"@timestamp":"2025-02-16T12:13:13.264+08:00","caller":"load/sheddingstat.go:61","content":"(api) shedding_stat [1m], cpu: 15, total: 0, pass: 0, drop: 0","level":"stat"}
{"@timestamp":"2025-02-16T12:14:12.242+08:00","caller":"stat/usage.go:61","content":"CPU: 17m, MEMORY: Alloc=10.5Mi, TotalAlloc=2885.0Mi, Sys=30.8Mi, NumGC=542","level":"stat"}
{"@timestamp":"2025-02-16T12:14:13.265+08:00","caller":"load/sheddingstat.go:61","content":"(api) shedding_stat [1m], cpu: 17, total: 0, pass: 0, drop: 0","level":"stat"}
{"@timestamp":"2025-02-16T12:15:12.242+08:00","caller":"stat/usage.go:61","content":"CPU: 18m, MEMORY: Alloc=9.6Mi, TotalAlloc=2889.3Mi, Sys=30.8Mi, NumGC=543","level":"stat"}
{"@timestamp":"2025-02-16T12:15:13.264+08:00","caller":"load/sheddingstat.go:61","content":"(api) shedding_stat [1m], cpu: 17, total: 0, pass: 0, drop: 0","level":"stat"}
{"@timestamp":"2025-02-16T12:16:12.242+08:00","caller":"stat/usage.go:61","content":"CPU: 16m, MEMORY: Alloc=9.7Mi, TotalAlloc=2894.5Mi, Sys=30.8Mi, NumGC=544","level":"stat"}
{"@timestamp":"2025-02-16T12:16:13.265+08:00","caller":"load/sheddingstat.go:61","content":"(api) shedding_stat [1m], cpu: 16, total: 0, pass: 0, drop: 0","level":"stat"}
{"@timestamp":"2025-02-16T12:17:12.242+08:00","caller":"stat/usage.go:61","content":"CPU: 18m, MEMORY: Alloc=10.3Mi, TotalAlloc=2900.4Mi, Sys=30.8Mi, NumGC=545","level":"stat"}
{"@timestamp":"2025-02-16T12:17:13.265+08:00","caller":"load/sheddingstat.go:61","content":"(api) shedding_stat [1m], cpu: 18, total: 0, pass: 0, drop: 0","level":"stat"}
{"@timestamp":"2025-02-16T12:18:12.242+08:00","caller":"stat/usage.go:61","content":"CPU: 71m, MEMORY: Alloc=7.5Mi, TotalAlloc=2908.0Mi, Sys=30.8Mi, NumGC=547","level":"stat"}
{"@timestamp":"2025-02-16T12:18:13.264+08:00","caller":"load/sheddingstat.go:61","content":"(api) shedding_stat [1m], cpu: 62, total: 0, pass: 0, drop: 0","level":"stat"}
{"@timestamp":"2025-02-16T12:19:12.242+08:00","caller":"stat/usage.go:61","content":"CPU: 18m, MEMORY: Alloc=7.0Mi, TotalAlloc=2914.1Mi, Sys=30.8Mi, NumGC=548","level":"stat"}
{"@timestamp":"2025-02-16T12:19:13.264+08:00","caller":"load/sheddingstat.go:61","content":"(api) shedding_stat [1m], cpu: 18, total: 0, pass: 0, drop: 0","level":"stat"}
{"@timestamp":"2025-02-16T12:20:12.242+08:00","caller":"stat/usage.go:61","content":"CPU: 21m, MEMORY: Alloc=8.0Mi, TotalAlloc=2920.0Mi, Sys=30.8Mi, NumGC=549","level":"stat"}
{"@timestamp":"2025-02-16T12:20:13.264+08:00","caller":"load/sheddingstat.go:61","content":"(api) shedding_stat [1m], cpu: 21, total: 0, pass: 0, drop: 0","level":"stat"}
{"@timestamp":"2025-02-16T12:21:12.242+08:00","caller":"stat/usage.go:61","content":"CPU: 21m, MEMORY: Alloc=10.7Mi, TotalAlloc=2926.8Mi, Sys=30.8Mi, NumGC=550","level":"stat"}
{"@timestamp":"2025-02-16T12:21:13.264+08:00","caller":"load/sheddingstat.go:61","content":"(api) shedding_stat [1m], cpu: 21, total: 0, pass: 0, drop: 0","level":"stat"}
{"@timestamp":"2025-02-16T12:22:12.242+08:00","caller":"stat/usage.go:61","content":"CPU: 19m, MEMORY: Alloc=9.6Mi, TotalAlloc=2932.8Mi, Sys=30.8Mi, NumGC=551","level":"stat"}
{"@timestamp":"2025-02-16T12:22:13.264+08:00","caller":"load/sheddingstat.go:61","content":"(api) shedding_stat [1m], cpu: 20, total: 0, pass: 0, drop: 0","level":"stat"}
{"@timestamp":"2025-02-16T12:23:12.243+08:00","caller":"stat/usage.go:61","content":"CPU: 20m, MEMORY: Alloc=10.3Mi, TotalAlloc=2938.7Mi, Sys=30.8Mi, NumGC=552","level":"stat"}
{"@timestamp":"2025-02-16T12:23:13.265+08:00","caller":"load/sheddingstat.go:61","content":"(api) shedding_stat [1m], cpu: 20, total: 0, pass: 0, drop: 0","level":"stat"}
{"@timestamp":"2025-02-16T12:24:12.242+08:00","caller":"stat/usage.go:61","content":"CPU: 17m, MEMORY: Alloc=11.5Mi, TotalAlloc=2945.5Mi, Sys=30.8Mi, NumGC=553","level":"stat"}
{"@timestamp":"2025-02-16T12:24:13.264+08:00","caller":"load/sheddingstat.go:61","content":"(api) shedding_stat [1m], cpu: 17, total: 0, pass: 0, drop: 0","level":"stat"}
{"@timestamp":"2025-02-16T12:25:12.242+08:00","caller":"stat/usage.go:61","content":"CPU: 16m, MEMORY: Alloc=10.6Mi, TotalAlloc=2950.7Mi, Sys=30.8Mi, NumGC=554","level":"stat"}
{"@timestamp":"2025-02-16T12:25:13.264+08:00","caller":"load/sheddingstat.go:61","content":"(api) shedding_stat [1m], cpu: 16, total: 0, pass: 0, drop: 0","level":"stat"}
{"@timestamp":"2025-02-16T12:26:12.242+08:00","caller":"stat/usage.go:61","content":"CPU: 19m, MEMORY: Alloc=6.7Mi, TotalAlloc=2958.3Mi, Sys=30.8Mi, NumGC=556","level":"stat"}
{"@timestamp":"2025-02-16T12:26:13.264+08:00","caller":"load/sheddingstat.go:61","content":"(api) shedding_stat [1m], cpu: 18, total: 0, pass: 0, drop: 0","level":"stat"}
{"@timestamp":"2025-02-16T12:27:12.242+08:00","caller":"stat/usage.go:61","content":"CPU: 17m, MEMORY: Alloc=7.7Mi, TotalAlloc=2964.3Mi, Sys=30.8Mi, NumGC=557","level":"stat"}
{"@timestamp":"2025-02-16T12:27:13.264+08:00","caller":"load/sheddingstat.go:61","content":"(api) shedding_stat [1m], cpu: 18, total: 0, pass: 0, drop: 0","level":"stat"}
{"@timestamp":"2025-02-16T12:28:12.241+08:00","caller":"stat/usage.go:61","content":"CPU: 15m, MEMORY: Alloc=6.0Mi, TotalAlloc=2968.7Mi, Sys=30.8Mi, NumGC=558","level":"stat"}
{"@timestamp":"2025-02-16T12:28:13.264+08:00","caller":"load/sheddingstat.go:61","content":"(api) shedding_stat [1m], cpu: 17, total: 0, pass: 0, drop: 0","level":"stat"}
{"@timestamp":"2025-02-16T12:29:12.242+08:00","caller":"stat/usage.go:61","content":"CPU: 17m, MEMORY: Alloc=7.7Mi, TotalAlloc=2974.7Mi, Sys=30.8Mi, NumGC=559","level":"stat"}
{"@timestamp":"2025-02-16T12:29:13.264+08:00","caller":"load/sheddingstat.go:61","content":"(api) shedding_stat [1m], cpu: 19, total: 0, pass: 0, drop: 0","level":"stat"}
{"@timestamp":"2025-02-16T12:30:12.242+08:00","caller":"stat/usage.go:61","content":"CPU: 15m, MEMORY: Alloc=5.5Mi, TotalAlloc=2979.0Mi, Sys=30.8Mi, NumGC=560","level":"stat"}
{"@timestamp":"2025-02-16T12:30:13.264+08:00","caller":"load/sheddingstat.go:61","content":"(api) shedding_stat [1m], cpu: 18, total: 0, pass: 0, drop: 0","level":"stat"}
{"@timestamp":"2025-02-16T12:31:12.242+08:00","caller":"stat/usage.go:61","content":"CPU: 20m, MEMORY: Alloc=7.7Mi, TotalAlloc=2985.8Mi, Sys=30.8Mi, NumGC=561","level":"stat"}
{"@timestamp":"2025-02-16T12:31:13.264+08:00","caller":"load/sheddingstat.go:61","content":"(api) shedding_stat [1m], cpu: 21, total: 0, pass: 0, drop: 0","level":"stat"}
{"@timestamp":"2025-02-16T12:32:12.242+08:00","caller":"stat/usage.go:61","content":"CPU: 17m, MEMORY: Alloc=8.1Mi, TotalAlloc=2991.8Mi, Sys=30.8Mi, NumGC=562","level":"stat"}
{"@timestamp":"2025-02-16T12:32:13.265+08:00","caller":"load/sheddingstat.go:61","content":"(api) shedding_stat [1m], cpu: 17, total: 0, pass: 0, drop: 0","level":"stat"}
{"@timestamp":"2025-02-16T12:33:12.242+08:00","caller":"stat/usage.go:61","content":"CPU: 22m, MEMORY: Alloc=7.5Mi, TotalAlloc=2997.0Mi, Sys=30.8Mi, NumGC=563","level":"stat"}
{"@timestamp":"2025-02-16T12:33:13.265+08:00","caller":"load/sheddingstat.go:61","content":"(api) shedding_stat [1m], cpu: 21, total: 0, pass: 0, drop: 0","level":"stat"}
{"@timestamp":"2025-02-16T12:34:12.243+08:00","caller":"stat/usage.go:61","content":"CPU: 17m, MEMORY: Alloc=5.4Mi, TotalAlloc=3001.3Mi, Sys=30.8Mi, NumGC=564","level":"stat"}
{"@timestamp":"2025-02-16T12:34:13.264+08:00","caller":"load/sheddingstat.go:61","content":"(api) shedding_stat [1m], cpu: 17, total: 0, pass: 0, drop: 0","level":"stat"}
{"@timestamp":"2025-02-16T12:35:12.242+08:00","caller":"stat/usage.go:61","content":"CPU: 18m, MEMORY: Alloc=9.8Mi, TotalAlloc=3005.6Mi, Sys=30.8Mi, NumGC=564","level":"stat"}
{"@timestamp":"2025-02-16T12:35:13.264+08:00","caller":"load/sheddingstat.go:61","content":"(api) shedding_stat [1m], cpu: 18, total: 0, pass: 0, drop: 0","level":"stat"}
{"@timestamp":"2025-02-16T12:36:12.242+08:00","caller":"stat/usage.go:61","content":"CPU: 16m, MEMORY: Alloc=9.8Mi, TotalAlloc=3010.7Mi, Sys=30.8Mi, NumGC=565","level":"stat"}
{"@timestamp":"2025-02-16T12:36:13.264+08:00","caller":"load/sheddingstat.go:61","content":"(api) shedding_stat [1m], cpu: 16, total: 0, pass: 0, drop: 0","level":"stat"}
{"@timestamp":"2025-02-16T12:37:12.242+08:00","caller":"stat/usage.go:61","content":"CPU: 17m, MEMORY: Alloc=9.3Mi, TotalAlloc=3016.7Mi, Sys=30.8Mi, NumGC=566","level":"stat"}
{"@timestamp":"2025-02-16T12:37:13.264+08:00","caller":"load/sheddingstat.go:61","content":"(api) shedding_stat [1m], cpu: 17, total: 0, pass: 0, drop: 0","level":"stat"}
{"@timestamp":"2025-02-16T12:38:12.242+08:00","caller":"stat/usage.go:61","content":"CPU: 16m, MEMORY: Alloc=8.5Mi, TotalAlloc=3021.0Mi, Sys=30.8Mi, NumGC=567","level":"stat"}
{"@timestamp":"2025-02-16T12:38:13.264+08:00","caller":"load/sheddingstat.go:61","content":"(api) shedding_stat [1m], cpu: 16, total: 0, pass: 0, drop: 0","level":"stat"}
{"@timestamp":"2025-02-16T12:39:12.242+08:00","caller":"stat/usage.go:61","content":"CPU: 16m, MEMORY: Alloc=8.8Mi, TotalAlloc=3026.2Mi, Sys=30.8Mi, NumGC=568","level":"stat"}
{"@timestamp":"2025-02-16T12:39:13.265+08:00","caller":"load/sheddingstat.go:61","content":"(api) shedding_stat [1m], cpu: 16, total: 0, pass: 0, drop: 0","level":"stat"}
{"@timestamp":"2025-02-16T12:40:12.242+08:00","caller":"stat/usage.go:61","content":"CPU: 16m, MEMORY: Alloc=9.2Mi, TotalAlloc=3032.9Mi, Sys=30.8Mi, NumGC=569","level":"stat"}
{"@timestamp":"2025-02-16T12:40:13.264+08:00","caller":"load/sheddingstat.go:61","content":"(api) shedding_stat [1m], cpu: 17, total: 0, pass: 0, drop: 0","level":"stat"}
{"@timestamp":"2025-02-16T12:41:12.242+08:00","caller":"stat/usage.go:61","content":"CPU: 16m, MEMORY: Alloc=10.7Mi, TotalAlloc=3039.0Mi, Sys=30.8Mi, NumGC=570","level":"stat"}
{"@timestamp":"2025-02-16T12:41:13.264+08:00","caller":"load/sheddingstat.go:61","content":"(api) shedding_stat [1m], cpu: 16, total: 0, pass: 0, drop: 0","level":"stat"}
{"@timestamp":"2025-02-16T12:42:12.242+08:00","caller":"stat/usage.go:61","content":"CPU: 17m, MEMORY: Alloc=10.0Mi, TotalAlloc=3044.1Mi, Sys=30.8Mi, NumGC=571","level":"stat"}
{"@timestamp":"2025-02-16T12:42:13.265+08:00","caller":"load/sheddingstat.go:61","content":"(api) shedding_stat [1m], cpu: 16, total: 0, pass: 0, drop: 0","level":"stat"}
{"@timestamp":"2025-02-16T12:43:12.242+08:00","caller":"stat/usage.go:61","content":"CPU: 16m, MEMORY: Alloc=8.6Mi, TotalAlloc=3049.3Mi, Sys=30.8Mi, NumGC=572","level":"stat"}
{"@timestamp":"2025-02-16T12:43:13.264+08:00","caller":"load/sheddingstat.go:61","content":"(api) shedding_stat [1m], cpu: 17, total: 0, pass: 0, drop: 0","level":"stat"}
{"@timestamp":"2025-02-16T12:44:12.242+08:00","caller":"stat/usage.go:61","content":"CPU: 17m, MEMORY: Alloc=10.4Mi, TotalAlloc=3056.0Mi, Sys=30.8Mi, NumGC=573","level":"stat"}
{"@timestamp":"2025-02-16T12:44:13.264+08:00","caller":"load/sheddingstat.go:61","content":"(api) shedding_stat [1m], cpu: 17, total: 0, pass: 0, drop: 0","level":"stat"}
{"@timestamp":"2025-02-16T12:45:12.241+08:00","caller":"stat/usage.go:61","content":"CPU: 17m, MEMORY: Alloc=6.6Mi, TotalAlloc=3062.7Mi, Sys=30.8Mi, NumGC=575","level":"stat"}
{"@timestamp":"2025-02-16T12:45:13.264+08:00","caller":"load/sheddingstat.go:61","content":"(api) shedding_stat [1m], cpu: 17, total: 0, pass: 0, drop: 0","level":"stat"}
{"@timestamp":"2025-02-16T12:46:12.242+08:00","caller":"stat/usage.go:61","content":"CPU: 20m, MEMORY: Alloc=10.9Mi, TotalAlloc=3067.0Mi, Sys=30.8Mi, NumGC=575","level":"stat"}
{"@timestamp":"2025-02-16T12:46:13.265+08:00","caller":"load/sheddingstat.go:61","content":"(api) shedding_stat [1m], cpu: 20, total: 0, pass: 0, drop: 0","level":"stat"}
{"@timestamp":"2025-02-16T12:47:12.243+08:00","caller":"stat/usage.go:61","content":"CPU: 21m, MEMORY: Alloc=9.6Mi, TotalAlloc=3071.5Mi, Sys=30.8Mi, NumGC=576","level":"stat"}
{"@timestamp":"2025-02-16T12:47:13.265+08:00","caller":"load/sheddingstat.go:61","content":"(api) shedding_stat [1m], cpu: 21, total: 0, pass: 0, drop: 0","level":"stat"}
{"@timestamp":"2025-02-16T12:48:12.242+08:00","caller":"stat/usage.go:61","content":"CPU: 24m, MEMORY: Alloc=10.6Mi, TotalAlloc=3077.4Mi, Sys=30.8Mi, NumGC=577","level":"stat"}
{"@timestamp":"2025-02-16T12:48:13.264+08:00","caller":"load/sheddingstat.go:61","content":"(api) shedding_stat [1m], cpu: 24, total: 0, pass: 0, drop: 0","level":"stat"}
{"@timestamp":"2025-02-16T12:49:12.242+08:00","caller":"stat/usage.go:61","content":"CPU: 17m, MEMORY: Alloc=8.5Mi, TotalAlloc=3082.6Mi, Sys=30.8Mi, NumGC=578","level":"stat"}
{"@timestamp":"2025-02-16T12:49:13.263+08:00","caller":"load/sheddingstat.go:61","content":"(api) shedding_stat [1m], cpu: 17, total: 0, pass: 0, drop: 0","level":"stat"}
{"@timestamp":"2025-02-16T12:50:12.243+08:00","caller":"stat/usage.go:61","content":"CPU: 26m, MEMORY: Alloc=9.6Mi, TotalAlloc=3089.4Mi, Sys=30.8Mi, NumGC=579","level":"stat"}
{"@timestamp":"2025-02-16T12:50:13.264+08:00","caller":"load/sheddingstat.go:61","content":"(api) shedding_stat [1m], cpu: 24, total: 0, pass: 0, drop: 0","level":"stat"}
{"@timestamp":"2025-02-16T12:51:12.241+08:00","caller":"stat/usage.go:61","content":"CPU: 45m, MEMORY: Alloc=11.4Mi, TotalAlloc=3096.2Mi, Sys=30.8Mi, NumGC=580","level":"stat"}
{"@timestamp":"2025-02-16T12:51:13.264+08:00","caller":"load/sheddingstat.go:61","content":"(api) shedding_stat [1m], cpu: 41, total: 0, pass: 0, drop: 0","level":"stat"}
{"@timestamp":"2025-02-16T12:52:12.242+08:00","caller":"stat/usage.go:61","content":"CPU: 18m, MEMORY: Alloc=8.8Mi, TotalAlloc=3101.4Mi, Sys=30.8Mi, NumGC=581","level":"stat"}
{"@timestamp":"2025-02-16T12:52:13.264+08:00","caller":"load/sheddingstat.go:61","content":"(api) shedding_stat [1m], cpu: 18, total: 0, pass: 0, drop: 0","level":"stat"}
{"@timestamp":"2025-02-16T12:53:12.243+08:00","caller":"stat/usage.go:61","content":"CPU: 42m, MEMORY: Alloc=7.9Mi, TotalAlloc=3106.6Mi, Sys=30.8Mi, NumGC=582","level":"stat"}
{"@timestamp":"2025-02-16T12:53:13.264+08:00","caller":"load/sheddingstat.go:61","content":"(api) shedding_stat [1m], cpu: 38, total: 0, pass: 0, drop: 0","level":"stat"}
{"@timestamp":"2025-02-16T12:54:12.242+08:00","caller":"stat/usage.go:61","content":"CPU: 19m, MEMORY: Alloc=8.5Mi, TotalAlloc=3111.7Mi, Sys=30.8Mi, NumGC=583","level":"stat"}
{"@timestamp":"2025-02-16T12:54:13.265+08:00","caller":"load/sheddingstat.go:61","content":"(api) shedding_stat [1m], cpu: 18, total: 0, pass: 0, drop: 0","level":"stat"}
{"@timestamp":"2025-02-16T12:55:12.242+08:00","caller":"stat/usage.go:61","content":"CPU: 16m, MEMORY: Alloc=8.5Mi, TotalAlloc=3117.7Mi, Sys=30.8Mi, NumGC=584","level":"stat"}
{"@timestamp":"2025-02-16T12:55:13.264+08:00","caller":"load/sheddingstat.go:61","content":"(api) shedding_stat [1m], cpu: 16, total: 0, pass: 0, drop: 0","level":"stat"}
{"@timestamp":"2025-02-16T12:56:12.242+08:00","caller":"stat/usage.go:61","content":"CPU: 23m, MEMORY: Alloc=9.5Mi, TotalAlloc=3123.7Mi, Sys=30.8Mi, NumGC=585","level":"stat"}
{"@timestamp":"2025-02-16T12:56:13.265+08:00","caller":"load/sheddingstat.go:61","content":"(api) shedding_stat [1m], cpu: 26, total: 0, pass: 0, drop: 0","level":"stat"}
{"@timestamp":"2025-02-16T12:57:12.242+08:00","caller":"stat/usage.go:61","content":"CPU: 18m, MEMORY: Alloc=8.3Mi, TotalAlloc=3129.7Mi, Sys=30.8Mi, NumGC=586","level":"stat"}
{"@timestamp":"2025-02-16T12:57:13.264+08:00","caller":"load/sheddingstat.go:61","content":"(api) shedding_stat [1m], cpu: 18, total: 0, pass: 0, drop: 0","level":"stat"}
{"@timestamp":"2025-02-16T12:58:12.242+08:00","caller":"stat/usage.go:61","content":"CPU: 18m, MEMORY: Alloc=7.8Mi, TotalAlloc=3135.6Mi, Sys=30.8Mi, NumGC=587","level":"stat"}
{"@timestamp":"2025-02-16T12:58:13.265+08:00","caller":"load/sheddingstat.go:61","content":"(api) shedding_stat [1m], cpu: 18, total: 0, pass: 0, drop: 0","level":"stat"}
{"@timestamp":"2025-02-16T12:59:12.242+08:00","caller":"stat/usage.go:61","content":"CPU: 19m, MEMORY: Alloc=9.3Mi, TotalAlloc=3141.6Mi, Sys=30.8Mi, NumGC=588","level":"stat"}
{"@timestamp":"2025-02-16T12:59:13.264+08:00","caller":"load/sheddingstat.go:61","content":"(api) shedding_stat [1m], cpu: 18, total: 0, pass: 0, drop: 0","level":"stat"}
{"@timestamp":"2025-02-16T13:00:12.242+08:00","caller":"stat/usage.go:61","content":"CPU: 17m, MEMORY: Alloc=8.5Mi, TotalAlloc=3146.7Mi, Sys=30.8Mi, NumGC=589","level":"stat"}
{"@timestamp":"2025-02-16T13:00:13.264+08:00","caller":"load/sheddingstat.go:61","content":"(api) shedding_stat [1m], cpu: 18, total: 0, pass: 0, drop: 0","level":"stat"}
{"@timestamp":"2025-02-16T13:01:12.242+08:00","caller":"stat/usage.go:61","content":"CPU: 19m, MEMORY: Alloc=7.0Mi, TotalAlloc=3151.9Mi, Sys=30.8Mi, NumGC=590","level":"stat"}
{"@timestamp":"2025-02-16T13:01:13.263+08:00","caller":"load/sheddingstat.go:61","content":"(api) shedding_stat [1m], cpu: 19, total: 0, pass: 0, drop: 0","level":"stat"}
{"@timestamp":"2025-02-16T13:02:12.242+08:00","caller":"stat/usage.go:61","content":"CPU: 18m, MEMORY: Alloc=7.7Mi, TotalAlloc=3157.1Mi, Sys=30.8Mi, NumGC=591","level":"stat"}
{"@timestamp":"2025-02-16T13:02:13.264+08:00","caller":"load/sheddingstat.go:61","content":"(api) shedding_stat [1m], cpu: 18, total: 0, pass: 0, drop: 0","level":"stat"}
{"@timestamp":"2025-02-16T13:03:12.244+08:00","caller":"stat/usage.go:61","content":"CPU: 32m, MEMORY: Alloc=7.2Mi, TotalAlloc=3162.2Mi, Sys=30.8Mi, NumGC=592","level":"stat"}
{"@timestamp":"2025-02-16T13:03:13.264+08:00","caller":"load/sheddingstat.go:61","content":"(api) shedding_stat [1m], cpu: 31, total: 0, pass: 0, drop: 0","level":"stat"}
{"@timestamp":"2025-02-16T13:04:12.242+08:00","caller":"stat/usage.go:61","content":"CPU: 21m, MEMORY: Alloc=5.5Mi, TotalAlloc=3166.6Mi, Sys=30.8Mi, NumGC=593","level":"stat"}
{"@timestamp":"2025-02-16T13:04:13.264+08:00","caller":"load/sheddingstat.go:61","content":"(api) shedding_stat [1m], cpu: 26, total: 0, pass: 0, drop: 0","level":"stat"}
{"@timestamp":"2025-02-16T13:05:12.242+08:00","caller":"stat/usage.go:61","content":"CPU: 23m, MEMORY: Alloc=7.7Mi, TotalAlloc=3172.5Mi, Sys=30.8Mi, NumGC=594","level":"stat"}
{"@timestamp":"2025-02-16T13:05:13.264+08:00","caller":"load/sheddingstat.go:61","content":"(api) shedding_stat [1m], cpu: 24, total: 0, pass: 0, drop: 0","level":"stat"}
{"@timestamp":"2025-02-16T13:06:12.242+08:00","caller":"stat/usage.go:61","content":"CPU: 34m, MEMORY: Alloc=8.2Mi, TotalAlloc=3178.5Mi, Sys=30.8Mi, NumGC=595","level":"stat"}
{"@timestamp":"2025-02-16T13:06:13.264+08:00","caller":"load/sheddingstat.go:61","content":"(api) shedding_stat [1m], cpu: 40, total: 0, pass: 0, drop: 0","level":"stat"}
{"@timestamp":"2025-02-16T13:07:12.242+08:00","caller":"stat/usage.go:61","content":"CPU: 21m, MEMORY: Alloc=8.6Mi, TotalAlloc=3185.3Mi, Sys=30.8Mi, NumGC=596","level":"stat"}
{"@timestamp":"2025-02-16T13:07:13.264+08:00","caller":"load/sheddingstat.go:61","content":"(api) shedding_stat [1m], cpu: 21, total: 0, pass: 0, drop: 0","level":"stat"}
{"@timestamp":"2025-02-16T13:08:12.242+08:00","caller":"stat/usage.go:61","content":"CPU: 19m, MEMORY: Alloc=9.1Mi, TotalAlloc=3191.3Mi, Sys=30.8Mi, NumGC=597","level":"stat"}
{"@timestamp":"2025-02-16T13:08:13.265+08:00","caller":"load/sheddingstat.go:61","content":"(api) shedding_stat [1m], cpu: 19, total: 0, pass: 0, drop: 0","level":"stat"}
{"@timestamp":"2025-02-16T13:09:12.242+08:00","caller":"stat/usage.go:61","content":"CPU: 30m, MEMORY: Alloc=6.9Mi, TotalAlloc=3197.3Mi, Sys=30.8Mi, NumGC=599","level":"stat"}
{"@timestamp":"2025-02-16T13:09:13.264+08:00","caller":"load/sheddingstat.go:61","content":"(api) shedding_stat [1m], cpu: 36, total: 0, pass: 0, drop: 0","level":"stat"}
{"@timestamp":"2025-02-16T13:10:12.242+08:00","caller":"stat/usage.go:61","content":"CPU: 15m, MEMORY: Alloc=9.0Mi, TotalAlloc=3203.3Mi, Sys=30.8Mi, NumGC=600","level":"stat"}
{"@timestamp":"2025-02-16T13:10:13.265+08:00","caller":"load/sheddingstat.go:61","content":"(api) shedding_stat [1m], cpu: 16, total: 0, pass: 0, drop: 0","level":"stat"}
{"@timestamp":"2025-02-16T13:11:12.242+08:00","caller":"stat/usage.go:61","content":"CPU: 16m, MEMORY: Alloc=10.7Mi, TotalAlloc=3209.3Mi, Sys=30.8Mi, NumGC=601","level":"stat"}
{"@timestamp":"2025-02-16T13:11:13.265+08:00","caller":"load/sheddingstat.go:61","content":"(api) shedding_stat [1m], cpu: 17, total: 0, pass: 0, drop: 0","level":"stat"}
{"@timestamp":"2025-02-16T13:12:12.243+08:00","caller":"stat/usage.go:61","content":"CPU: 17m, MEMORY: Alloc=7.4Mi, TotalAlloc=3216.1Mi, Sys=30.8Mi, NumGC=603","level":"stat"}
{"@timestamp":"2025-02-16T13:12:13.264+08:00","caller":"load/sheddingstat.go:61","content":"(api) shedding_stat [1m], cpu: 17, total: 0, pass: 0, drop: 0","level":"stat"}
{"@timestamp":"2025-02-16T13:13:12.242+08:00","caller":"stat/usage.go:61","content":"CPU: 68m, MEMORY: Alloc=6.3Mi, TotalAlloc=3221.3Mi, Sys=30.8Mi, NumGC=604","level":"stat"}
{"@timestamp":"2025-02-16T13:13:13.265+08:00","caller":"load/sheddingstat.go:61","content":"(api) shedding_stat [1m], cpu: 71, total: 0, pass: 0, drop: 0","level":"stat"}
{"@timestamp":"2025-02-16T13:14:12.242+08:00","caller":"stat/usage.go:61","content":"CPU: 17m, MEMORY: Alloc=6.9Mi, TotalAlloc=3228.1Mi, Sys=30.8Mi, NumGC=606","level":"stat"}
{"@timestamp":"2025-02-16T13:14:13.264+08:00","caller":"load/sheddingstat.go:61","content":"(api) shedding_stat [1m], cpu: 17, total: 0, pass: 0, drop: 0","level":"stat"}
{"@timestamp":"2025-02-16T13:15:12.242+08:00","caller":"stat/usage.go:61","content":"CPU: 17m, MEMORY: Alloc=5.9Mi, TotalAlloc=3233.2Mi, Sys=30.8Mi, NumGC=607","level":"stat"}
{"@timestamp":"2025-02-16T13:15:13.265+08:00","caller":"load/sheddingstat.go:61","content":"(api) shedding_stat [1m], cpu: 17, total: 0, pass: 0, drop: 0","level":"stat"}
{"@timestamp":"2025-02-16T13:16:12.242+08:00","caller":"stat/usage.go:61","content":"CPU: 30m, MEMORY: Alloc=7.2Mi, TotalAlloc=3239.2Mi, Sys=30.8Mi, NumGC=608","level":"stat"}
{"@timestamp":"2025-02-16T13:16:13.264+08:00","caller":"load/sheddingstat.go:61","content":"(api) shedding_stat [1m], cpu: 27, total: 0, pass: 0, drop: 0","level":"stat"}
{"@timestamp":"2025-02-16T13:17:12.241+08:00","caller":"stat/usage.go:61","content":"CPU: 14m, MEMORY: Alloc=9.5Mi, TotalAlloc=3246.0Mi, Sys=30.8Mi, NumGC=609","level":"stat"}
{"@timestamp":"2025-02-16T13:17:13.264+08:00","caller":"load/sheddingstat.go:61","content":"(api) shedding_stat [1m], cpu: 15, total: 0, pass: 0, drop: 0","level":"stat"}
{"@timestamp":"2025-02-16T13:18:12.242+08:00","caller":"stat/usage.go:61","content":"CPU: 28m, MEMORY: Alloc=10.8Mi, TotalAlloc=3252.0Mi, Sys=30.8Mi, NumGC=610","level":"stat"}
{"@timestamp":"2025-02-16T13:18:13.264+08:00","caller":"load/sheddingstat.go:61","content":"(api) shedding_stat [1m], cpu: 26, total: 0, pass: 0, drop: 0","level":"stat"}
{"@timestamp":"2025-02-16T13:19:12.242+08:00","caller":"stat/usage.go:61","content":"CPU: 16m, MEMORY: Alloc=9.0Mi, TotalAlloc=3256.3Mi, Sys=30.8Mi, NumGC=611","level":"stat"}
{"@timestamp":"2025-02-16T13:19:13.264+08:00","caller":"load/sheddingstat.go:61","content":"(api) shedding_stat [1m], cpu: 17, total: 0, pass: 0, drop: 0","level":"stat"}
{"@timestamp":"2025-02-16T13:20:12.241+08:00","caller":"stat/usage.go:61","content":"CPU: 16m, MEMORY: Alloc=6.0Mi, TotalAlloc=3262.3Mi, Sys=30.8Mi, NumGC=613","level":"stat"}
{"@timestamp":"2025-02-16T13:20:13.265+08:00","caller":"load/sheddingstat.go:61","content":"(api) shedding_stat [1m], cpu: 16, total: 0, pass: 0, drop: 0","level":"stat"}
{"@timestamp":"2025-02-16T13:21:12.242+08:00","caller":"stat/usage.go:61","content":"CPU: 17m, MEMORY: Alloc=7.6Mi, TotalAlloc=3267.5Mi, Sys=30.8Mi, NumGC=614","level":"stat"}
{"@timestamp":"2025-02-16T13:21:13.264+08:00","caller":"load/sheddingstat.go:61","content":"(api) shedding_stat [1m], cpu: 18, total: 0, pass: 0, drop: 0","level":"stat"}
{"@timestamp":"2025-02-16T13:22:12.242+08:00","caller":"stat/usage.go:61","content":"CPU: 16m, MEMORY: Alloc=7.7Mi, TotalAlloc=3272.6Mi, Sys=30.8Mi, NumGC=615","level":"stat"}
{"@timestamp":"2025-02-16T13:22:13.264+08:00","caller":"load/sheddingstat.go:61","content":"(api) shedding_stat [1m], cpu: 16, total: 0, pass: 0, drop: 0","level":"stat"}
{"@timestamp":"2025-02-16T13:23:12.242+08:00","caller":"stat/usage.go:61","content":"CPU: 17m, MEMORY: Alloc=8.6Mi, TotalAlloc=3278.7Mi, Sys=30.8Mi, NumGC=616","level":"stat"}
{"@timestamp":"2025-02-16T13:23:13.264+08:00","caller":"load/sheddingstat.go:61","content":"(api) shedding_stat [1m], cpu: 17, total: 0, pass: 0, drop: 0","level":"stat"}
{"@timestamp":"2025-02-16T13:24:12.243+08:00","caller":"stat/usage.go:61","content":"CPU: 17m, MEMORY: Alloc=10.4Mi, TotalAlloc=3285.4Mi, Sys=30.8Mi, NumGC=617","level":"stat"}
{"@timestamp":"2025-02-16T13:24:13.264+08:00","caller":"load/sheddingstat.go:61","content":"(api) shedding_stat [1m], cpu: 17, total: 0, pass: 0, drop: 0","level":"stat"}
{"@timestamp":"2025-02-16T13:25:12.242+08:00","caller":"stat/usage.go:61","content":"CPU: 16m, MEMORY: Alloc=9.4Mi, TotalAlloc=3291.4Mi, Sys=30.8Mi, NumGC=618","level":"stat"}
{"@timestamp":"2025-02-16T13:25:13.265+08:00","caller":"load/sheddingstat.go:61","content":"(api) shedding_stat [1m], cpu: 16, total: 0, pass: 0, drop: 0","level":"stat"}
{"@timestamp":"2025-02-16T13:26:12.242+08:00","caller":"stat/usage.go:61","content":"CPU: 23m, MEMORY: Alloc=10.7Mi, TotalAlloc=3298.2Mi, Sys=30.8Mi, NumGC=619","level":"stat"}
{"@timestamp":"2025-02-16T13:26:13.264+08:00","caller":"load/sheddingstat.go:61","content":"(api) shedding_stat [1m], cpu: 23, total: 0, pass: 0, drop: 0","level":"stat"}
{"@timestamp":"2025-02-16T13:27:12.242+08:00","caller":"stat/usage.go:61","content":"CPU: 17m, MEMORY: Alloc=10.7Mi, TotalAlloc=3304.2Mi, Sys=30.8Mi, NumGC=620","level":"stat"}
{"@timestamp":"2025-02-16T13:27:13.263+08:00","caller":"load/sheddingstat.go:61","content":"(api) shedding_stat [1m], cpu: 17, total: 0, pass: 0, drop: 0","level":"stat"}
{"@timestamp":"2025-02-16T13:28:12.243+08:00","caller":"stat/usage.go:61","content":"CPU: 17m, MEMORY: Alloc=7.4Mi, TotalAlloc=3311.8Mi, Sys=30.8Mi, NumGC=622","level":"stat"}
{"@timestamp":"2025-02-16T13:28:13.265+08:00","caller":"load/sheddingstat.go:61","content":"(api) shedding_stat [1m], cpu: 17, total: 0, pass: 0, drop: 0","level":"stat"}
{"@timestamp":"2025-02-16T13:29:12.242+08:00","caller":"stat/usage.go:61","content":"CPU: 63m, MEMORY: Alloc=11.8Mi, TotalAlloc=3316.2Mi, Sys=30.8Mi, NumGC=622","level":"stat"}
{"@timestamp":"2025-02-16T13:29:13.265+08:00","caller":"load/sheddingstat.go:61","content":"(api) shedding_stat [1m], cpu: 62, total: 0, pass: 0, drop: 0","level":"stat"}
{"@timestamp":"2025-02-16T13:30:12.242+08:00","caller":"stat/usage.go:61","content":"CPU: 23m, MEMORY: Alloc=11.2Mi, TotalAlloc=3322.9Mi, Sys=30.8Mi, NumGC=623","level":"stat"}
{"@timestamp":"2025-02-16T13:30:13.265+08:00","caller":"load/sheddingstat.go:61","content":"(api) shedding_stat [1m], cpu: 21, total: 0, pass: 0, drop: 0","level":"stat"}
{"@timestamp":"2025-02-16T13:31:12.242+08:00","caller":"stat/usage.go:61","content":"CPU: 22m, MEMORY: Alloc=12.3Mi, TotalAlloc=3329.7Mi, Sys=30.8Mi, NumGC=624","level":"stat"}
{"@timestamp":"2025-02-16T13:31:13.264+08:00","caller":"load/sheddingstat.go:61","content":"(api) shedding_stat [1m], cpu: 20, total: 0, pass: 0, drop: 0","level":"stat"}
{"@timestamp":"2025-02-16T13:32:12.242+08:00","caller":"stat/usage.go:61","content":"CPU: 16m, MEMORY: Alloc=10.0Mi, TotalAlloc=3334.8Mi, Sys=30.8Mi, NumGC=625","level":"stat"}
{"@timestamp":"2025-02-16T13:32:13.264+08:00","caller":"load/sheddingstat.go:61","content":"(api) shedding_stat [1m], cpu: 16, total: 0, pass: 0, drop: 0","level":"stat"}
{"@timestamp":"2025-02-16T13:33:12.241+08:00","caller":"stat/usage.go:61","content":"CPU: 53m, MEMORY: Alloc=10.0Mi, TotalAlloc=3340.0Mi, Sys=30.8Mi, NumGC=626","level":"stat"}
{"@timestamp":"2025-02-16T13:33:13.265+08:00","caller":"load/sheddingstat.go:61","content":"(api) shedding_stat [1m], cpu: 56, total: 0, pass: 0, drop: 0","level":"stat"}
{"@timestamp":"2025-02-16T13:34:12.242+08:00","caller":"stat/usage.go:61","content":"CPU: 36m, MEMORY: Alloc=7.7Mi, TotalAlloc=3345.1Mi, Sys=30.8Mi, NumGC=627","level":"stat"}
{"@timestamp":"2025-02-16T13:34:13.264+08:00","caller":"load/sheddingstat.go:61","content":"(api) shedding_stat [1m], cpu: 32, total: 0, pass: 0, drop: 0","level":"stat"}
{"@timestamp":"2025-02-16T13:35:12.242+08:00","caller":"stat/usage.go:61","content":"CPU: 18m, MEMORY: Alloc=6.4Mi, TotalAlloc=3350.3Mi, Sys=30.8Mi, NumGC=628","level":"stat"}
{"@timestamp":"2025-02-16T13:35:13.264+08:00","caller":"load/sheddingstat.go:61","content":"(api) shedding_stat [1m], cpu: 17, total: 0, pass: 0, drop: 0","level":"stat"}
{"@timestamp":"2025-02-16T13:36:12.242+08:00","caller":"stat/usage.go:61","content":"CPU: 20m, MEMORY: Alloc=7.5Mi, TotalAlloc=3355.4Mi, Sys=30.8Mi, NumGC=629","level":"stat"}
{"@timestamp":"2025-02-16T13:36:13.264+08:00","caller":"load/sheddingstat.go:61","content":"(api) shedding_stat [1m], cpu: 20, total: 0, pass: 0, drop: 0","level":"stat"}
{"@timestamp":"2025-02-16T13:37:12.241+08:00","caller":"stat/usage.go:61","content":"CPU: 18m, MEMORY: Alloc=5.5Mi, TotalAlloc=3359.7Mi, Sys=30.8Mi, NumGC=630","level":"stat"}
{"@timestamp":"2025-02-16T13:37:13.264+08:00","caller":"load/sheddingstat.go:61","content":"(api) shedding_stat [1m], cpu: 18, total: 0, pass: 0, drop: 0","level":"stat"}
{"@timestamp":"2025-02-16T13:38:12.242+08:00","caller":"stat/usage.go:61","content":"CPU: 35m, MEMORY: Alloc=7.3Mi, TotalAlloc=3366.5Mi, Sys=30.8Mi, NumGC=631","level":"stat"}
{"@timestamp":"2025-02-16T13:38:13.264+08:00","caller":"load/sheddingstat.go:61","content":"(api) shedding_stat [1m], cpu: 39, total: 0, pass: 0, drop: 0","level":"stat"}
{"@timestamp":"2025-02-16T13:39:12.243+08:00","caller":"stat/usage.go:61","content":"CPU: 17m, MEMORY: Alloc=9.6Mi, TotalAlloc=3373.3Mi, Sys=30.8Mi, NumGC=632","level":"stat"}
{"@timestamp":"2025-02-16T13:39:13.264+08:00","caller":"load/sheddingstat.go:61","content":"(api) shedding_stat [1m], cpu: 19, total: 0, pass: 0, drop: 0","level":"stat"}
{"@timestamp":"2025-02-16T13:40:12.242+08:00","caller":"stat/usage.go:61","content":"CPU: 16m, MEMORY: Alloc=10.6Mi, TotalAlloc=3380.1Mi, Sys=30.8Mi, NumGC=633","level":"stat"}
{"@timestamp":"2025-02-16T13:40:13.264+08:00","caller":"load/sheddingstat.go:61","content":"(api) shedding_stat [1m], cpu: 17, total: 0, pass: 0, drop: 0","level":"stat"}
{"@timestamp":"2025-02-16T13:41:12.242+08:00","caller":"stat/usage.go:61","content":"CPU: 17m, MEMORY: Alloc=10.6Mi, TotalAlloc=3386.1Mi, Sys=30.8Mi, NumGC=634","level":"stat"}
{"@timestamp":"2025-02-16T13:41:13.264+08:00","caller":"load/sheddingstat.go:61","content":"(api) shedding_stat [1m], cpu: 18, total: 0, pass: 0, drop: 0","level":"stat"}
{"@timestamp":"2025-02-16T13:42:12.242+08:00","caller":"stat/usage.go:61","content":"CPU: 17m, MEMORY: Alloc=10.7Mi, TotalAlloc=3392.2Mi, Sys=30.8Mi, NumGC=635","level":"stat"}
{"@timestamp":"2025-02-16T13:42:13.265+08:00","caller":"load/sheddingstat.go:61","content":"(api) shedding_stat [1m], cpu: 17, total: 0, pass: 0, drop: 0","level":"stat"}
{"@timestamp":"2025-02-16T13:43:12.241+08:00","caller":"stat/usage.go:61","content":"CPU: 19m, MEMORY: Alloc=10.6Mi, TotalAlloc=3398.0Mi, Sys=30.8Mi, NumGC=636","level":"stat"}
{"@timestamp":"2025-02-16T13:43:13.264+08:00","caller":"load/sheddingstat.go:61","content":"(api) shedding_stat [1m], cpu: 19, total: 0, pass: 0, drop: 0","level":"stat"}
{"@timestamp":"2025-02-16T13:44:12.242+08:00","caller":"stat/usage.go:61","content":"CPU: 17m, MEMORY: Alloc=10.6Mi, TotalAlloc=3403.2Mi, Sys=30.8Mi, NumGC=637","level":"stat"}
{"@timestamp":"2025-02-16T13:44:13.265+08:00","caller":"load/sheddingstat.go:61","content":"(api) shedding_stat [1m], cpu: 17, total: 0, pass: 0, drop: 0","level":"stat"}
{"@timestamp":"2025-02-16T13:45:12.242+08:00","caller":"stat/usage.go:61","content":"CPU: 16m, MEMORY: Alloc=8.2Mi, TotalAlloc=3407.5Mi, Sys=30.8Mi, NumGC=638","level":"stat"}
{"@timestamp":"2025-02-16T13:45:13.265+08:00","caller":"load/sheddingstat.go:61","content":"(api) shedding_stat [1m], cpu: 16, total: 0, pass: 0, drop: 0","level":"stat"}
{"@timestamp":"2025-02-16T13:46:12.242+08:00","caller":"stat/usage.go:61","content":"CPU: 26m, MEMORY: Alloc=12.5Mi, TotalAlloc=3411.8Mi, Sys=30.8Mi, NumGC=638","level":"stat"}
{"@timestamp":"2025-02-16T13:46:13.265+08:00","caller":"load/sheddingstat.go:61","content":"(api) shedding_stat [1m], cpu: 26, total: 0, pass: 0, drop: 0","level":"stat"}
{"@timestamp":"2025-02-16T13:47:12.242+08:00","caller":"stat/usage.go:61","content":"CPU: 22m, MEMORY: Alloc=9.3Mi, TotalAlloc=3416.2Mi, Sys=30.8Mi, NumGC=639","level":"stat"}
{"@timestamp":"2025-02-16T13:47:13.264+08:00","caller":"load/sheddingstat.go:61","content":"(api) shedding_stat [1m], cpu: 22, total: 0, pass: 0, drop: 0","level":"stat"}
{"@timestamp":"2025-02-16T13:48:12.242+08:00","caller":"stat/usage.go:61","content":"CPU: 16m, MEMORY: Alloc=9.6Mi, TotalAlloc=3422.1Mi, Sys=30.8Mi, NumGC=640","level":"stat"}
{"@timestamp":"2025-02-16T13:48:13.264+08:00","caller":"load/sheddingstat.go:61","content":"(api) shedding_stat [1m], cpu: 16, total: 0, pass: 0, drop: 0","level":"stat"}
{"@timestamp":"2025-02-16T13:49:12.241+08:00","caller":"stat/usage.go:61","content":"CPU: 20m, MEMORY: Alloc=8.8Mi, TotalAlloc=3427.3Mi, Sys=30.8Mi, NumGC=641","level":"stat"}
{"@timestamp":"2025-02-16T13:49:13.264+08:00","caller":"load/sheddingstat.go:61","content":"(api) shedding_stat [1m], cpu: 19, total: 0, pass: 0, drop: 0","level":"stat"}
{"@timestamp":"2025-02-16T13:50:12.242+08:00","caller":"stat/usage.go:61","content":"CPU: 16m, MEMORY: Alloc=10.4Mi, TotalAlloc=3434.0Mi, Sys=30.8Mi, NumGC=642","level":"stat"}
{"@timestamp":"2025-02-16T13:50:13.265+08:00","caller":"load/sheddingstat.go:61","content":"(api) shedding_stat [1m], cpu: 16, total: 0, pass: 0, drop: 0","level":"stat"}
{"@timestamp":"2025-02-16T13:51:12.242+08:00","caller":"stat/usage.go:61","content":"CPU: 19m, MEMORY: Alloc=7.3Mi, TotalAlloc=3438.3Mi, Sys=30.8Mi, NumGC=643","level":"stat"}
{"@timestamp":"2025-02-16T13:51:13.264+08:00","caller":"load/sheddingstat.go:61","content":"(api) shedding_stat [1m], cpu: 17, total: 0, pass: 0, drop: 0","level":"stat"}
{"@timestamp":"2025-02-16T13:52:12.243+08:00","caller":"stat/usage.go:61","content":"CPU: 17m, MEMORY: Alloc=7.7Mi, TotalAlloc=3444.3Mi, Sys=30.8Mi, NumGC=644","level":"stat"}
{"@timestamp":"2025-02-16T13:52:13.265+08:00","caller":"load/sheddingstat.go:61","content":"(api) shedding_stat [1m], cpu: 17, total: 0, pass: 0, drop: 0","level":"stat"}
{"@timestamp":"2025-02-16T13:53:12.243+08:00","caller":"stat/usage.go:61","content":"CPU: 17m, MEMORY: Alloc=9.6Mi, TotalAlloc=3451.2Mi, Sys=30.8Mi, NumGC=645","level":"stat"}
{"@timestamp":"2025-02-16T13:53:13.264+08:00","caller":"load/sheddingstat.go:61","content":"(api) shedding_stat [1m], cpu: 17, total: 0, pass: 0, drop: 0","level":"stat"}
{"@timestamp":"2025-02-16T13:54:12.242+08:00","caller":"stat/usage.go:61","content":"CPU: 16m, MEMORY: Alloc=9.0Mi, TotalAlloc=3457.1Mi, Sys=30.8Mi, NumGC=646","level":"stat"}
{"@timestamp":"2025-02-16T13:54:13.264+08:00","caller":"load/sheddingstat.go:61","content":"(api) shedding_stat [1m], cpu: 16, total: 0, pass: 0, drop: 0","level":"stat"}
{"@timestamp":"2025-02-16T13:55:12.242+08:00","caller":"stat/usage.go:61","content":"CPU: 16m, MEMORY: Alloc=7.1Mi, TotalAlloc=3461.4Mi, Sys=30.8Mi, NumGC=647","level":"stat"}
{"@timestamp":"2025-02-16T13:55:13.264+08:00","caller":"load/sheddingstat.go:61","content":"(api) shedding_stat [1m], cpu: 16, total: 0, pass: 0, drop: 0","level":"stat"}
{"@timestamp":"2025-02-16T13:56:12.241+08:00","caller":"stat/usage.go:61","content":"CPU: 16m, MEMORY: Alloc=11.5Mi, TotalAlloc=3465.8Mi, Sys=30.8Mi, NumGC=647","level":"stat"}
{"@timestamp":"2025-02-16T13:56:13.264+08:00","caller":"load/sheddingstat.go:61","content":"(api) shedding_stat [1m], cpu: 16, total: 0, pass: 0, drop: 0","level":"stat"}
{"@timestamp":"2025-02-16T13:57:12.242+08:00","caller":"stat/usage.go:61","content":"CPU: 16m, MEMORY: Alloc=8.4Mi, TotalAlloc=3470.9Mi, Sys=30.8Mi, NumGC=648","level":"stat"}
{"@timestamp":"2025-02-16T13:57:13.264+08:00","caller":"load/sheddingstat.go:61","content":"(api) shedding_stat [1m], cpu: 16, total: 0, pass: 0, drop: 0","level":"stat"}
{"@timestamp":"2025-02-16T13:58:12.242+08:00","caller":"stat/usage.go:61","content":"CPU: 16m, MEMORY: Alloc=10.9Mi, TotalAlloc=3477.7Mi, Sys=30.8Mi, NumGC=649","level":"stat"}
{"@timestamp":"2025-02-16T13:58:13.264+08:00","caller":"load/sheddingstat.go:61","content":"(api) shedding_stat [1m], cpu: 16, total: 0, pass: 0, drop: 0","level":"stat"}
{"@timestamp":"2025-02-16T13:59:12.241+08:00","caller":"stat/usage.go:61","content":"CPU: 16m, MEMORY: Alloc=8.5Mi, TotalAlloc=3482.0Mi, Sys=30.8Mi, NumGC=650","level":"stat"}
{"@timestamp":"2025-02-16T13:59:13.264+08:00","caller":"load/sheddingstat.go:61","content":"(api) shedding_stat [1m], cpu: 16, total: 0, pass: 0, drop: 0","level":"stat"}
{"@timestamp":"2025-02-16T14:00:12.242+08:00","caller":"stat/usage.go:61","content":"CPU: 17m, MEMORY: Alloc=10.1Mi, TotalAlloc=3488.0Mi, Sys=30.8Mi, NumGC=651","level":"stat"}
{"@timestamp":"2025-02-16T14:00:13.264+08:00","caller":"load/sheddingstat.go:61","content":"(api) shedding_stat [1m], cpu: 17, total: 0, pass: 0, drop: 0","level":"stat"}
{"@timestamp":"2025-02-16T14:01:12.242+08:00","caller":"stat/usage.go:61","content":"CPU: 18m, MEMORY: Alloc=8.7Mi, TotalAlloc=3492.3Mi, Sys=30.8Mi, NumGC=652","level":"stat"}
{"@timestamp":"2025-02-16T14:01:13.264+08:00","caller":"load/sheddingstat.go:61","content":"(api) shedding_stat [1m], cpu: 17, total: 0, pass: 0, drop: 0","level":"stat"}
{"@timestamp":"2025-02-16T14:02:12.242+08:00","caller":"stat/usage.go:61","content":"CPU: 16m, MEMORY: Alloc=8.5Mi, TotalAlloc=3497.5Mi, Sys=30.8Mi, NumGC=653","level":"stat"}
{"@timestamp":"2025-02-16T14:02:13.264+08:00","caller":"load/sheddingstat.go:61","content":"(api) shedding_stat [1m], cpu: 16, total: 0, pass: 0, drop: 0","level":"stat"}
{"@timestamp":"2025-02-16T14:03:12.243+08:00","caller":"stat/usage.go:61","content":"CPU: 16m, MEMORY: Alloc=12.9Mi, TotalAlloc=3501.8Mi, Sys=30.8Mi, NumGC=653","level":"stat"}
{"@timestamp":"2025-02-16T14:03:13.264+08:00","caller":"load/sheddingstat.go:61","content":"(api) shedding_stat [1m], cpu: 16, total: 0, pass: 0, drop: 0","level":"stat"}
{"@timestamp":"2025-02-16T14:04:12.241+08:00","caller":"stat/usage.go:61","content":"CPU: 16m, MEMORY: Alloc=10.6Mi, TotalAlloc=3506.1Mi, Sys=30.8Mi, NumGC=654","level":"stat"}
{"@timestamp":"2025-02-16T14:04:13.265+08:00","caller":"load/sheddingstat.go:61","content":"(api) shedding_stat [1m], cpu: 16, total: 0, pass: 0, drop: 0","level":"stat"}
{"@timestamp":"2025-02-16T14:05:12.242+08:00","caller":"stat/usage.go:61","content":"CPU: 18m, MEMORY: Alloc=6.6Mi, TotalAlloc=3510.5Mi, Sys=30.8Mi, NumGC=655","level":"stat"}
{"@timestamp":"2025-02-16T14:05:13.265+08:00","caller":"load/sheddingstat.go:61","content":"(api) shedding_stat [1m], cpu: 17, total: 0, pass: 0, drop: 0","level":"stat"}
{"@timestamp":"2025-02-16T14:06:12.242+08:00","caller":"stat/usage.go:61","content":"CPU: 17m, MEMORY: Alloc=9.4Mi, TotalAlloc=3517.3Mi, Sys=30.8Mi, NumGC=656","level":"stat"}
{"@timestamp":"2025-02-16T14:06:13.264+08:00","caller":"load/sheddingstat.go:61","content":"(api) shedding_stat [1m], cpu: 17, total: 0, pass: 0, drop: 0","level":"stat"}
{"@timestamp":"2025-02-16T14:07:12.242+08:00","caller":"stat/usage.go:61","content":"CPU: 18m, MEMORY: Alloc=10.3Mi, TotalAlloc=3524.1Mi, Sys=30.8Mi, NumGC=657","level":"stat"}
{"@timestamp":"2025-02-16T14:07:13.264+08:00","caller":"load/sheddingstat.go:61","content":"(api) shedding_stat [1m], cpu: 19, total: 0, pass: 0, drop: 0","level":"stat"}
{"@timestamp":"2025-02-16T14:08:12.241+08:00","caller":"stat/usage.go:61","content":"CPU: 24m, MEMORY: Alloc=9.5Mi, TotalAlloc=3529.3Mi, Sys=30.8Mi, NumGC=658","level":"stat"}
{"@timestamp":"2025-02-16T14:08:13.264+08:00","caller":"load/sheddingstat.go:61","content":"(api) shedding_stat [1m], cpu: 25, total: 0, pass: 0, drop: 0","level":"stat"}
{"@timestamp":"2025-02-16T14:09:12.242+08:00","caller":"stat/usage.go:61","content":"CPU: 22m, MEMORY: Alloc=9.6Mi, TotalAlloc=3535.2Mi, Sys=30.8Mi, NumGC=659","level":"stat"}
{"@timestamp":"2025-02-16T14:09:13.264+08:00","caller":"load/sheddingstat.go:61","content":"(api) shedding_stat [1m], cpu: 19, total: 0, pass: 0, drop: 0","level":"stat"}
{"@timestamp":"2025-02-16T14:10:12.242+08:00","caller":"stat/usage.go:61","content":"CPU: 19m, MEMORY: Alloc=9.7Mi, TotalAlloc=3541.2Mi, Sys=30.8Mi, NumGC=660","level":"stat"}
{"@timestamp":"2025-02-16T14:10:13.264+08:00","caller":"load/sheddingstat.go:61","content":"(api) shedding_stat [1m], cpu: 18, total: 0, pass: 0, drop: 0","level":"stat"}
{"@timestamp":"2025-02-16T14:11:12.241+08:00","caller":"stat/usage.go:61","content":"CPU: 18m, MEMORY: Alloc=8.0Mi, TotalAlloc=3546.4Mi, Sys=30.8Mi, NumGC=661","level":"stat"}
{"@timestamp":"2025-02-16T14:11:13.264+08:00","caller":"load/sheddingstat.go:61","content":"(api) shedding_stat [1m], cpu: 17, total: 0, pass: 0, drop: 0","level":"stat"}
{"@timestamp":"2025-02-16T14:12:12.242+08:00","caller":"stat/usage.go:61","content":"CPU: 18m, MEMORY: Alloc=10.3Mi, TotalAlloc=3553.9Mi, Sys=30.8Mi, NumGC=662","level":"stat"}
{"@timestamp":"2025-02-16T14:12:13.264+08:00","caller":"load/sheddingstat.go:61","content":"(api) shedding_stat [1m], cpu: 18, total: 0, pass: 0, drop: 0","level":"stat"}
{"@timestamp":"2025-02-16T14:13:12.242+08:00","caller":"stat/usage.go:61","content":"CPU: 19m, MEMORY: Alloc=11.6Mi, TotalAlloc=3559.9Mi, Sys=30.8Mi, NumGC=663","level":"stat"}
{"@timestamp":"2025-02-16T14:13:13.264+08:00","caller":"load/sheddingstat.go:61","content":"(api) shedding_stat [1m], cpu: 18, total: 0, pass: 0, drop: 0","level":"stat"}
{"@timestamp":"2025-02-16T14:14:12.241+08:00","caller":"stat/usage.go:61","content":"CPU: 17m, MEMORY: Alloc=6.6Mi, TotalAlloc=3566.7Mi, Sys=30.8Mi, NumGC=665","level":"stat"}
{"@timestamp":"2025-02-16T14:14:13.264+08:00","caller":"load/sheddingstat.go:61","content":"(api) shedding_stat [1m], cpu: 18, total: 0, pass: 0, drop: 0","level":"stat"}
{"@timestamp":"2025-02-16T14:15:12.243+08:00","caller":"stat/usage.go:61","content":"CPU: 17m, MEMORY: Alloc=10.9Mi, TotalAlloc=3571.0Mi, Sys=30.8Mi, NumGC=665","level":"stat"}
{"@timestamp":"2025-02-16T14:15:13.264+08:00","caller":"load/sheddingstat.go:61","content":"(api) shedding_stat [1m], cpu: 19, total: 0, pass: 0, drop: 0","level":"stat"}
{"@timestamp":"2025-02-16T14:16:12.242+08:00","caller":"stat/usage.go:61","content":"CPU: 16m, MEMORY: Alloc=10.4Mi, TotalAlloc=3576.2Mi, Sys=30.8Mi, NumGC=666","level":"stat"}
{"@timestamp":"2025-02-16T14:16:13.264+08:00","caller":"load/sheddingstat.go:61","content":"(api) shedding_stat [1m], cpu: 18, total: 0, pass: 0, drop: 0","level":"stat"}
{"@timestamp":"2025-02-16T14:17:12.242+08:00","caller":"stat/usage.go:61","content":"CPU: 17m, MEMORY: Alloc=10.6Mi, TotalAlloc=3581.3Mi, Sys=30.8Mi, NumGC=667","level":"stat"}
{"@timestamp":"2025-02-16T14:17:13.264+08:00","caller":"load/sheddingstat.go:61","content":"(api) shedding_stat [1m], cpu: 19, total: 0, pass: 0, drop: 0","level":"stat"}
{"@timestamp":"2025-02-16T14:18:12.242+08:00","caller":"stat/usage.go:61","content":"CPU: 15m, MEMORY: Alloc=9.3Mi, TotalAlloc=3586.5Mi, Sys=30.8Mi, NumGC=668","level":"stat"}
{"@timestamp":"2025-02-16T14:18:13.265+08:00","caller":"load/sheddingstat.go:61","content":"(api) shedding_stat [1m], cpu: 15, total: 0, pass: 0, drop: 0","level":"stat"}
{"@timestamp":"2025-02-16T14:19:12.242+08:00","caller":"stat/usage.go:61","content":"CPU: 16m, MEMORY: Alloc=7.2Mi, TotalAlloc=3590.8Mi, Sys=30.8Mi, NumGC=669","level":"stat"}
{"@timestamp":"2025-02-16T14:19:13.265+08:00","caller":"load/sheddingstat.go:61","content":"(api) shedding_stat [1m], cpu: 16, total: 0, pass: 0, drop: 0","level":"stat"}
{"@timestamp":"2025-02-16T14:20:12.242+08:00","caller":"stat/usage.go:61","content":"CPU: 17m, MEMORY: Alloc=13.1Mi, TotalAlloc=3596.7Mi, Sys=30.8Mi, NumGC=669","level":"stat"}
{"@timestamp":"2025-02-16T14:20:13.264+08:00","caller":"load/sheddingstat.go:61","content":"(api) shedding_stat [1m], cpu: 17, total: 0, pass: 0, drop: 0","level":"stat"}
{"@timestamp":"2025-02-16T14:21:12.242+08:00","caller":"stat/usage.go:61","content":"CPU: 18m, MEMORY: Alloc=6.2Mi, TotalAlloc=3603.6Mi, Sys=30.8Mi, NumGC=671","level":"stat"}
{"@timestamp":"2025-02-16T14:21:13.265+08:00","caller":"load/sheddingstat.go:61","content":"(api) shedding_stat [1m], cpu: 17, total: 0, pass: 0, drop: 0","level":"stat"}
{"@timestamp":"2025-02-16T14:22:12.241+08:00","caller":"stat/usage.go:61","content":"CPU: 17m, MEMORY: Alloc=6.7Mi, TotalAlloc=3610.4Mi, Sys=30.8Mi, NumGC=672","level":"stat"}
{"@timestamp":"2025-02-16T14:22:13.265+08:00","caller":"load/sheddingstat.go:61","content":"(api) shedding_stat [1m], cpu: 17, total: 0, pass: 0, drop: 0","level":"stat"}
{"@timestamp":"2025-02-16T14:23:12.242+08:00","caller":"stat/usage.go:61","content":"CPU: 18m, MEMORY: Alloc=7.3Mi, TotalAlloc=3616.3Mi, Sys=30.8Mi, NumGC=673","level":"stat"}
{"@timestamp":"2025-02-16T14:23:13.264+08:00","caller":"load/sheddingstat.go:61","content":"(api) shedding_stat [1m], cpu: 18, total: 0, pass: 0, drop: 0","level":"stat"}
{"@timestamp":"2025-02-16T14:24:12.242+08:00","caller":"stat/usage.go:61","content":"CPU: 17m, MEMORY: Alloc=8.8Mi, TotalAlloc=3622.3Mi, Sys=30.8Mi, NumGC=674","level":"stat"}
{"@timestamp":"2025-02-16T14:24:13.264+08:00","caller":"load/sheddingstat.go:61","content":"(api) shedding_stat [1m], cpu: 18, total: 0, pass: 0, drop: 0","level":"stat"}
{"@timestamp":"2025-02-16T14:25:12.242+08:00","caller":"stat/usage.go:61","content":"CPU: 19m, MEMORY: Alloc=7.8Mi, TotalAlloc=3627.5Mi, Sys=30.8Mi, NumGC=675","level":"stat"}
{"@timestamp":"2025-02-16T14:25:13.264+08:00","caller":"load/sheddingstat.go:61","content":"(api) shedding_stat [1m], cpu: 19, total: 0, pass: 0, drop: 0","level":"stat"}
{"@timestamp":"2025-02-16T14:26:12.242+08:00","caller":"stat/usage.go:61","content":"CPU: 17m, MEMORY: Alloc=7.6Mi, TotalAlloc=3632.6Mi, Sys=30.8Mi, NumGC=676","level":"stat"}
{"@timestamp":"2025-02-16T14:26:13.265+08:00","caller":"load/sheddingstat.go:61","content":"(api) shedding_stat [1m], cpu: 18, total: 0, pass: 0, drop: 0","level":"stat"}
{"@timestamp":"2025-02-16T14:27:12.242+08:00","caller":"stat/usage.go:61","content":"CPU: 20m, MEMORY: Alloc=9.3Mi, TotalAlloc=3638.6Mi, Sys=30.8Mi, NumGC=677","level":"stat"}
{"@timestamp":"2025-02-16T14:27:13.265+08:00","caller":"load/sheddingstat.go:61","content":"(api) shedding_stat [1m], cpu: 20, total: 0, pass: 0, drop: 0","level":"stat"}
{"@timestamp":"2025-02-16T14:28:12.242+08:00","caller":"stat/usage.go:61","content":"CPU: 17m, MEMORY: Alloc=9.4Mi, TotalAlloc=3644.6Mi, Sys=30.8Mi, NumGC=678","level":"stat"}
{"@timestamp":"2025-02-16T14:28:13.264+08:00","caller":"load/sheddingstat.go:61","content":"(api) shedding_stat [1m], cpu: 16, total: 0, pass: 0, drop: 0","level":"stat"}
{"@timestamp":"2025-02-16T14:29:12.242+08:00","caller":"stat/usage.go:61","content":"CPU: 18m, MEMORY: Alloc=9.6Mi, TotalAlloc=3650.5Mi, Sys=30.8Mi, NumGC=679","level":"stat"}
{"@timestamp":"2025-02-16T14:29:13.264+08:00","caller":"load/sheddingstat.go:61","content":"(api) shedding_stat [1m], cpu: 18, total: 0, pass: 0, drop: 0","level":"stat"}
{"@timestamp":"2025-02-16T14:30:12.242+08:00","caller":"stat/usage.go:61","content":"CPU: 17m, MEMORY: Alloc=8.5Mi, TotalAlloc=3656.4Mi, Sys=30.8Mi, NumGC=680","level":"stat"}
{"@timestamp":"2025-02-16T14:30:13.265+08:00","caller":"load/sheddingstat.go:61","content":"(api) shedding_stat [1m], cpu: 17, total: 0, pass: 0, drop: 0","level":"stat"}
{"@timestamp":"2025-02-16T14:31:12.242+08:00","caller":"stat/usage.go:61","content":"CPU: 16m, MEMORY: Alloc=7.8Mi, TotalAlloc=3661.5Mi, Sys=30.8Mi, NumGC=681","level":"stat"}
{"@timestamp":"2025-02-16T14:31:13.264+08:00","caller":"load/sheddingstat.go:61","content":"(api) shedding_stat [1m], cpu: 16, total: 0, pass: 0, drop: 0","level":"stat"}
{"@timestamp":"2025-02-16T14:32:12.242+08:00","caller":"stat/usage.go:61","content":"CPU: 16m, MEMORY: Alloc=8.6Mi, TotalAlloc=3667.5Mi, Sys=30.8Mi, NumGC=682","level":"stat"}
{"@timestamp":"2025-02-16T14:32:13.264+08:00","caller":"load/sheddingstat.go:61","content":"(api) shedding_stat [1m], cpu: 16, total: 0, pass: 0, drop: 0","level":"stat"}
{"@timestamp":"2025-02-16T14:33:12.241+08:00","caller":"stat/usage.go:61","content":"CPU: 16m, MEMORY: Alloc=13.0Mi, TotalAlloc=3671.9Mi, Sys=30.8Mi, NumGC=682","level":"stat"}
{"@timestamp":"2025-02-16T14:33:13.264+08:00","caller":"load/sheddingstat.go:61","content":"(api) shedding_stat [1m], cpu: 16, total: 0, pass: 0, drop: 0","level":"stat"}
{"@timestamp":"2025-02-16T14:34:12.243+08:00","caller":"stat/usage.go:61","content":"CPU: 17m, MEMORY: Alloc=10.5Mi, TotalAlloc=3677.1Mi, Sys=30.8Mi, NumGC=683","level":"stat"}
{"@timestamp":"2025-02-16T14:34:13.264+08:00","caller":"load/sheddingstat.go:61","content":"(api) shedding_stat [1m], cpu: 17, total: 0, pass: 0, drop: 0","level":"stat"}
{"@timestamp":"2025-02-16T14:35:12.242+08:00","caller":"stat/usage.go:61","content":"CPU: 18m, MEMORY: Alloc=9.9Mi, TotalAlloc=3683.1Mi, Sys=30.8Mi, NumGC=684","level":"stat"}
{"@timestamp":"2025-02-16T14:35:13.264+08:00","caller":"load/sheddingstat.go:61","content":"(api) shedding_stat [1m], cpu: 18, total: 0, pass: 0, drop: 0","level":"stat"}
{"@timestamp":"2025-02-16T14:36:12.242+08:00","caller":"stat/usage.go:61","content":"CPU: 18m, MEMORY: Alloc=11.5Mi, TotalAlloc=3689.9Mi, Sys=30.8Mi, NumGC=685","level":"stat"}
{"@timestamp":"2025-02-16T14:36:13.264+08:00","caller":"load/sheddingstat.go:61","content":"(api) shedding_stat [1m], cpu: 17, total: 0, pass: 0, drop: 0","level":"stat"}
{"@timestamp":"2025-02-16T14:37:12.243+08:00","caller":"stat/usage.go:61","content":"CPU: 16m, MEMORY: Alloc=11.7Mi, TotalAlloc=3696.0Mi, Sys=30.8Mi, NumGC=686","level":"stat"}
{"@timestamp":"2025-02-16T14:37:13.265+08:00","caller":"load/sheddingstat.go:61","content":"(api) shedding_stat [1m], cpu: 16, total: 0, pass: 0, drop: 0","level":"stat"}
{"@timestamp":"2025-02-16T14:38:12.242+08:00","caller":"stat/usage.go:61","content":"CPU: 16m, MEMORY: Alloc=11.6Mi, TotalAlloc=3702.0Mi, Sys=30.8Mi, NumGC=687","level":"stat"}
{"@timestamp":"2025-02-16T14:38:13.265+08:00","caller":"load/sheddingstat.go:61","content":"(api) shedding_stat [1m], cpu: 16, total: 0, pass: 0, drop: 0","level":"stat"}
{"@timestamp":"2025-02-16T14:39:12.243+08:00","caller":"stat/usage.go:61","content":"CPU: 17m, MEMORY: Alloc=10.6Mi, TotalAlloc=3707.1Mi, Sys=30.8Mi, NumGC=688","level":"stat"}
{"@timestamp":"2025-02-16T14:39:13.265+08:00","caller":"load/sheddingstat.go:61","content":"(api) shedding_stat [1m], cpu: 17, total: 0, pass: 0, drop: 0","level":"stat"}
{"@timestamp":"2025-02-16T14:40:12.242+08:00","caller":"stat/usage.go:61","content":"CPU: 20m, MEMORY: Alloc=10.7Mi, TotalAlloc=3712.3Mi, Sys=30.8Mi, NumGC=689","level":"stat"}
{"@timestamp":"2025-02-16T14:40:13.265+08:00","caller":"load/sheddingstat.go:61","content":"(api) shedding_stat [1m], cpu: 19, total: 0, pass: 0, drop: 0","level":"stat"}
{"@timestamp":"2025-02-16T14:41:12.242+08:00","caller":"stat/usage.go:61","content":"CPU: 17m, MEMORY: Alloc=7.6Mi, TotalAlloc=3716.6Mi, Sys=30.8Mi, NumGC=690","level":"stat"}
{"@timestamp":"2025-02-16T14:41:13.264+08:00","caller":"load/sheddingstat.go:61","content":"(api) shedding_stat [1m], cpu: 17, total: 0, pass: 0, drop: 0","level":"stat"}
{"@timestamp":"2025-02-16T14:42:12.241+08:00","caller":"stat/usage.go:61","content":"CPU: 17m, MEMORY: Alloc=7.7Mi, TotalAlloc=3722.6Mi, Sys=30.8Mi, NumGC=691","level":"stat"}
{"@timestamp":"2025-02-16T14:42:13.265+08:00","caller":"load/sheddingstat.go:61","content":"(api) shedding_stat [1m], cpu: 16, total: 0, pass: 0, drop: 0","level":"stat"}
{"@timestamp":"2025-02-16T14:43:12.242+08:00","caller":"stat/usage.go:61","content":"CPU: 17m, MEMORY: Alloc=8.5Mi, TotalAlloc=3729.3Mi, Sys=30.8Mi, NumGC=692","level":"stat"}
{"@timestamp":"2025-02-16T14:43:13.264+08:00","caller":"load/sheddingstat.go:61","content":"(api) shedding_stat [1m], cpu: 17, total: 0, pass: 0, drop: 0","level":"stat"}
{"@timestamp":"2025-02-16T14:44:12.242+08:00","caller":"stat/usage.go:61","content":"CPU: 16m, MEMORY: Alloc=9.5Mi, TotalAlloc=3735.3Mi, Sys=30.8Mi, NumGC=693","level":"stat"}
{"@timestamp":"2025-02-16T14:44:13.264+08:00","caller":"load/sheddingstat.go:61","content":"(api) shedding_stat [1m], cpu: 16, total: 0, pass: 0, drop: 0","level":"stat"}
{"@timestamp":"2025-02-16T14:45:12.241+08:00","caller":"stat/usage.go:61","content":"CPU: 19m, MEMORY: Alloc=8.9Mi, TotalAlloc=3741.3Mi, Sys=30.8Mi, NumGC=694","level":"stat"}
{"@timestamp":"2025-02-16T14:45:13.264+08:00","caller":"load/sheddingstat.go:61","content":"(api) shedding_stat [1m], cpu: 20, total: 0, pass: 0, drop: 0","level":"stat"}
{"@timestamp":"2025-02-16T14:46:12.242+08:00","caller":"stat/usage.go:61","content":"CPU: 20m, MEMORY: Alloc=13.2Mi, TotalAlloc=3745.6Mi, Sys=30.8Mi, NumGC=694","level":"stat"}
{"@timestamp":"2025-02-16T14:46:13.264+08:00","caller":"load/sheddingstat.go:61","content":"(api) shedding_stat [1m], cpu: 21, total: 0, pass: 0, drop: 0","level":"stat"}
{"@timestamp":"2025-02-16T14:47:12.242+08:00","caller":"stat/usage.go:61","content":"CPU: 17m, MEMORY: Alloc=5.6Mi, TotalAlloc=3751.5Mi, Sys=30.8Mi, NumGC=696","level":"stat"}
{"@timestamp":"2025-02-16T14:47:13.264+08:00","caller":"load/sheddingstat.go:61","content":"(api) shedding_stat [1m], cpu: 18, total: 0, pass: 0, drop: 0","level":"stat"}
{"@timestamp":"2025-02-16T14:48:12.242+08:00","caller":"stat/usage.go:61","content":"CPU: 19m, MEMORY: Alloc=7.7Mi, TotalAlloc=3758.3Mi, Sys=30.8Mi, NumGC=697","level":"stat"}
{"@timestamp":"2025-02-16T14:48:13.265+08:00","caller":"load/sheddingstat.go:61","content":"(api) shedding_stat [1m], cpu: 19, total: 0, pass: 0, drop: 0","level":"stat"}
{"@timestamp":"2025-02-16T14:49:12.242+08:00","caller":"stat/usage.go:61","content":"CPU: 19m, MEMORY: Alloc=7.8Mi, TotalAlloc=3763.5Mi, Sys=30.8Mi, NumGC=698","level":"stat"}
{"@timestamp":"2025-02-16T14:49:13.264+08:00","caller":"load/sheddingstat.go:61","content":"(api) shedding_stat [1m], cpu: 19, total: 0, pass: 0, drop: 0","level":"stat"}
{"@timestamp":"2025-02-16T14:50:12.242+08:00","caller":"stat/usage.go:61","content":"CPU: 16m, MEMORY: Alloc=8.8Mi, TotalAlloc=3769.5Mi, Sys=30.8Mi, NumGC=699","level":"stat"}
{"@timestamp":"2025-02-16T14:50:13.264+08:00","caller":"load/sheddingstat.go:61","content":"(api) shedding_stat [1m], cpu: 17, total: 0, pass: 0, drop: 0","level":"stat"}
{"@timestamp":"2025-02-16T14:51:12.241+08:00","caller":"stat/usage.go:61","content":"CPU: 16m, MEMORY: Alloc=9.2Mi, TotalAlloc=3774.7Mi, Sys=30.8Mi, NumGC=700","level":"stat"}
{"@timestamp":"2025-02-16T14:51:13.264+08:00","caller":"load/sheddingstat.go:61","content":"(api) shedding_stat [1m], cpu: 18, total: 0, pass: 0, drop: 0","level":"stat"}
{"@timestamp":"2025-02-16T14:52:12.243+08:00","caller":"stat/usage.go:61","content":"CPU: 17m, MEMORY: Alloc=13.5Mi, TotalAlloc=3779.0Mi, Sys=30.8Mi, NumGC=700","level":"stat"}
{"@timestamp":"2025-02-16T14:52:13.264+08:00","caller":"load/sheddingstat.go:61","content":"(api) shedding_stat [1m], cpu: 19, total: 0, pass: 0, drop: 0","level":"stat"}
{"@timestamp":"2025-02-16T14:53:12.242+08:00","caller":"stat/usage.go:61","content":"CPU: 19m, MEMORY: Alloc=8.2Mi, TotalAlloc=3786.6Mi, Sys=30.8Mi, NumGC=702","level":"stat"}
{"@timestamp":"2025-02-16T14:53:13.264+08:00","caller":"load/sheddingstat.go:61","content":"(api) shedding_stat [1m], cpu: 18, total: 0, pass: 0, drop: 0","level":"stat"}
{"@timestamp":"2025-02-16T14:54:12.242+08:00","caller":"stat/usage.go:61","content":"CPU: 17m, MEMORY: Alloc=10.2Mi, TotalAlloc=3794.2Mi, Sys=30.8Mi, NumGC=703","level":"stat"}
{"@timestamp":"2025-02-16T14:54:13.264+08:00","caller":"load/sheddingstat.go:61","content":"(api) shedding_stat [1m], cpu: 17, total: 0, pass: 0, drop: 0","level":"stat"}
{"@timestamp":"2025-02-16T14:55:12.241+08:00","caller":"stat/usage.go:61","content":"CPU: 15m, MEMORY: Alloc=11.0Mi, TotalAlloc=3801.0Mi, Sys=30.8Mi, NumGC=704","level":"stat"}
{"@timestamp":"2025-02-16T14:55:13.264+08:00","caller":"load/sheddingstat.go:61","content":"(api) shedding_stat [1m], cpu: 15, total: 0, pass: 0, drop: 0","level":"stat"}
{"@timestamp":"2025-02-16T14:56:12.243+08:00","caller":"stat/usage.go:61","content":"CPU: 15m, MEMORY: Alloc=10.2Mi, TotalAlloc=3807.0Mi, Sys=30.8Mi, NumGC=705","level":"stat"}
{"@timestamp":"2025-02-16T14:56:13.265+08:00","caller":"load/sheddingstat.go:61","content":"(api) shedding_stat [1m], cpu: 15, total: 0, pass: 0, drop: 0","level":"stat"}
{"@timestamp":"2025-02-16T14:57:12.243+08:00","caller":"stat/usage.go:61","content":"CPU: 16m, MEMORY: Alloc=6.8Mi, TotalAlloc=3813.9Mi, Sys=30.8Mi, NumGC=707","level":"stat"}
{"@timestamp":"2025-02-16T14:57:13.264+08:00","caller":"load/sheddingstat.go:61","content":"(api) shedding_stat [1m], cpu: 16, total: 0, pass: 0, drop: 0","level":"stat"}
{"@timestamp":"2025-02-16T14:58:12.242+08:00","caller":"stat/usage.go:61","content":"CPU: 16m, MEMORY: Alloc=7.2Mi, TotalAlloc=3819.0Mi, Sys=30.8Mi, NumGC=708","level":"stat"}
{"@timestamp":"2025-02-16T14:58:13.265+08:00","caller":"load/sheddingstat.go:61","content":"(api) shedding_stat [1m], cpu: 16, total: 0, pass: 0, drop: 0","level":"stat"}
{"@timestamp":"2025-02-16T14:59:12.242+08:00","caller":"stat/usage.go:61","content":"CPU: 16m, MEMORY: Alloc=9.6Mi, TotalAlloc=3825.8Mi, Sys=30.8Mi, NumGC=709","level":"stat"}
{"@timestamp":"2025-02-16T14:59:13.264+08:00","caller":"load/sheddingstat.go:61","content":"(api) shedding_stat [1m], cpu: 16, total: 0, pass: 0, drop: 0","level":"stat"}
{"@timestamp":"2025-02-16T15:00:12.242+08:00","caller":"stat/usage.go:61","content":"CPU: 17m, MEMORY: Alloc=6.6Mi, TotalAlloc=3833.4Mi, Sys=30.8Mi, NumGC=711","level":"stat"}
{"@timestamp":"2025-02-16T15:00:13.264+08:00","caller":"load/sheddingstat.go:61","content":"(api) shedding_stat [1m], cpu: 17, total: 0, pass: 0, drop: 0","level":"stat"}
{"@timestamp":"2025-02-16T15:01:12.241+08:00","caller":"stat/usage.go:61","content":"CPU: 17m, MEMORY: Alloc=10.9Mi, TotalAlloc=3837.7Mi, Sys=30.8Mi, NumGC=711","level":"stat"}
{"@timestamp":"2025-02-16T15:01:13.264+08:00","caller":"load/sheddingstat.go:61","content":"(api) shedding_stat [1m], cpu: 17, total: 0, pass: 0, drop: 0","level":"stat"}
{"@timestamp":"2025-02-16T15:02:12.242+08:00","caller":"stat/usage.go:61","content":"CPU: 16m, MEMORY: Alloc=10.7Mi, TotalAlloc=3843.7Mi, Sys=30.8Mi, NumGC=712","level":"stat"}
{"@timestamp":"2025-02-16T15:02:13.265+08:00","caller":"load/sheddingstat.go:61","content":"(api) shedding_stat [1m], cpu: 16, total: 0, pass: 0, drop: 0","level":"stat"}
{"@timestamp":"2025-02-16T15:03:12.242+08:00","caller":"stat/usage.go:61","content":"CPU: 16m, MEMORY: Alloc=10.6Mi, TotalAlloc=3848.9Mi, Sys=30.8Mi, NumGC=713","level":"stat"}
{"@timestamp":"2025-02-16T15:03:13.263+08:00","caller":"load/sheddingstat.go:61","content":"(api) shedding_stat [1m], cpu: 16, total: 0, pass: 0, drop: 0","level":"stat"}
{"@timestamp":"2025-02-16T15:04:12.243+08:00","caller":"stat/usage.go:61","content":"CPU: 16m, MEMORY: Alloc=8.4Mi, TotalAlloc=3854.0Mi, Sys=30.8Mi, NumGC=714","level":"stat"}
{"@timestamp":"2025-02-16T15:04:13.264+08:00","caller":"load/sheddingstat.go:61","content":"(api) shedding_stat [1m], cpu: 17, total: 0, pass: 0, drop: 0","level":"stat"}
{"@timestamp":"2025-02-16T15:05:12.242+08:00","caller":"stat/usage.go:61","content":"CPU: 16m, MEMORY: Alloc=8.7Mi, TotalAlloc=3859.9Mi, Sys=30.8Mi, NumGC=715","level":"stat"}
{"@timestamp":"2025-02-16T15:05:13.265+08:00","caller":"load/sheddingstat.go:61","content":"(api) shedding_stat [1m], cpu: 17, total: 0, pass: 0, drop: 0","level":"stat"}
{"@timestamp":"2025-02-16T15:06:12.242+08:00","caller":"stat/usage.go:61","content":"CPU: 21m, MEMORY: Alloc=8.5Mi, TotalAlloc=3865.9Mi, Sys=30.8Mi, NumGC=716","level":"stat"}
{"@timestamp":"2025-02-16T15:06:13.264+08:00","caller":"load/sheddingstat.go:61","content":"(api) shedding_stat [1m], cpu: 20, total: 0, pass: 0, drop: 0","level":"stat"}
{"@timestamp":"2025-02-16T15:07:12.242+08:00","caller":"stat/usage.go:61","content":"CPU: 16m, MEMORY: Alloc=8.5Mi, TotalAlloc=3871.9Mi, Sys=30.8Mi, NumGC=717","level":"stat"}
{"@timestamp":"2025-02-16T15:07:13.264+08:00","caller":"load/sheddingstat.go:61","content":"(api) shedding_stat [1m], cpu: 16, total: 0, pass: 0, drop: 0","level":"stat"}
{"@timestamp":"2025-02-16T15:08:12.242+08:00","caller":"stat/usage.go:61","content":"CPU: 17m, MEMORY: Alloc=7.4Mi, TotalAlloc=3877.1Mi, Sys=30.8Mi, NumGC=718","level":"stat"}
{"@timestamp":"2025-02-16T15:08:13.264+08:00","caller":"load/sheddingstat.go:61","content":"(api) shedding_stat [1m], cpu: 17, total: 0, pass: 0, drop: 0","level":"stat"}
{"@timestamp":"2025-02-16T15:09:12.242+08:00","caller":"stat/usage.go:61","content":"CPU: 17m, MEMORY: Alloc=9.6Mi, TotalAlloc=3884.0Mi, Sys=30.8Mi, NumGC=719","level":"stat"}
{"@timestamp":"2025-02-16T15:09:13.264+08:00","caller":"load/sheddingstat.go:61","content":"(api) shedding_stat [1m], cpu: 17, total: 0, pass: 0, drop: 0","level":"stat"}
{"@timestamp":"2025-02-16T15:10:12.242+08:00","caller":"stat/usage.go:61","content":"CPU: 17m, MEMORY: Alloc=10.0Mi, TotalAlloc=3889.9Mi, Sys=30.8Mi, NumGC=720","level":"stat"}
{"@timestamp":"2025-02-16T15:10:13.264+08:00","caller":"load/sheddingstat.go:61","content":"(api) shedding_stat [1m], cpu: 17, total: 0, pass: 0, drop: 0","level":"stat"}
{"@timestamp":"2025-02-16T15:11:12.242+08:00","caller":"stat/usage.go:61","content":"CPU: 16m, MEMORY: Alloc=10.0Mi, TotalAlloc=3896.7Mi, Sys=30.8Mi, NumGC=721","level":"stat"}
{"@timestamp":"2025-02-16T15:11:13.264+08:00","caller":"load/sheddingstat.go:61","content":"(api) shedding_stat [1m], cpu: 16, total: 0, pass: 0, drop: 0","level":"stat"}
{"@timestamp":"2025-02-16T15:12:12.242+08:00","caller":"stat/usage.go:61","content":"CPU: 16m, MEMORY: Alloc=6.6Mi, TotalAlloc=3903.5Mi, Sys=30.8Mi, NumGC=723","level":"stat"}
{"@timestamp":"2025-02-16T15:12:13.264+08:00","caller":"load/sheddingstat.go:61","content":"(api) shedding_stat [1m], cpu: 16, total: 0, pass: 0, drop: 0","level":"stat"}
{"@timestamp":"2025-02-16T15:13:12.242+08:00","caller":"stat/usage.go:61","content":"CPU: 17m, MEMORY: Alloc=7.4Mi, TotalAlloc=3909.5Mi, Sys=30.8Mi, NumGC=724","level":"stat"}
{"@timestamp":"2025-02-16T15:13:13.264+08:00","caller":"load/sheddingstat.go:61","content":"(api) shedding_stat [1m], cpu: 17, total: 0, pass: 0, drop: 0","level":"stat"}
{"@timestamp":"2025-02-16T15:14:12.242+08:00","caller":"stat/usage.go:61","content":"CPU: 17m, MEMORY: Alloc=6.5Mi, TotalAlloc=3913.8Mi, Sys=30.8Mi, NumGC=725","level":"stat"}
{"@timestamp":"2025-02-16T15:14:13.264+08:00","caller":"load/sheddingstat.go:61","content":"(api) shedding_stat [1m], cpu: 17, total: 0, pass: 0, drop: 0","level":"stat"}
{"@timestamp":"2025-02-16T15:15:12.241+08:00","caller":"stat/usage.go:61","content":"CPU: 18m, MEMORY: Alloc=10.8Mi, TotalAlloc=3918.1Mi, Sys=30.8Mi, NumGC=725","level":"stat"}
{"@timestamp":"2025-02-16T15:15:13.265+08:00","caller":"load/sheddingstat.go:61","content":"(api) shedding_stat [1m], cpu: 18, total: 0, pass: 0, drop: 0","level":"stat"}
{"@timestamp":"2025-02-16T15:16:12.242+08:00","caller":"stat/usage.go:61","content":"CPU: 17m, MEMORY: Alloc=5.6Mi, TotalAlloc=3924.1Mi, Sys=30.8Mi, NumGC=727","level":"stat"}
{"@timestamp":"2025-02-16T15:16:13.264+08:00","caller":"load/sheddingstat.go:61","content":"(api) shedding_stat [1m], cpu: 17, total: 0, pass: 0, drop: 0","level":"stat"}
{"@timestamp":"2025-02-16T15:17:12.242+08:00","caller":"stat/usage.go:61","content":"CPU: 16m, MEMORY: Alloc=8.5Mi, TotalAlloc=3930.9Mi, Sys=30.8Mi, NumGC=728","level":"stat"}
{"@timestamp":"2025-02-16T15:17:13.264+08:00","caller":"load/sheddingstat.go:61","content":"(api) shedding_stat [1m], cpu: 17, total: 0, pass: 0, drop: 0","level":"stat"}
{"@timestamp":"2025-02-16T15:18:12.242+08:00","caller":"stat/usage.go:61","content":"CPU: 17m, MEMORY: Alloc=9.1Mi, TotalAlloc=3936.9Mi, Sys=30.8Mi, NumGC=729","level":"stat"}
{"@timestamp":"2025-02-16T15:18:13.264+08:00","caller":"load/sheddingstat.go:61","content":"(api) shedding_stat [1m], cpu: 17, total: 0, pass: 0, drop: 0","level":"stat"}
{"@timestamp":"2025-02-16T15:19:12.242+08:00","caller":"stat/usage.go:61","content":"CPU: 22m, MEMORY: Alloc=9.6Mi, TotalAlloc=3942.9Mi, Sys=30.8Mi, NumGC=730","level":"stat"}
{"@timestamp":"2025-02-16T15:19:13.264+08:00","caller":"load/sheddingstat.go:61","content":"(api) shedding_stat [1m], cpu: 20, total: 0, pass: 0, drop: 0","level":"stat"}
{"@timestamp":"2025-02-16T15:20:12.242+08:00","caller":"stat/usage.go:61","content":"CPU: 18m, MEMORY: Alloc=9.0Mi, TotalAlloc=3948.0Mi, Sys=30.8Mi, NumGC=731","level":"stat"}
{"@timestamp":"2025-02-16T15:20:13.264+08:00","caller":"load/sheddingstat.go:61","content":"(api) shedding_stat [1m], cpu: 18, total: 0, pass: 0, drop: 0","level":"stat"}
{"@timestamp":"2025-02-16T15:21:12.243+08:00","caller":"stat/usage.go:61","content":"CPU: 18m, MEMORY: Alloc=10.0Mi, TotalAlloc=3954.8Mi, Sys=30.8Mi, NumGC=732","level":"stat"}
{"@timestamp":"2025-02-16T15:21:13.264+08:00","caller":"load/sheddingstat.go:61","content":"(api) shedding_stat [1m], cpu: 18, total: 0, pass: 0, drop: 0","level":"stat"}
{"@timestamp":"2025-02-16T15:22:12.243+08:00","caller":"stat/usage.go:61","content":"CPU: 20m, MEMORY: Alloc=9.9Mi, TotalAlloc=3960.8Mi, Sys=30.8Mi, NumGC=733","level":"stat"}
{"@timestamp":"2025-02-16T15:22:13.264+08:00","caller":"load/sheddingstat.go:61","content":"(api) shedding_stat [1m], cpu: 19, total: 0, pass: 0, drop: 0","level":"stat"}
{"@timestamp":"2025-02-16T15:23:12.242+08:00","caller":"stat/usage.go:61","content":"CPU: 18m, MEMORY: Alloc=9.2Mi, TotalAlloc=3965.9Mi, Sys=30.8Mi, NumGC=734","level":"stat"}
{"@timestamp":"2025-02-16T15:23:13.264+08:00","caller":"load/sheddingstat.go:61","content":"(api) shedding_stat [1m], cpu: 19, total: 0, pass: 0, drop: 0","level":"stat"}
{"@timestamp":"2025-02-16T15:24:12.242+08:00","caller":"stat/usage.go:61","content":"CPU: 17m, MEMORY: Alloc=8.7Mi, TotalAlloc=3971.1Mi, Sys=30.8Mi, NumGC=735","level":"stat"}
{"@timestamp":"2025-02-16T15:24:13.264+08:00","caller":"load/sheddingstat.go:61","content":"(api) shedding_stat [1m], cpu: 17, total: 0, pass: 0, drop: 0","level":"stat"}
{"@timestamp":"2025-02-16T15:25:12.241+08:00","caller":"stat/usage.go:61","content":"CPU: 16m, MEMORY: Alloc=8.0Mi, TotalAlloc=3976.2Mi, Sys=30.8Mi, NumGC=736","level":"stat"}
{"@timestamp":"2025-02-16T15:25:13.265+08:00","caller":"load/sheddingstat.go:61","content":"(api) shedding_stat [1m], cpu: 19, total: 0, pass: 0, drop: 0","level":"stat"}
{"@timestamp":"2025-02-16T15:26:12.242+08:00","caller":"stat/usage.go:61","content":"CPU: 16m, MEMORY: Alloc=8.9Mi, TotalAlloc=3982.2Mi, Sys=30.8Mi, NumGC=737","level":"stat"}
{"@timestamp":"2025-02-16T15:26:13.264+08:00","caller":"load/sheddingstat.go:61","content":"(api) shedding_stat [1m], cpu: 20, total: 0, pass: 0, drop: 0","level":"stat"}
{"@timestamp":"2025-02-16T15:27:12.241+08:00","caller":"stat/usage.go:61","content":"CPU: 16m, MEMORY: Alloc=6.8Mi, TotalAlloc=3987.4Mi, Sys=30.8Mi, NumGC=738","level":"stat"}
{"@timestamp":"2025-02-16T15:27:13.264+08:00","caller":"load/sheddingstat.go:61","content":"(api) shedding_stat [1m], cpu: 18, total: 0, pass: 0, drop: 0","level":"stat"}
{"@timestamp":"2025-02-16T15:28:12.242+08:00","caller":"stat/usage.go:61","content":"CPU: 17m, MEMORY: Alloc=11.1Mi, TotalAlloc=3991.7Mi, Sys=30.8Mi, NumGC=738","level":"stat"}
{"@timestamp":"2025-02-16T15:28:13.265+08:00","caller":"load/sheddingstat.go:61","content":"(api) shedding_stat [1m], cpu: 17, total: 0, pass: 0, drop: 0","level":"stat"}
{"@timestamp":"2025-02-16T15:29:12.242+08:00","caller":"stat/usage.go:61","content":"CPU: 17m, MEMORY: Alloc=7.4Mi, TotalAlloc=3999.3Mi, Sys=30.8Mi, NumGC=740","level":"stat"}
{"@timestamp":"2025-02-16T15:29:13.264+08:00","caller":"load/sheddingstat.go:61","content":"(api) shedding_stat [1m], cpu: 17, total: 0, pass: 0, drop: 0","level":"stat"}
{"@timestamp":"2025-02-16T15:30:12.242+08:00","caller":"stat/usage.go:61","content":"CPU: 16m, MEMORY: Alloc=7.9Mi, TotalAlloc=4006.0Mi, Sys=30.8Mi, NumGC=741","level":"stat"}
{"@timestamp":"2025-02-16T15:30:13.264+08:00","caller":"load/sheddingstat.go:61","content":"(api) shedding_stat [1m], cpu: 16, total: 0, pass: 0, drop: 0","level":"stat"}
{"@timestamp":"2025-02-16T15:31:12.242+08:00","caller":"stat/usage.go:61","content":"CPU: 17m, MEMORY: Alloc=13.0Mi, TotalAlloc=4011.2Mi, Sys=30.8Mi, NumGC=741","level":"stat"}
{"@timestamp":"2025-02-16T15:31:13.264+08:00","caller":"load/sheddingstat.go:61","content":"(api) shedding_stat [1m], cpu: 17, total: 0, pass: 0, drop: 0","level":"stat"}
{"@timestamp":"2025-02-16T15:32:12.242+08:00","caller":"stat/usage.go:61","content":"CPU: 21m, MEMORY: Alloc=11.6Mi, TotalAlloc=4017.1Mi, Sys=30.8Mi, NumGC=742","level":"stat"}
{"@timestamp":"2025-02-16T15:32:13.264+08:00","caller":"load/sheddingstat.go:61","content":"(api) shedding_stat [1m], cpu: 20, total: 0, pass: 0, drop: 0","level":"stat"}
{"@timestamp":"2025-02-16T15:33:12.242+08:00","caller":"stat/usage.go:61","content":"CPU: 16m, MEMORY: Alloc=10.6Mi, TotalAlloc=4023.0Mi, Sys=30.8Mi, NumGC=743","level":"stat"}
{"@timestamp":"2025-02-16T15:33:13.264+08:00","caller":"load/sheddingstat.go:61","content":"(api) shedding_stat [1m], cpu: 16, total: 0, pass: 0, drop: 0","level":"stat"}
{"@timestamp":"2025-02-16T15:34:12.242+08:00","caller":"stat/usage.go:61","content":"CPU: 18m, MEMORY: Alloc=5.4Mi, TotalAlloc=4028.2Mi, Sys=30.8Mi, NumGC=745","level":"stat"}
{"@timestamp":"2025-02-16T15:34:13.264+08:00","caller":"load/sheddingstat.go:61","content":"(api) shedding_stat [1m], cpu: 18, total: 0, pass: 0, drop: 0","level":"stat"}
{"@timestamp":"2025-02-16T15:35:12.241+08:00","caller":"stat/usage.go:61","content":"CPU: 17m, MEMORY: Alloc=7.8Mi, TotalAlloc=4035.0Mi, Sys=30.8Mi, NumGC=746","level":"stat"}
{"@timestamp":"2025-02-16T15:35:13.264+08:00","caller":"load/sheddingstat.go:61","content":"(api) shedding_stat [1m], cpu: 17, total: 0, pass: 0, drop: 0","level":"stat"}
{"@timestamp":"2025-02-16T15:36:12.242+08:00","caller":"stat/usage.go:61","content":"CPU: 17m, MEMORY: Alloc=9.0Mi, TotalAlloc=4041.0Mi, Sys=30.8Mi, NumGC=747","level":"stat"}
{"@timestamp":"2025-02-16T15:36:13.265+08:00","caller":"load/sheddingstat.go:61","content":"(api) shedding_stat [1m], cpu: 17, total: 0, pass: 0, drop: 0","level":"stat"}
{"@timestamp":"2025-02-16T15:37:12.242+08:00","caller":"stat/usage.go:61","content":"CPU: 17m, MEMORY: Alloc=6.6Mi, TotalAlloc=4047.8Mi, Sys=30.8Mi, NumGC=749","level":"stat"}
{"@timestamp":"2025-02-16T15:37:13.264+08:00","caller":"load/sheddingstat.go:61","content":"(api) shedding_stat [1m], cpu: 17, total: 0, pass: 0, drop: 0","level":"stat"}
{"@timestamp":"2025-02-16T15:38:12.242+08:00","caller":"stat/usage.go:61","content":"CPU: 17m, MEMORY: Alloc=5.6Mi, TotalAlloc=4053.0Mi, Sys=30.8Mi, NumGC=750","level":"stat"}
{"@timestamp":"2025-02-16T15:38:13.264+08:00","caller":"load/sheddingstat.go:61","content":"(api) shedding_stat [1m], cpu: 17, total: 0, pass: 0, drop: 0","level":"stat"}
{"@timestamp":"2025-02-16T15:39:12.241+08:00","caller":"stat/usage.go:61","content":"CPU: 16m, MEMORY: Alloc=6.8Mi, TotalAlloc=4058.9Mi, Sys=30.8Mi, NumGC=751","level":"stat"}
{"@timestamp":"2025-02-16T15:39:13.264+08:00","caller":"load/sheddingstat.go:61","content":"(api) shedding_stat [1m], cpu: 16, total: 0, pass: 0, drop: 0","level":"stat"}
{"@timestamp":"2025-02-16T15:40:12.242+08:00","caller":"stat/usage.go:61","content":"CPU: 17m, MEMORY: Alloc=7.7Mi, TotalAlloc=4064.1Mi, Sys=30.8Mi, NumGC=752","level":"stat"}
{"@timestamp":"2025-02-16T15:40:13.264+08:00","caller":"load/sheddingstat.go:61","content":"(api) shedding_stat [1m], cpu: 17, total: 0, pass: 0, drop: 0","level":"stat"}
{"@timestamp":"2025-02-16T15:41:12.242+08:00","caller":"stat/usage.go:61","content":"CPU: 19m, MEMORY: Alloc=9.3Mi, TotalAlloc=4070.2Mi, Sys=30.8Mi, NumGC=753","level":"stat"}
{"@timestamp":"2025-02-16T15:41:13.264+08:00","caller":"load/sheddingstat.go:61","content":"(api) shedding_stat [1m], cpu: 19, total: 0, pass: 0, drop: 0","level":"stat"}
{"@timestamp":"2025-02-16T15:42:12.242+08:00","caller":"stat/usage.go:61","content":"CPU: 17m, MEMORY: Alloc=6.9Mi, TotalAlloc=4076.2Mi, Sys=30.8Mi, NumGC=754","level":"stat"}
{"@timestamp":"2025-02-16T15:42:13.264+08:00","caller":"load/sheddingstat.go:61","content":"(api) shedding_stat [1m], cpu: 18, total: 0, pass: 0, drop: 0","level":"stat"}
{"@timestamp":"2025-02-16T15:43:12.241+08:00","caller":"stat/usage.go:61","content":"CPU: 17m, MEMORY: Alloc=8.7Mi, TotalAlloc=4083.0Mi, Sys=30.8Mi, NumGC=755","level":"stat"}
{"@timestamp":"2025-02-16T15:43:13.264+08:00","caller":"load/sheddingstat.go:61","content":"(api) shedding_stat [1m], cpu: 18, total: 0, pass: 0, drop: 0","level":"stat"}
{"@timestamp":"2025-02-16T15:44:12.242+08:00","caller":"stat/usage.go:61","content":"CPU: 17m, MEMORY: Alloc=10.4Mi, TotalAlloc=4089.7Mi, Sys=30.8Mi, NumGC=756","level":"stat"}
{"@timestamp":"2025-02-16T15:44:13.264+08:00","caller":"load/sheddingstat.go:61","content":"(api) shedding_stat [1m], cpu: 18, total: 0, pass: 0, drop: 0","level":"stat"}
{"@timestamp":"2025-02-16T15:45:12.241+08:00","caller":"stat/usage.go:61","content":"CPU: 21m, MEMORY: Alloc=9.9Mi, TotalAlloc=4094.0Mi, Sys=30.8Mi, NumGC=757","level":"stat"}
{"@timestamp":"2025-02-16T15:45:13.264+08:00","caller":"load/sheddingstat.go:61","content":"(api) shedding_stat [1m], cpu: 21, total: 0, pass: 0, drop: 0","level":"stat"}
{"@timestamp":"2025-02-16T15:46:12.242+08:00","caller":"stat/usage.go:61","content":"CPU: 17m, MEMORY: Alloc=7.4Mi, TotalAlloc=4098.4Mi, Sys=30.8Mi, NumGC=758","level":"stat"}
{"@timestamp":"2025-02-16T15:46:13.264+08:00","caller":"load/sheddingstat.go:61","content":"(api) shedding_stat [1m], cpu: 16, total: 0, pass: 0, drop: 0","level":"stat"}
{"@timestamp":"2025-02-16T15:47:12.242+08:00","caller":"stat/usage.go:61","content":"CPU: 17m, MEMORY: Alloc=8.4Mi, TotalAlloc=4103.5Mi, Sys=30.8Mi, NumGC=759","level":"stat"}
{"@timestamp":"2025-02-16T15:47:13.264+08:00","caller":"load/sheddingstat.go:61","content":"(api) shedding_stat [1m], cpu: 17, total: 0, pass: 0, drop: 0","level":"stat"}
{"@timestamp":"2025-02-16T15:48:12.243+08:00","caller":"stat/usage.go:61","content":"CPU: 17m, MEMORY: Alloc=9.5Mi, TotalAlloc=4109.5Mi, Sys=30.8Mi, NumGC=760","level":"stat"}
{"@timestamp":"2025-02-16T15:48:13.264+08:00","caller":"load/sheddingstat.go:61","content":"(api) shedding_stat [1m], cpu: 17, total: 0, pass: 0, drop: 0","level":"stat"}
{"@timestamp":"2025-02-16T15:49:12.241+08:00","caller":"stat/usage.go:61","content":"CPU: 17m, MEMORY: Alloc=7.4Mi, TotalAlloc=4114.6Mi, Sys=30.8Mi, NumGC=761","level":"stat"}
{"@timestamp":"2025-02-16T15:49:13.264+08:00","caller":"load/sheddingstat.go:61","content":"(api) shedding_stat [1m], cpu: 17, total: 0, pass: 0, drop: 0","level":"stat"}
{"@timestamp":"2025-02-16T15:50:12.242+08:00","caller":"stat/usage.go:61","content":"CPU: 17m, MEMORY: Alloc=6.7Mi, TotalAlloc=4120.6Mi, Sys=30.8Mi, NumGC=762","level":"stat"}
{"@timestamp":"2025-02-16T15:50:13.265+08:00","caller":"load/sheddingstat.go:61","content":"(api) shedding_stat [1m], cpu: 16, total: 0, pass: 0, drop: 0","level":"stat"}
{"@timestamp":"2025-02-16T15:51:12.241+08:00","caller":"stat/usage.go:61","content":"CPU: 17m, MEMORY: Alloc=6.8Mi, TotalAlloc=4126.6Mi, Sys=30.8Mi, NumGC=763","level":"stat"}
{"@timestamp":"2025-02-16T15:51:13.265+08:00","caller":"load/sheddingstat.go:61","content":"(api) shedding_stat [1m], cpu: 17, total: 0, pass: 0, drop: 0","level":"stat"}
{"@timestamp":"2025-02-16T15:52:12.242+08:00","caller":"stat/usage.go:61","content":"CPU: 17m, MEMORY: Alloc=5.4Mi, TotalAlloc=4131.8Mi, Sys=30.8Mi, NumGC=764","level":"stat"}
{"@timestamp":"2025-02-16T15:52:13.264+08:00","caller":"load/sheddingstat.go:61","content":"(api) shedding_stat [1m], cpu: 17, total: 0, pass: 0, drop: 0","level":"stat"}
{"@timestamp":"2025-02-16T15:53:12.242+08:00","caller":"stat/usage.go:61","content":"CPU: 18m, MEMORY: Alloc=8.5Mi, TotalAlloc=4139.4Mi, Sys=30.8Mi, NumGC=765","level":"stat"}
{"@timestamp":"2025-02-16T15:53:13.264+08:00","caller":"load/sheddingstat.go:61","content":"(api) shedding_stat [1m], cpu: 18, total: 0, pass: 0, drop: 0","level":"stat"}
{"@timestamp":"2025-02-16T15:54:12.242+08:00","caller":"stat/usage.go:61","content":"CPU: 17m, MEMORY: Alloc=8.4Mi, TotalAlloc=4144.5Mi, Sys=30.8Mi, NumGC=766","level":"stat"}
{"@timestamp":"2025-02-16T15:54:13.264+08:00","caller":"load/sheddingstat.go:61","content":"(api) shedding_stat [1m], cpu: 18, total: 0, pass: 0, drop: 0","level":"stat"}
{"@timestamp":"2025-02-16T15:55:12.242+08:00","caller":"stat/usage.go:61","content":"CPU: 17m, MEMORY: Alloc=9.7Mi, TotalAlloc=4151.3Mi, Sys=30.8Mi, NumGC=767","level":"stat"}
{"@timestamp":"2025-02-16T15:55:13.264+08:00","caller":"load/sheddingstat.go:61","content":"(api) shedding_stat [1m], cpu: 17, total: 0, pass: 0, drop: 0","level":"stat"}
{"@timestamp":"2025-02-16T15:56:12.242+08:00","caller":"stat/usage.go:61","content":"CPU: 19m, MEMORY: Alloc=8.8Mi, TotalAlloc=4156.5Mi, Sys=30.8Mi, NumGC=768","level":"stat"}
{"@timestamp":"2025-02-16T15:56:13.264+08:00","caller":"load/sheddingstat.go:61","content":"(api) shedding_stat [1m], cpu: 18, total: 0, pass: 0, drop: 0","level":"stat"}
{"@timestamp":"2025-02-16T15:57:12.243+08:00","caller":"stat/usage.go:61","content":"CPU: 19m, MEMORY: Alloc=9.6Mi, TotalAlloc=4163.3Mi, Sys=30.8Mi, NumGC=769","level":"stat"}
{"@timestamp":"2025-02-16T15:57:13.265+08:00","caller":"load/sheddingstat.go:61","content":"(api) shedding_stat [1m], cpu: 19, total: 0, pass: 0, drop: 0","level":"stat"}
{"@timestamp":"2025-02-16T15:58:12.242+08:00","caller":"stat/usage.go:61","content":"CPU: 21m, MEMORY: Alloc=8.8Mi, TotalAlloc=4169.3Mi, Sys=30.8Mi, NumGC=770","level":"stat"}
{"@timestamp":"2025-02-16T15:58:13.264+08:00","caller":"load/sheddingstat.go:61","content":"(api) shedding_stat [1m], cpu: 20, total: 0, pass: 0, drop: 0","level":"stat"}
{"@timestamp":"2025-02-16T15:59:12.241+08:00","caller":"stat/usage.go:61","content":"CPU: 18m, MEMORY: Alloc=8.0Mi, TotalAlloc=4173.6Mi, Sys=30.8Mi, NumGC=771","level":"stat"}
{"@timestamp":"2025-02-16T15:59:13.264+08:00","caller":"load/sheddingstat.go:61","content":"(api) shedding_stat [1m], cpu: 17, total: 0, pass: 0, drop: 0","level":"stat"}
{"@timestamp":"2025-02-16T16:00:12.242+08:00","caller":"stat/usage.go:61","content":"CPU: 15m, MEMORY: Alloc=9.7Mi, TotalAlloc=4179.6Mi, Sys=30.8Mi, NumGC=772","level":"stat"}
{"@timestamp":"2025-02-16T16:00:13.265+08:00","caller":"load/sheddingstat.go:61","content":"(api) shedding_stat [1m], cpu: 17, total: 0, pass: 0, drop: 0","level":"stat"}
{"@timestamp":"2025-02-16T16:01:12.242+08:00","caller":"stat/usage.go:61","content":"CPU: 16m, MEMORY: Alloc=8.9Mi, TotalAlloc=4185.6Mi, Sys=30.8Mi, NumGC=773","level":"stat"}
{"@timestamp":"2025-02-16T16:01:13.264+08:00","caller":"load/sheddingstat.go:61","content":"(api) shedding_stat [1m], cpu: 18, total: 0, pass: 0, drop: 0","level":"stat"}
{"@timestamp":"2025-02-16T16:02:12.243+08:00","caller":"stat/usage.go:61","content":"CPU: 16m, MEMORY: Alloc=9.0Mi, TotalAlloc=4190.8Mi, Sys=30.8Mi, NumGC=774","level":"stat"}
{"@timestamp":"2025-02-16T16:02:13.264+08:00","caller":"load/sheddingstat.go:61","content":"(api) shedding_stat [1m], cpu: 18, total: 0, pass: 0, drop: 0","level":"stat"}
{"@timestamp":"2025-02-16T16:03:12.242+08:00","caller":"stat/usage.go:61","content":"CPU: 17m, MEMORY: Alloc=9.4Mi, TotalAlloc=4195.9Mi, Sys=30.8Mi, NumGC=775","level":"stat"}
{"@timestamp":"2025-02-16T16:03:13.265+08:00","caller":"load/sheddingstat.go:61","content":"(api) shedding_stat [1m], cpu: 18, total: 0, pass: 0, drop: 0","level":"stat"}
{"@timestamp":"2025-02-16T16:04:12.242+08:00","caller":"stat/usage.go:61","content":"CPU: 17m, MEMORY: Alloc=8.3Mi, TotalAlloc=4201.0Mi, Sys=30.8Mi, NumGC=776","level":"stat"}
{"@timestamp":"2025-02-16T16:04:13.264+08:00","caller":"load/sheddingstat.go:61","content":"(api) shedding_stat [1m], cpu: 17, total: 0, pass: 0, drop: 0","level":"stat"}
{"@timestamp":"2025-02-16T16:05:12.242+08:00","caller":"stat/usage.go:61","content":"CPU: 16m, MEMORY: Alloc=10.9Mi, TotalAlloc=4207.8Mi, Sys=30.8Mi, NumGC=777","level":"stat"}
{"@timestamp":"2025-02-16T16:05:13.264+08:00","caller":"load/sheddingstat.go:61","content":"(api) shedding_stat [1m], cpu: 16, total: 0, pass: 0, drop: 0","level":"stat"}
{"@timestamp":"2025-02-16T16:06:12.242+08:00","caller":"stat/usage.go:61","content":"CPU: 17m, MEMORY: Alloc=12.3Mi, TotalAlloc=4214.6Mi, Sys=30.8Mi, NumGC=778","level":"stat"}
{"@timestamp":"2025-02-16T16:06:13.264+08:00","caller":"load/sheddingstat.go:61","content":"(api) shedding_stat [1m], cpu: 16, total: 0, pass: 0, drop: 0","level":"stat"}
{"@timestamp":"2025-02-16T16:07:12.242+08:00","caller":"stat/usage.go:61","content":"CPU: 16m, MEMORY: Alloc=10.8Mi, TotalAlloc=4220.6Mi, Sys=30.8Mi, NumGC=779","level":"stat"}
{"@timestamp":"2025-02-16T16:07:13.264+08:00","caller":"load/sheddingstat.go:61","content":"(api) shedding_stat [1m], cpu: 16, total: 0, pass: 0, drop: 0","level":"stat"}
{"@timestamp":"2025-02-16T16:08:12.242+08:00","caller":"stat/usage.go:61","content":"CPU: 14m, MEMORY: Alloc=9.5Mi, TotalAlloc=4225.8Mi, Sys=30.8Mi, NumGC=780","level":"stat"}
{"@timestamp":"2025-02-16T16:08:13.265+08:00","caller":"load/sheddingstat.go:61","content":"(api) shedding_stat [1m], cpu: 15, total: 0, pass: 0, drop: 0","level":"stat"}
{"@timestamp":"2025-02-16T16:09:12.242+08:00","caller":"stat/usage.go:61","content":"CPU: 16m, MEMORY: Alloc=10.7Mi, TotalAlloc=4231.8Mi, Sys=30.8Mi, NumGC=781","level":"stat"}
{"@timestamp":"2025-02-16T16:09:13.264+08:00","caller":"load/sheddingstat.go:61","content":"(api) shedding_stat [1m], cpu: 16, total: 0, pass: 0, drop: 0","level":"stat"}
{"@timestamp":"2025-02-16T16:10:12.243+08:00","caller":"stat/usage.go:61","content":"CPU: 16m, MEMORY: Alloc=6.6Mi, TotalAlloc=4238.6Mi, Sys=30.8Mi, NumGC=783","level":"stat"}
{"@timestamp":"2025-02-16T16:10:13.265+08:00","caller":"load/sheddingstat.go:61","content":"(api) shedding_stat [1m], cpu: 16, total: 0, pass: 0, drop: 0","level":"stat"}
{"@timestamp":"2025-02-16T16:11:12.242+08:00","caller":"stat/usage.go:61","content":"CPU: 21m, MEMORY: Alloc=11.7Mi, TotalAlloc=4243.7Mi, Sys=30.8Mi, NumGC=783","level":"stat"}
{"@timestamp":"2025-02-16T16:11:13.265+08:00","caller":"load/sheddingstat.go:61","content":"(api) shedding_stat [1m], cpu: 20, total: 0, pass: 0, drop: 0","level":"stat"}
{"@timestamp":"2025-02-16T16:12:12.242+08:00","caller":"stat/usage.go:61","content":"CPU: 16m, MEMORY: Alloc=11.6Mi, TotalAlloc=4249.7Mi, Sys=30.8Mi, NumGC=784","level":"stat"}
{"@timestamp":"2025-02-16T16:12:13.263+08:00","caller":"load/sheddingstat.go:61","content":"(api) shedding_stat [1m], cpu: 16, total: 0, pass: 0, drop: 0","level":"stat"}
{"@timestamp":"2025-02-16T16:13:12.242+08:00","caller":"stat/usage.go:61","content":"CPU: 14m, MEMORY: Alloc=11.5Mi, TotalAlloc=4255.6Mi, Sys=30.8Mi, NumGC=785","level":"stat"}
{"@timestamp":"2025-02-16T16:13:13.264+08:00","caller":"load/sheddingstat.go:61","content":"(api) shedding_stat [1m], cpu: 13, total: 0, pass: 0, drop: 0","level":"stat"}
{"@timestamp":"2025-02-16T16:14:12.242+08:00","caller":"stat/usage.go:61","content":"CPU: 18m, MEMORY: Alloc=8.8Mi, TotalAlloc=4260.7Mi, Sys=30.8Mi, NumGC=786","level":"stat"}
{"@timestamp":"2025-02-16T16:14:13.264+08:00","caller":"load/sheddingstat.go:61","content":"(api) shedding_stat [1m], cpu: 17, total: 0, pass: 0, drop: 0","level":"stat"}
{"@timestamp":"2025-02-16T16:15:12.242+08:00","caller":"stat/usage.go:61","content":"CPU: 17m, MEMORY: Alloc=7.6Mi, TotalAlloc=4265.9Mi, Sys=30.8Mi, NumGC=787","level":"stat"}
{"@timestamp":"2025-02-16T16:15:13.265+08:00","caller":"load/sheddingstat.go:61","content":"(api) shedding_stat [1m], cpu: 17, total: 0, pass: 0, drop: 0","level":"stat"}
{"@timestamp":"2025-02-16T16:16:12.242+08:00","caller":"stat/usage.go:61","content":"CPU: 18m, MEMORY: Alloc=8.8Mi, TotalAlloc=4271.9Mi, Sys=30.8Mi, NumGC=788","level":"stat"}
{"@timestamp":"2025-02-16T16:16:13.264+08:00","caller":"load/sheddingstat.go:61","content":"(api) shedding_stat [1m], cpu: 18, total: 0, pass: 0, drop: 0","level":"stat"}
{"@timestamp":"2025-02-16T16:17:12.242+08:00","caller":"stat/usage.go:61","content":"CPU: 16m, MEMORY: Alloc=8.5Mi, TotalAlloc=4277.0Mi, Sys=30.8Mi, NumGC=789","level":"stat"}
{"@timestamp":"2025-02-16T16:17:13.264+08:00","caller":"load/sheddingstat.go:61","content":"(api) shedding_stat [1m], cpu: 16, total: 0, pass: 0, drop: 0","level":"stat"}
{"@timestamp":"2025-02-16T16:18:12.242+08:00","caller":"stat/usage.go:61","content":"CPU: 15m, MEMORY: Alloc=7.2Mi, TotalAlloc=4282.2Mi, Sys=30.8Mi, NumGC=790","level":"stat"}
{"@timestamp":"2025-02-16T16:18:13.264+08:00","caller":"load/sheddingstat.go:61","content":"(api) shedding_stat [1m], cpu: 15, total: 0, pass: 0, drop: 0","level":"stat"}
{"@timestamp":"2025-02-16T16:19:12.242+08:00","caller":"stat/usage.go:61","content":"CPU: 17m, MEMORY: Alloc=7.4Mi, TotalAlloc=4287.4Mi, Sys=30.8Mi, NumGC=791","level":"stat"}
{"@timestamp":"2025-02-16T16:19:13.264+08:00","caller":"load/sheddingstat.go:61","content":"(api) shedding_stat [1m], cpu: 17, total: 0, pass: 0, drop: 0","level":"stat"}
{"@timestamp":"2025-02-16T16:20:12.242+08:00","caller":"stat/usage.go:61","content":"CPU: 22m, MEMORY: Alloc=8.2Mi, TotalAlloc=4292.5Mi, Sys=30.8Mi, NumGC=792","level":"stat"}
{"@timestamp":"2025-02-16T16:20:13.265+08:00","caller":"load/sheddingstat.go:61","content":"(api) shedding_stat [1m], cpu: 23, total: 0, pass: 0, drop: 0","level":"stat"}
{"@timestamp":"2025-02-16T16:21:12.242+08:00","caller":"stat/usage.go:61","content":"CPU: 17m, MEMORY: Alloc=6.8Mi, TotalAlloc=4297.6Mi, Sys=30.8Mi, NumGC=793","level":"stat"}
{"@timestamp":"2025-02-16T16:21:13.264+08:00","caller":"load/sheddingstat.go:61","content":"(api) shedding_stat [1m], cpu: 18, total: 0, pass: 0, drop: 0","level":"stat"}
{"@timestamp":"2025-02-16T16:22:12.243+08:00","caller":"stat/usage.go:61","content":"CPU: 17m, MEMORY: Alloc=7.7Mi, TotalAlloc=4303.5Mi, Sys=30.8Mi, NumGC=794","level":"stat"}
{"@timestamp":"2025-02-16T16:22:13.264+08:00","caller":"load/sheddingstat.go:61","content":"(api) shedding_stat [1m], cpu: 18, total: 0, pass: 0, drop: 0","level":"stat"}
{"@timestamp":"2025-02-16T16:23:12.242+08:00","caller":"stat/usage.go:61","content":"CPU: 30m, MEMORY: Alloc=10.1Mi, TotalAlloc=4310.3Mi, Sys=30.8Mi, NumGC=795","level":"stat"}
{"@timestamp":"2025-02-16T16:23:13.264+08:00","caller":"load/sheddingstat.go:61","content":"(api) shedding_stat [1m], cpu: 28, total: 0, pass: 0, drop: 0","level":"stat"}
{"@timestamp":"2025-02-16T16:24:12.242+08:00","caller":"stat/usage.go:61","content":"CPU: 24m, MEMORY: Alloc=8.8Mi, TotalAlloc=4315.5Mi, Sys=30.8Mi, NumGC=796","level":"stat"}
{"@timestamp":"2025-02-16T16:24:13.264+08:00","caller":"load/sheddingstat.go:61","content":"(api) shedding_stat [1m], cpu: 22, total: 0, pass: 0, drop: 0","level":"stat"}
{"@timestamp":"2025-02-16T16:25:12.242+08:00","caller":"stat/usage.go:61","content":"CPU: 19m, MEMORY: Alloc=9.0Mi, TotalAlloc=4320.6Mi, Sys=30.8Mi, NumGC=797","level":"stat"}
{"@timestamp":"2025-02-16T16:25:13.264+08:00","caller":"load/sheddingstat.go:61","content":"(api) shedding_stat [1m], cpu: 19, total: 0, pass: 0, drop: 0","level":"stat"}
{"@timestamp":"2025-02-16T16:26:12.242+08:00","caller":"stat/usage.go:61","content":"CPU: 19m, MEMORY: Alloc=6.2Mi, TotalAlloc=4325.0Mi, Sys=30.8Mi, NumGC=798","level":"stat"}
{"@timestamp":"2025-02-16T16:26:13.265+08:00","caller":"load/sheddingstat.go:61","content":"(api) shedding_stat [1m], cpu: 19, total: 0, pass: 0, drop: 0","level":"stat"}
{"@timestamp":"2025-02-16T16:27:12.242+08:00","caller":"stat/usage.go:61","content":"CPU: 20m, MEMORY: Alloc=5.8Mi, TotalAlloc=4330.9Mi, Sys=30.8Mi, NumGC=799","level":"stat"}
{"@timestamp":"2025-02-16T16:27:13.264+08:00","caller":"load/sheddingstat.go:61","content":"(api) shedding_stat [1m], cpu: 20, total: 0, pass: 0, drop: 0","level":"stat"}
{"@timestamp":"2025-02-16T16:28:12.242+08:00","caller":"stat/usage.go:61","content":"CPU: 20m, MEMORY: Alloc=7.7Mi, TotalAlloc=4336.9Mi, Sys=30.8Mi, NumGC=800","level":"stat"}
{"@timestamp":"2025-02-16T16:28:13.264+08:00","caller":"load/sheddingstat.go:61","content":"(api) shedding_stat [1m], cpu: 20, total: 0, pass: 0, drop: 0","level":"stat"}
{"@timestamp":"2025-02-16T16:29:12.241+08:00","caller":"stat/usage.go:61","content":"CPU: 17m, MEMORY: Alloc=5.6Mi, TotalAlloc=4341.2Mi, Sys=30.8Mi, NumGC=801","level":"stat"}
{"@timestamp":"2025-02-16T16:29:13.264+08:00","caller":"load/sheddingstat.go:61","content":"(api) shedding_stat [1m], cpu: 17, total: 0, pass: 0, drop: 0","level":"stat"}
{"@timestamp":"2025-02-16T16:30:12.242+08:00","caller":"stat/usage.go:61","content":"CPU: 19m, MEMORY: Alloc=7.5Mi, TotalAlloc=4348.0Mi, Sys=30.8Mi, NumGC=802","level":"stat"}
{"@timestamp":"2025-02-16T16:30:13.264+08:00","caller":"load/sheddingstat.go:61","content":"(api) shedding_stat [1m], cpu: 19, total: 0, pass: 0, drop: 0","level":"stat"}
{"@timestamp":"2025-02-16T16:31:12.242+08:00","caller":"stat/usage.go:61","content":"CPU: 23m, MEMORY: Alloc=8.8Mi, TotalAlloc=4354.0Mi, Sys=30.8Mi, NumGC=803","level":"stat"}
{"@timestamp":"2025-02-16T16:31:13.264+08:00","caller":"load/sheddingstat.go:61","content":"(api) shedding_stat [1m], cpu: 22, total: 0, pass: 0, drop: 0","level":"stat"}
{"@timestamp":"2025-02-16T16:32:12.242+08:00","caller":"stat/usage.go:61","content":"CPU: 30m, MEMORY: Alloc=8.3Mi, TotalAlloc=4359.1Mi, Sys=30.8Mi, NumGC=804","level":"stat"}
{"@timestamp":"2025-02-16T16:32:13.264+08:00","caller":"load/sheddingstat.go:61","content":"(api) shedding_stat [1m], cpu: 26, total: 0, pass: 0, drop: 0","level":"stat"}
{"@timestamp":"2025-02-16T16:33:12.243+08:00","caller":"stat/usage.go:61","content":"CPU: 23m, MEMORY: Alloc=7.0Mi, TotalAlloc=4364.3Mi, Sys=30.8Mi, NumGC=805","level":"stat"}
{"@timestamp":"2025-02-16T16:33:13.264+08:00","caller":"load/sheddingstat.go:61","content":"(api) shedding_stat [1m], cpu: 21, total: 0, pass: 0, drop: 0","level":"stat"}
{"@timestamp":"2025-02-16T16:34:12.242+08:00","caller":"stat/usage.go:61","content":"CPU: 19m, MEMORY: Alloc=7.9Mi, TotalAlloc=4370.2Mi, Sys=30.8Mi, NumGC=806","level":"stat"}
{"@timestamp":"2025-02-16T16:34:13.265+08:00","caller":"load/sheddingstat.go:61","content":"(api) shedding_stat [1m], cpu: 20, total: 0, pass: 0, drop: 0","level":"stat"}
{"@timestamp":"2025-02-16T16:35:12.242+08:00","caller":"stat/usage.go:61","content":"CPU: 17m, MEMORY: Alloc=9.6Mi, TotalAlloc=4377.0Mi, Sys=30.8Mi, NumGC=807","level":"stat"}
{"@timestamp":"2025-02-16T16:35:13.264+08:00","caller":"load/sheddingstat.go:61","content":"(api) shedding_stat [1m], cpu: 19, total: 0, pass: 0, drop: 0","level":"stat"}
{"@timestamp":"2025-02-16T16:36:12.242+08:00","caller":"stat/usage.go:61","content":"CPU: 17m, MEMORY: Alloc=10.7Mi, TotalAlloc=4382.2Mi, Sys=30.8Mi, NumGC=808","level":"stat"}
{"@timestamp":"2025-02-16T16:36:13.264+08:00","caller":"load/sheddingstat.go:61","content":"(api) shedding_stat [1m], cpu: 19, total: 0, pass: 0, drop: 0","level":"stat"}
{"@timestamp":"2025-02-16T16:37:12.242+08:00","caller":"stat/usage.go:61","content":"CPU: 17m, MEMORY: Alloc=10.3Mi, TotalAlloc=4389.0Mi, Sys=30.8Mi, NumGC=809","level":"stat"}
{"@timestamp":"2025-02-16T16:37:13.264+08:00","caller":"load/sheddingstat.go:61","content":"(api) shedding_stat [1m], cpu: 19, total: 0, pass: 0, drop: 0","level":"stat"}
